session,date,sid,twix,tag,protocol,ncha,nlin,nrep,n_cal,nfid_twix,size_mb,primary,cls,n_rep,dur_s,dt_s,kmax,snr,n_peaks,period_s,period_cv,r2,T1eff_s,fit_resid,n_fit,jumps_up,jumps_dn,t_max_s,read_s
2023-01-31_000LL,2023-01-31,000LL,meas_MID00210_FID01574_fa_spiral_dyn_fancy_v2_20230131.dat,2023-01-31_000LL__MID00210,fa_spiral_dyn_fancy_v2_20230131,1,20,1376,25,27523,116.6,True,FREE_BREATHING,1351,200.6,0.1475,0.003397239837795496,279.5,34,5.95,0.07,0.1277,16.047,0.6287,90,12,0,187.26,0.6
2023-03-08_017AK,2023-03-08,017AK,meas_MID00216_FID02374_fa_spiral_dyn_fancy_v2_20230131.dat,2023-03-08_017AK__MID00216,fa_spiral_dyn_fancy_v2_20230131,8,20,208,0,4163,132.6,False,HOLD_BAD,208,30.8,0.15,0.0012768523301929235,200.9,1,nan,nan,0.9732,4.586,0.1334,85,5,1,0.0,0.0
2023-03-08_017AK,2023-03-08,017AK,meas_MID00220_FID02378_fa_spiral_dyn_fancy_v2_20230131.dat,2023-03-08_017AK__MID00220,fa_spiral_dyn_fancy_v2_20230131,8,20,1496,1,29934,951.9,True,FREE_BREATHING,1495,222.3,0.15,0.0002596515987534076,23.3,38,4.91,0.08,0.2153,109.11,0.5801,770,134,85,104.62,0.0
2023-03-09_023DB,2023-03-09,023DB,meas_MID00243_FID02401_fa_spiral_dyn_fancy_v2_20230131.dat,2023-03-09_023DB__MID00243,fa_spiral_dyn_fancy_v2_20230131,8,20,140,0,2809,89.7,False,HOLD_BAD,140,20.7,0.15,0.012054499238729477,56.2,1,nan,nan,0.9284,5.88,0.2052,101,4,0,0.15,0.0
2023-03-09_023DB,2023-03-09,023DB,meas_MID00246_FID02404_fa_spiral_dyn_fancy_v2_20230131.dat,2023-03-09_023DB__MID00246,fa_spiral_dyn_fancy_v2_20230131,8,20,1492,1,29843,948.9,True,FREE_BREATHING,1491,221.7,0.15,0.0017093855421990156,27.1,35,5.13,0.15,0.2254,127.336,0.5783,924,155,74,76.5,0.0
2023-03-10_004LR,2023-03-10,004LR,meas_MID00123_FID02515_fa_spiral_dyn_fancy_v2_20230131.dat,2023-03-10_004LR__MID00123,fa_spiral_dyn_fancy_v2_20230131,8,20,145,0,2915,93.1,False,HOLD_BAD,145,21.4,0.15,0.012640023604035378,84.1,1,nan,nan,0.9736,4.209,0.1318,78,1,1,0.0,0.0
2023-03-10_004LR,2023-03-10,004LR,meas_MID00124_FID02516_fa_spiral_dyn_fancy_v2_20230131.dat,2023-03-10_004LR__MID00124,fa_spiral_dyn_fancy_v2_20230131,8,20,1976,1,39526,1256.5,True,FREE_BREATHING,1975,293.8,0.15,0.0019312286749482155,24.3,41,6.62,0.1,0.4491,24.555,0.5941,300,37,26,243.47,0.0
2023-03-24_029CK,2023-03-24,029CK,meas_MID00347_FID02940_fa_spiral_dyn_fancy_v2_20230131.dat,2023-03-24_029CK__MID00347,fa_spiral_dyn_fancy_v2_20230131,8,20,124,0,2499,79.9,False,HOLD_BAD,124,18.3,0.15,0.004308928269892931,64.0,1,nan,nan,0.9767,4.327,0.127,82,1,0,0.15,0.0
2023-03-24_029CK,2023-03-24,029CK,meas_MID00349_FID02942_fa_spiral_dyn_fancy_v2_20230131.dat,2023-03-24_029CK__MID00349,fa_spiral_dyn_fancy_v2_20230131,8,20,2303,1,46077,1464.2,True,FREE_BREATHING,2302,342.4,0.15,0.0013019017642363906,35.2,62,5.06,0.05,0.1791,289.607,0.6107,1923,311,133,54.17,0.0
2023-03-27_02BB,2023-03-27,02BB,meas_MID00428_FID03021_fa_spiral_dyn_fancy_v2_20230131.dat,2023-03-27_02BB__MID00428,fa_spiral_dyn_fancy_v2_20230131,8,20,176,1,3538,113.5,False,FREE_BREATHING,175,25.9,0.15,8.300025365315378e-05,17.4,10,2.53,0.27,0.0281,nan,0.0893,162,10,1,1.79,0.0
2023-03-27_02BB,2023-03-27,02BB,meas_MID00429_FID03022_fa_spiral_dyn_fancy_v2_20230131.dat,2023-03-27_02BB__MID00429,fa_spiral_dyn_fancy_v2_20230131,8,20,1769,1,35395,1125.3,True,AMBIGUOUS,1768,263.0,0.15,0.000682624289765954,42.1,41,4.76,0.84,0.1714,171.098,0.4091,741,113,28,152.69,0.0
2023-03-31_032WS,2023-03-31,032WS,meas_MID00583_FID03176_fa_spiral_dyn_fancy_v2_20230131.dat,2023-03-31_032WS__MID00583,fa_spiral_dyn_fancy_v2_20230131,8,20,162,0,3240,103.4,False,HOLD_BAD,162,24.0,0.15,0.011078632436692715,67.9,1,nan,nan,0.9793,5.124,0.1176,96,6,0,0.15,0.0
2023-03-31_032WS,2023-03-31,032WS,meas_MID00584_FID03177_fa_spiral_dyn_fancy_v2_20230131.dat,2023-03-31_032WS__MID00584,fa_spiral_dyn_fancy_v2_20230131,8,20,3103,1,62068,1972.2,True,FREE_BREATHING,3102,461.5,0.15,0.0005815821932628751,40.8,87,5.06,0.16,0.1317,308.466,0.4649,1300,186,41,268.02,0.0
2023-04-07_030DN,2023-04-07,030DN,meas_MID00067_FID03245_fa_spiral_dyn_fancy_v2_20230131.dat,2023-04-07_030DN__MID00067,fa_spiral_dyn_fancy_v2_20230131,1,20,300,0,6000,25.4,False,HOLD_BAD,300,44.5,0.15,0.011405142955482006,191.9,1,nan,nan,0.9726,6.265,0.1348,116,18,0,0.15,0.0
2023-04-07_030DN,2023-04-07,030DN,meas_MID00071_FID03249_fa_spiral_dyn_fancy_v2_20230131.dat,2023-04-07_030DN__MID00071,fa_spiral_dyn_fancy_v2_20230131,1,20,1704,25,34086,144.7,True,FREE_BREATHING,1679,249.7,0.15,0.001600031740963459,19.1,36,5.95,0.04,0.0895,246.954,0.7159,1287,265,109,43.01,0.0
2023-04-11_000KR,2023-04-11,000KR,meas_MID00156_FID03334_fa_spiral_dyn_fancy_v2_20230131.dat,2023-04-11_000KR__MID00156,fa_spiral_dyn_fancy_v2_20230131,1,20,1559,0,31197,132.2,True,FREE_BREATHING,1559,231.6,0.1475,0.0035536312498152256,347.0,34,5.5,0.07,0.2084,144.219,0.4992,861,116,0,83.97,0.0
2023-04-14_000KR,2023-04-14,000KR,meas_MID00238_FID03416_fa_spiral_dyn_fancy_v2_20230131.dat,2023-04-14_000KR__MID00238,fa_spiral_dyn_fancy_v2_20230131,1,20,1320,0,26415,112.1,True,FREE_BREATHING,1320,196.0,0.1475,0.00284055108204484,270.6,31,5.35,0.07,0.2613,124.056,0.5155,886,111,0,59.6,0.0
2023-04-14_000KR,2023-04-14,000KR,meas_MID00239_FID03417_fa_spiral_dyn_fancy_v2_20230131.dat,2023-04-14_000KR__MID00239,fa_spiral_dyn_fancy_v2_20230131,1,20,207,0,4148,17.7,False,HOLD_GOOD,207,30.6,0.1475,0.004968780092895031,615.5,1,nan,nan,0.9982,8.389,0.0371,172,0,0,0.0,0.0
2023-04-18_021JM,2023-04-18,021JM,meas_MID00265_FID03443_fa_spiral_dyn_fancy_v2_20230131.dat,2023-04-18_021JM__MID00265,fa_spiral_dyn_fancy_v2_20230131,1,20,132,0,2643,11.5,False,HOLD_BAD,132,19.5,0.15,0.012905491515994072,993.4,1,nan,nan,0.9241,7.79,0.1946,123,1,0,0.15,0.0
2023-04-18_021JM,2023-04-18,021JM,meas_MID00272_FID03450_fa_spiral_dyn_fancy_v2_20230131.dat,2023-04-18_021JM__MID00272,fa_spiral_dyn_fancy_v2_20230131,1,20,1282,25,25654,108.9,True,FREE_BREATHING,1257,187.2,0.15,0.003047528676688671,174.0,35,4.92,0.04,0.1345,54.387,0.7563,375,51,29,127.71,0.0
2023-04-26_023DB,2023-04-26,023DB,meas_MID00297_FID03475_fa_spiral_dyn_fancy_v2_20230131.dat,2023-04-26_023DB__MID00297,fa_spiral_dyn_fancy_v2_20230131,1,20,217,0,4346,18.6,False,HOLD_GOOD,217,32.2,0.15,0.03224018216133118,2360.9,1,nan,nan,0.9957,4.852,0.052,89,0,0,0.0,0.0
2023-04-26_023DB,2023-04-26,023DB,meas_MID00305_FID03483_fa_spiral_dyn_fancy_v2_20230131.dat,2023-04-26_023DB__MID00305,fa_spiral_dyn_fancy_v2_20230131,1,20,1436,25,28729,122.3,True,FREE_BREATHING,1411,210.1,0.15,0.004643804859369993,273.3,39,4.47,0.14,0.5265,41.781,0.4913,502,78,0,115.94,0.0
2023-05-02_011BA,2023-05-02,011BA,meas_MID00040_FID03623_fa_spiral_dyn_fancy_v2_20230131.dat,2023-05-02_011BA__MID00040,fa_spiral_dyn_fancy_v2_20230131,1,20,116,0,2333,10.3,False,HOLD_GOOD,116,17.1,0.15,0.013309763744473457,1512.2,1,nan,nan,0.9988,3.505,0.0299,70,0,0,0.0,0.0
2023-05-02_011BA,2023-05-02,011BA,meas_MID00045_FID03628_fa_spiral_dyn_fancy_v2_20230131.dat,2023-05-02_011BA__MID00045,fa_spiral_dyn_fancy_v2_20230131,1,20,1627,25,32541,137.9,True,FREE_BREATHING,1602,238.6,0.15,0.004347900860011578,364.7,41,5.44,0.05,0.2586,52.122,0.6762,455,46,0,156.32,0.0
2023-05-02_012SR,2023-05-02,012SR,meas_MID00121_FID03704_fa_spiral_dyn_fancy_v2_20230131.dat,2023-05-02_012SR__MID00121,fa_spiral_dyn_fancy_v2_20230131,1,20,144,0,2883,12.5,False,HOLD_GOOD,144,21.3,0.15,0.01940133608877659,1301.7,1,nan,nan,0.9906,5.268,0.0756,95,0,0,0.0,0.0
2023-05-02_012SR,2023-05-02,012SR,meas_MID00127_FID03710_fa_spiral_dyn_fancy_v2_20230131.dat,2023-05-02_012SR__MID00127,fa_spiral_dyn_fancy_v2_20230131,1,20,1555,25,31101,131.7,True,FREE_BREATHING,1530,227.9,0.15,0.002736136084422469,209.3,42,4.92,0.07,0.2807,143.377,0.6512,1329,189,1,18.33,0.0
2023-05-04_034LR,2023-05-04,034LR,meas_MID00231_FID03814_fa_spiral_dyn_fancy_v2_20230131.dat,2023-05-04_034LR__MID00231,fa_spiral_dyn_fancy_v2_20230131,1,20,1529,25,30586,129.6,True,FREE_BREATHING,1504,224.0,0.15,0.004482747986912727,326.3,36,5.37,0.04,0.387,104.783,0.5044,975,130,0,71.38,0.0
2023-05-15_000SK,2023-05-15,000SK,meas_MID00103_FID04337_fa_spiral_dyn_fancy_v2_20230131.dat,2023-05-15_000SK__MID00103,fa_spiral_dyn_fancy_v2_20230131,1,20,172,0,3453,14.9,False,HOLD_GOOD,172,25.5,0.15,0.0285885538905859,2297.6,1,nan,nan,0.9986,5.527,0.032,111,0,0,0.0,0.0
2023-05-15_000SK,2023-05-15,000SK,meas_MID00114_FID04348_fa_spiral_dyn_fancy_v2_20230131.dat,2023-05-15_000SK__MID00114,fa_spiral_dyn_fancy_v2_20230131,1,20,1322,25,26457,112.2,True,FREE_BREATHING,1297,193.1,0.15,0.0032459504436701536,182.6,35,5.06,0.03,0.6347,19.371,0.4371,255,27,0,146.19,0.0
2023-05-15_035EK,2023-05-15,035EK,meas_MID00128_FID04362_fa_spiral_dyn_fancy_v2_20230131.dat,2023-05-15_035EK__MID00128,fa_spiral_dyn_fancy_v2_20230131,1,20,132,0,2641,11.5,False,HOLD_GOOD,132,19.5,0.15,0.013206245377659798,1268.1,1,nan,nan,0.9668,4.909,0.1428,88,0,0,0.0,0.0
2023-05-15_035EK,2023-05-15,035EK,meas_MID00133_FID04367_fa_spiral_dyn_fancy_v2_20230131.dat,2023-05-15_035EK__MID00133,fa_spiral_dyn_fancy_v2_20230131,1,20,1437,25,28740,122.0,True,FREE_BREATHING,1412,210.3,0.15,0.004759517963975668,429.4,33,6.33,0.19,0.0018,nan,0.624,1369,181,0,5.07,0.0
2023-05-18_000SV,2023-05-18,000SV,meas_MID00119_FID04499_fa_spiral_dyn_fancy_v2_20230131.dat,2023-05-18_000SV__MID00119,fa_spiral_dyn_fancy_v2_20230131,1,20,1368,25,27371,116.3,True,FREE_BREATHING,1343,200.0,0.15,0.0038075868505984545,390.1,34,4.92,0.07,0.0544,307.273,0.6521,1117,165,0,13.26,0.0
2023-08-24_030DN,2023-08-24,030DN,meas_MID00033_FID00949_fa_spiral_dyn_fancy_v2_20230131.dat,2023-08-24_030DN__MID00033,fa_spiral_dyn_fancy_v2_20230131,1,20,182,0,3648,15.7,False,HOLD_GOOD,182,27.0,0.15,0.04609289392828941,5869.9,1,nan,nan,0.997,4.175,0.0467,82,0,0,0.0,0.0
2023-08-24_030DN,2023-08-24,030DN,meas_MID00043_FID00959_fa_spiral_dyn_fancy_v2_20230131.dat,2023-08-24_030DN__MID00043,fa_spiral_dyn_fancy_v2_20230131,1,20,1342,25,26843,111.3,True,FREE_BREATHING,1317,196.1,0.15,0.004113712348043919,372.8,31,5.51,0.04,0.0837,216.796,0.6533,994,132,0,44.56,0.0
2023-09-25_032WS,2023-09-25,032WS,meas_MID00095_FID02346_fa_spiral_dyn_fancy_v2_20230131.dat,2023-09-25_032WS__MID00095,fa_spiral_dyn_fancy_v2_20230131,1,20,1247,25,24942,103.4,True,FREE_BREATHING,1222,182.0,0.15,0.004729392472654581,350.6,30,5.51,0.2,0.1607,173.498,0.6094,1075,139,0,18.93,0.0
2023-10-10_002BB,2023-10-10,002BB,meas_MID00355_FID02606_fa_spiral_dyn_fancy_v2_20230131.dat,2023-10-10_002BB__MID00355,fa_spiral_dyn_fancy_v2_20230131,1,20,954,25,19099,81.7,True,AMBIGUOUS,929,138.3,0.15,0.0016295615350827575,482.4,23,3.5,0.72,0.6275,33.533,0.4642,466,66,8,64.97,0.0
2023-10-20_001JM,2023-10-20,001JM,meas_MID01637_FID03882_fa_spiral_dyn_fancy_v2_20230131.dat,2023-10-20_001JM__MID01637,fa_spiral_dyn_fancy_v2_20230131,1,20,1796,25,35923,152.0,True,FREE_BREATHING,1771,263.8,0.15,0.0009283167310059071,556.4,28,7.9,0.07,0.5965,35.849,0.4757,482,36,0,188.21,0.0
2023-10-25_002JM,2023-10-25,002JM,meas_MID02657_FID04902_fa_spiral_dyn_fancy_v2_20230131.dat,2023-10-25_002JM__MID02657,fa_spiral_dyn_fancy_v2_20230131,1,20,129,0,2597,11.3,False,HOLD_GOOD,129,19.1,0.15,0.0034193843603134155,1867.5,1,nan,nan,0.9754,6.018,0.1385,122,0,0,0.0,0.0
2023-10-25_002JM,2023-10-25,002JM,meas_MID02659_FID04904_fa_spiral_dyn_fancy_v2_20230131.dat,2023-10-25_002JM__MID02659,fa_spiral_dyn_fancy_v2_20230131,1,20,294,25,5893,26.3,True,HOLD_BAD,269,39.9,0.15,0.0003595661255531013,321.8,2,nan,nan,0.3894,16.799,0.5694,152,4,0,7.15,0.0
2023-10-27_000LL,2023-10-27,000LL,meas_MID02670_FID04915_fa_spiral_dyn_fancy_v2_20230131.dat,2023-10-27_000LL__MID02670,fa_spiral_dyn_fancy_v2_20230131,1,20,557,25,11142,48.0,True,FREE_BREATHING,532,79.1,0.15,0.0008046464063227177,229.0,25,3.28,0.03,0.0,3115.347,0.3326,116,24,0,61.84,0.0
2023-10-31_003KH,2023-10-31,003KH,meas_MID02698_FID04943_fa_spiral_dyn_fancy_v_2_20230131.dat,2023-10-31_003KH__MID02698,fa_spiral_dyn_fancy_v2_20230131,1,20,200,0,4000,17.1,False,HOLD_GOOD,200,29.7,0.15,0.006019139662384987,4006.1,1,nan,nan,0.9989,5.463,0.0282,106,0,0,0.0,0.0
2023-10-31_003KH,2023-10-31,003KH,meas_MID02713_FID04958_fa_spiral_dyn_fancy_v2_20230131.dat,2023-10-31_003KH__MID02713,fa_spiral_dyn_fancy_v2_20230131,1,20,1522,25,30453,129.0,True,FREE_BREATHING,1497,222.9,0.15,0.0009839776903390884,484.6,35,5.66,0.3,0.1073,71.433,0.6855,383,31,0,162.58,0.0
2023-11-02_025VP,2023-11-02,025VP,meas_MID02741_FID04986_fa_spiral_dyn_fancy_v2_20230131.dat,2023-11-02_025VP__MID02741,fa_spiral_dyn_fancy_v2_20230131,1,20,200,25,4010,17.9,False,FREE_BREATHING,175,25.9,0.15,0.0016314011299982667,53.3,9,2.98,0.1,0.1825,9.226,0.2169,22,3,0,22.65,0.0
2023-11-02_025VP,2023-11-02,025VP,meas_MID02743_FID04988_fa_spiral_dyn_fancy_v2_20230131.dat,2023-11-02_025VP__MID02743,fa_spiral_dyn_fancy_v2_20230131,1,20,465,0,9315,40.0,True,FREE_BREATHING,465,69.1,0.15,0.0019153931643813848,126.3,18,3.28,0.41,0.1691,91.981,0.3224,311,58,0,22.8,0.0
2023-11-02_036RL,2023-11-02,036RL,meas_MID02771_FID05016_fa_spiral_dyn_fancy_v2_20230131.dat,2023-11-02_036RL__MID02771,fa_spiral_dyn_fancy_v2_20230131,1,20,104,0,2095,9.3,False,HOLD_BAD,104,15.3,0.15,0.00024777051294222474,52.7,1,nan,nan,0.9272,6.689,0.1857,103,4,0,0.0,0.0
2023-11-02_036RL,2023-11-02,036RL,meas_MID02779_FID05024_fa_spiral_dyn_fancy_v2_20230131.dat,2023-11-02_036RL__MID02779,fa_spiral_dyn_fancy_v2_20230131,1,20,557,25,11149,48.0,True,FREE_BREATHING,532,79.1,0.15,0.004419032484292984,246.7,19,4.02,0.16,0.0855,61.989,0.345,152,26,0,56.48,0.0
2023-11-03_000LL,2023-11-03,000LL,meas_MID02793_FID05038_fa_spiral_dyn_fancy_v3_20230821.dat,2023-11-03_000LL__MID02793,fa_spiral_dyn_fancy_v3_20230821,1,26,43,0,1142,5.3,False,HOLD_LOW_SNR,43,8.1,0.1925,7.861847552703694e-05,13.5,1,nan,nan,0.8087,8.016,0.1387,41,4,1,0.19,0.0
2023-11-03_000LL,2023-11-03,000LL,meas_MID02798_FID05043_fa_spiral_dyn_fancy_v3_20230821.dat,2023-11-03_000LL__MID02798,fa_spiral_dyn_fancy_v3_20230821,1,26,779,0,20268,85.9,True,FREE_BREATHING,779,150.3,0.1925,0.004359151236712933,204.0,36,3.09,0.05,0.5781,35.383,0.4943,364,61,0,69.75,0.0
2023-11-06_002ZS,2023-11-06,002ZS,meas_MID02829_FID05074_fa_spiral_dyn_fancy_v2_20230131.dat,2023-11-06_002ZS__MID02829,fa_spiral_dyn_fancy_v2_20230131,1,20,167,0,3340,14.4,False,HOLD_GOOD,167,24.7,0.15,0.001162517350167036,1034.4,1,nan,nan,0.9978,4.693,0.0404,94,0,0,0.0,0.0
2023-11-06_002ZS,2023-11-06,002ZS,meas_MID02832_FID05077_fa_spiral_dyn_fancy_v2_20230131.dat,2023-11-06_002ZS__MID02832,fa_spiral_dyn_fancy_v2_20230131,1,20,1069,25,21391,90.8,True,FREE_BREATHING,1044,155.4,0.15,0.0007001779158599675,198.5,31,4.32,0.15,0.2481,79.614,0.5004,532,91,0,72.87,0.0
2023-11-13_037GD,2023-11-13,037GD,meas_MID03136_FID05381_fa_spiral_dyn_fancy_v2_20230131.dat,2023-11-13_037GD__MID03136,fa_spiral_dyn_fancy_v2_20230131,1,20,200,0,4000,17.1,False,HOLD_GOOD,200,29.7,0.15,0.0015453301602974534,1255.4,1,nan,nan,0.9871,3.934,0.0962,77,0,0,0.0,0.0
2023-11-13_037GD,2023-11-13,037GD,meas_MID03140_FID05385_fa_spiral_dyn_fancy_v2_20230131.dat,2023-11-13_037GD__MID03140,fa_spiral_dyn_fancy_v2_20230131,1,20,1021,25,20435,87.1,True,FREE_BREATHING,996,148.3,0.15,0.0006677156779915094,174.7,31,4.32,0.05,0.5902,24.043,0.4861,326,44,0,94.03,0.0
2023-11-16_038RL,2023-11-16,038RL,meas_MID03633_FID05875_fa_spiral_dyn_fancy_v2_20230131.dat,2023-11-16_038RL__MID03633,fa_spiral_dyn_fancy_v2_20230131,1,20,200,0,4000,17.1,False,HOLD_BAD,200,29.7,0.15,0.002677643671631813,1889.8,2,nan,nan,0.7202,11.029,0.4108,169,2,0,0.0,0.0
2023-11-16_038RL,2023-11-16,038RL,meas_MID03634_FID05876_fa_spiral_dyn_fancy_v2_20230131.dat,2023-11-16_038RL__MID03634,fa_spiral_dyn_fancy_v2_20230131,1,20,1118,25,22377,95.5,True,FREE_BREATHING,1093,162.7,0.15,0.0006264009862206876,217.9,34,4.02,0.05,0.4689,16.435,0.5571,200,28,0,113.85,0.0
2023-11-17_005DS,2023-11-17,005DS,meas_MID03671_FID05913_fa_spiral_dyn_fancy_v2_20230131.dat,2023-11-17_005DS__MID03671,fa_spiral_dyn_fancy_v2_20230131,1,20,200,25,4006,18.2,False,HOLD_BAD,175,25.9,0.15,4.996691131964326e-05,30.8,2,nan,nan,0.5577,18.544,0.2603,126,17,7,7.16,0.0
2023-11-17_005DS,2023-11-17,005DS,meas_MID03672_FID05914_fa_spiral_dyn_fancy_v2_20230131.dat,2023-11-17_005DS__MID03672,fa_spiral_dyn_fancy_v2_20230131,1,20,864,25,17284,73.6,True,FREE_BREATHING,839,124.9,0.15,0.00137547985650599,216.0,27,4.17,0.15,0.2207,79.111,0.5396,528,81,0,45.75,0.0
2023-11-21_039CP,2023-11-21,039CP,meas_MID00040_FID06045_fa_spiral_dyn_fancy_v2_20230131.dat,2023-11-21_039CP__MID00040,fa_spiral_dyn_fancy_v2_20230131,1,20,151,0,3021,13.1,False,HOLD_GOOD,151,22.4,0.15,0.0053643048740923405,1697.5,1,nan,nan,0.9967,4.75,0.0502,96,0,0,0.0,0.0
2023-11-21_039CP,2023-11-21,039CP,meas_MID00041_FID06046_fa_spiral_dyn_fancy_v2_20230131.dat,2023-11-21_039CP__MID00041,fa_spiral_dyn_fancy_v2_20230131,1,20,1232,25,24649,104.7,True,FREE_BREATHING,1207,179.7,0.15,0.0011822216911241412,347.3,35,4.69,0.15,0.0791,263.585,0.5084,913,167,0,32.04,0.0
2023-12-06_003PM,2023-12-06,003PM,meas_MID00032_FID06216_fa_spiral_dyn_fancy_v2_20230131.dat,2023-12-06_003PM__MID00032,fa_spiral_dyn_fancy_v2_20230131,1,20,4,0,91,1.2,False,TOO_SHORT,4,,,,,,,,,,,,,,,0.0
2023-12-06_003PM,2023-12-06,003PM,meas_MID00034_FID06218_fa_spiral_dyn_fancy_v2_20230131.dat,2023-12-06_003PM__MID00034,fa_spiral_dyn_fancy_v2_20230131,1,20,964,25,19295,82.3,True,FREE_BREATHING,939,139.8,0.15,0.0050633749924600124,295.2,25,4.92,0.19,0.2121,91.035,0.5364,589,94,0,47.54,0.0
2023-12-11_040RP,2023-12-11,040RP,meas_MID00172_FID06356_fa_spiral_dyn_fancy_v2_20230131.dat,2023-12-11_040RP__MID00172,fa_spiral_dyn_fancy_v2_20230131,1,20,118,0,2367,10.4,False,HOLD_GOOD,118,17.4,0.15,0.0024553113617002964,1505.8,1,nan,nan,0.9927,4.927,0.0744,99,0,0,0.0,0.0
2023-12-11_040RP,2023-12-11,040RP,meas_MID00173_FID06357_fa_spiral_dyn_fancy_v2_20230131.dat,2023-12-11_040RP__MID00173,fa_spiral_dyn_fancy_v2_20230131,1,20,1250,25,25006,107.2,True,FREE_BREATHING,1225,182.4,0.15,0.000790532969404012,296.2,29,6.04,0.1,0.053,277.473,0.6525,996,135,0,29.06,0.0
2023-12-15_003KH,2023-12-15,003KH,meas_MID00344_FID06537_fa_spiral_dyn_fancy_v2_20230131.dat,2023-12-15_003KH__MID00344,fa_spiral_dyn_fancy_v2_20230131,1,20,189,0,3789,16.2,False,HOLD_BAD,189,28.0,0.15,0.00546027347445488,2914.8,1,nan,nan,0.7295,10.5,0.4167,167,0,0,0.0,0.0
2023-12-15_003KH,2023-12-15,003KH,meas_MID00345_FID06538_fa_spiral_dyn_fancy_v2_20230131.dat,2023-12-15_003KH__MID00345,fa_spiral_dyn_fancy_v2_20230131,1,20,1101,25,22034,93.9,True,AMBIGUOUS,1076,160.2,0.15,0.000873392098583281,300.0,29,4.25,0.66,0.3788,46.137,0.5353,448,45,0,86.58,0.0
2023-12-19_041WF,2023-12-19,041WF,meas_MID00457_FID06650_fa_spiral_dyn_fancy_v2_20230131.dat,2023-12-19_041WF__MID00457,fa_spiral_dyn_fancy_v2_20230131,1,20,75,0,1508,6.9,False,HOLD_BAD,75,11.2,0.1525,0.0001861710916273296,228.5,2,nan,nan,0.2204,14.949,0.4077,74,3,1,0.0,0.0
2023-12-19_041WF,2023-12-19,041WF,meas_MID00458_FID06651_fa_spiral_dyn_fancy_v2_20230131.dat,2023-12-19_041WF__MID00458,fa_spiral_dyn_fancy_v2_20230131,1,20,712,30,14259,61.3,True,FREE_BREATHING,682,103.3,0.1525,0.0006766702281311154,200.4,30,3.03,0.09,0.0723,199.043,0.4875,618,146,0,1.21,0.0
2024-01-16_004DS,2024-01-16,004DS,meas_MID00056_FID06796_fa_spiral_dyn_fancy_v2_20230131.dat,2024-01-16_004DS__MID00056,fa_spiral_dyn_fancy_v2_20230131,1,20,95,30,1913,9.4,False,FREE_BREATHING,65,9.7,0.1525,6.329044936137507e-06,9.8,6,1.82,0.18,0.0079,108.434,0.1718,38,10,4,3.95,0.0
2024-01-16_004DS,2024-01-16,004DS,meas_MID00057_FID06797_fa_spiral_dyn_fancy_v2_20230131.dat,2024-01-16_004DS__MID00057,fa_spiral_dyn_fancy_v2_20230131,1,20,277,30,5541,24.2,True,FREE_BREATHING,247,37.3,0.1525,0.0007389018428511918,234.6,10,1.97,0.54,0.782,14.307,0.3201,198,31,0,0.0,0.0
2024-01-17_042DR,2024-01-17,042DR,meas_MID00171_FID06911_fa_spiral_dyn_fancy_v3_20230821.dat,2024-01-17_042DR__MID00171,fa_spiral_dyn_fancy_v3_20230821,8,26,793,0,20630,656.6,True,FREE_BREATHING,793,153.0,0.1925,0.0009861388243734837,87.4,40,3.09,0.05,0.7666,13.48,0.4977,218,28,0,110.7,0.0
2024-01-18_001JM,2024-01-18,001JM,meas_MID00206_FID06946_fa_spiral_dyn_fancy_v3_20240130.dat,2024-01-18_001JM__MID00206,fa_spiral_dyn_fancy_v3_20230821,8,26,97,0,2537,81.1,False,HOLD_GOOD,97,18.5,0.1925,0.002624962944537401,1844.5,1,nan,nan,0.9998,4.259,0.0114,66,0,0,0.0,0.0
2024-01-18_001JM,2024-01-18,001JM,meas_MID00218_FID06958_fa_spiral_dyn_fancy_v3_20240130.dat,2024-01-18_001JM__MID00218,fa_spiral_dyn_fancy_v3_20230821,8,26,1000,0,26000,827.0,True,FREE_BREATHING,1000,193.0,0.1925,0.004170062020421028,311.2,32,5.8,0.07,0.0001,2543.341,0.7176,400,68,2,115.73,0.0
2024-01-22_007RA,2024-01-22,007RA,meas_MID00269_FID07009_fa_spiral_dyn_fancy_v3_20240130.dat,2024-01-22_007RA__MID00269,fa_spiral_dyn_fancy_v3_20230821,8,26,1000,0,26000,824.3,True,FREE_BREATHING,1000,193.0,0.1925,0.0004015114391222596,254.8,21,7.92,0.3,0.0078,140.298,0.8111,175,20,0,157.84,0.0
2024-01-31_008CR,2024-01-31,008CR,meas_MID00157_FID07309_fa_spiral_dyn_fancy_v3_20230821.dat,2024-01-31_008CR__MID00157,fa_spiral_dyn_fancy_v3_20230821,8,26,100,0,2600,83.0,False,HOLD_BAD,100,19.1,0.1925,0.0018905260367318988,1280.7,1,nan,nan,0.9003,4.732,0.2769,69,0,0,0.0,0.0
2024-01-31_008CR,2024-01-31,008CR,meas_MID00177_FID07329_fa_spiral_dyn_fancy_v3_20230821.dat,2024-01-31_008CR__MID00177,fa_spiral_dyn_fancy_v3_20230821,8,26,88,0,2309,73.9,False,FREE_BREATHING,88,16.8,0.1925,1.1490499673527665e-05,18.0,8,1.93,0.35,nan,nan,nan,2,0,0,16.42,0.0
2024-01-31_008CR,2024-01-31,008CR,meas_MID00186_FID07338_fa_spiral_dyn_fancy_v3_20230821.dat,2024-01-31_008CR__MID00186,fa_spiral_dyn_fancy_v3_20230821,2,26,22,0,590,5.4,False,HOLD_BAD,22,4.1,0.1925,0.09918176382780075,1191.9,1,nan,nan,0.2123,10.888,0.207,21,0,1,0.0,0.0
2024-01-31_008CR,2024-01-31,008CR,meas_MID00188_FID07340_fa_spiral_dyn_fancy_v3_20230821.dat,2024-01-31_008CR__MID00188,fa_spiral_dyn_fancy_v3_20230821,8,26,22,0,578,19.0,False,HOLD_LOW_SNR,22,4.1,0.1925,1.0962869055219926e-05,16.5,2,nan,nan,0.0623,20.222,0.0634,6,0,0,2.9,0.0
2024-01-31_008CR,2024-01-31,008CR,meas_MID00189_FID07341_fa_spiral_dyn_fancy_v3_20230821.dat,2024-01-31_008CR__MID00189,fa_spiral_dyn_fancy_v3_20230821,8,26,60,0,1580,50.8,False,FREE_BREATHING,60,11.4,0.1925,1.11708732219995e-05,16.6,6,1.74,0.45,0.029,269.563,0.0683,57,2,0,0.39,0.0
2024-01-31_008CR,2024-01-31,008CR,meas_MID00194_FID07346_fa_spiral_dyn_fancy_v3_20230821.dat,2024-01-31_008CR__MID00194,fa_spiral_dyn_fancy_v3_20230821,8,26,303,0,7899,252.0,False,FREE_BREATHING,303,58.3,0.1925,0.0005604173056781292,225.2,11,4.06,0.07,0.9779,1.56,0.0696,13,0,1,55.84,0.0
2024-01-31_008CR,2024-01-31,008CR,meas_MID00199_FID07351_fa_spiral_dyn_fancy_v3_20240130.dat,2024-01-31_008CR__MID00199,fa_spiral_dyn_fancy_v3_20230821,8,26,506,0,13162,419.2,True,FREE_BREATHING,506,97.6,0.1925,0.0005325623205862939,232.5,17,4.44,0.07,0.6479,7.156,0.4539,79,11,4,79.41,0.0
2024-02-02_000LL,2024-02-02,000LL,meas_MID00140_FID07573_fa_spiral_dyn_fancy_v3_20240130.dat,2024-02-02_000LL__MID00140,fa_spiral_dyn_fancy_v3_20240130,8,26,505,30,13134,419.0,True,FREE_BREATHING,475,107.6,0.2275,0.00047940408694557846,20.4,35,2.72,0.05,0.8005,13.753,0.2615,110,18,7,82.6,0.0
2024-02-02_005DS,2024-02-02,005DS,meas_MID00035_FID07614_fa_spiral_dyn_fancy_v3_20240130.dat,2024-02-02_005DS__MID00035,fa_spiral_dyn_fancy_v3_20240130,8,26,104,0,2721,86.9,False,HOLD_GOOD,104,23.3,0.225,0.005430999677628279,1955.3,1,nan,nan,0.9801,4.123,0.1238,55,0,0,0.0,0.0
2024-02-02_005DS,2024-02-02,005DS,meas_MID00058_FID07637_fa_spiral_dyn_fancy_v3_20240130.dat,2024-02-02_005DS__MID00058,fa_spiral_dyn_fancy_v3_20240130,8,26,656,30,17067,543.7,True,FREE_BREATHING,626,141.1,0.225,0.004876626655459404,176.8,26,3.84,0.5,0.0765,220.932,0.5955,581,114,19,2.03,0.0
2024-02-19_037GD,2024-02-19,037GD,meas_MID00213_FID07905_fa_spiral_dyn_fancy_v3_20240130.dat,2024-02-19_037GD__MID00213,fa_spiral_dyn_fancy_v3_20240130,1,26,145,0,3795,16.3,False,HOLD_GOOD,145,32.5,0.225,0.0035217818804085255,2057.0,1,nan,nan,0.9943,6.377,0.0596,77,0,0,0.0,0.0
2024-02-19_037GD,2024-02-19,037GD,meas_MID00219_FID07911_fa_spiral_dyn_fancy_v3_20240130.dat,2024-02-19_037GD__MID00219,fa_spiral_dyn_fancy_v3_20240130,1,26,940,30,24450,104.5,True,FREE_BREATHING,910,205.3,0.225,0.0008087283349595964,170.1,32,6.1,0.06,0.122,118.659,0.6308,428,61,0,106.36,0.0
2024-02-21_043AS,2024-02-21,043AS,meas_MID00120_FID08047_fa_spiral_dyn_fancy_v3_20240130.dat,2024-02-21_043AS__MID00120,fa_spiral_dyn_fancy_v3_20240130,1,26,126,0,3291,14.2,False,HOLD_GOOD,126,28.2,0.225,0.004771999083459377,2910.6,1,nan,nan,0.9972,4.857,0.0463,65,0,0,0.0,0.0
2024-02-21_043AS,2024-02-21,043AS,meas_MID00121_FID08048_fa_spiral_dyn_fancy_v3_20240130.dat,2024-02-21_043AS__MID00121,fa_spiral_dyn_fancy_v3_20240130,1,26,1098,30,28549,121.6,True,FREE_BREATHING,1068,241.0,0.225,0.0009848960908129811,370.8,29,7.9,0.12,0.0296,450.62,0.7347,887,98,0,35.23,0.0
2024-02-26_029CK,2024-02-26,029CK,meas_MID00254_FID08181_fa_spiral_dyn_fancy_v3_20240130.dat,2024-02-26_029CK__MID00254,fa_spiral_dyn_fancy_v3_20240130,1,26,84,0,2184,9.6,False,HOLD_BAD,84,18.7,0.225,0.008267446421086788,719.0,2,nan,nan,0.9,5.846,0.2341,63,4,0,0.0,0.0
2024-02-26_029CK,2024-02-26,029CK,meas_MID00268_FID08195_fa_spiral_dyn_fancy_v3_20240130.dat,2024-02-26_029CK__MID00268,fa_spiral_dyn_fancy_v3_20240130,1,26,593,30,15437,66.5,True,FREE_BREATHING,563,126.9,0.225,0.001039406517520547,112.7,32,3.61,0.19,0.123,148.728,0.6121,522,136,141,2.94,0.0
2024-02-27_009JT,2024-02-27,009JT,meas_MID00333_FID08260_fa_spiral_dyn_fancy_v3_20240130.dat,2024-02-27_009JT__MID00333,fa_spiral_dyn_fancy_v3_20240130,1,26,191,0,4974,21.1,False,FREE_BREATHING,191,42.9,0.225,5.8346372497908305e-06,8.8,12,2.94,0.42,0.0379,147.473,0.1604,72,14,3,26.65,0.0
2024-02-27_009JT,2024-02-27,009JT,meas_MID00336_FID08263_fa_spiral_dyn_fancy_v3_20240130.dat,2024-02-27_009JT__MID00336,fa_spiral_dyn_fancy_v3_20240130,1,26,805,30,20935,90.0,True,FREE_BREATHING,775,174.8,0.225,0.001078543602488935,241.3,29,4.97,0.23,0.3511,45.41,0.5328,273,40,0,101.17,0.0
2024-03-06_030DN,2024-03-06,030DN,meas_MID00515_FID08439_fa_spiral_dyn_fancy_v3_20240130.dat,2024-03-06_030DN__MID00515,fa_spiral_dyn_fancy_v3_20240130,1,26,143,0,3738,16.0,False,HOLD_GOOD,143,32.1,0.225,0.00212284573353827,2053.4,1,nan,nan,0.9906,5.739,0.0831,75,0,0,0.0,0.0
2024-03-06_030DN,2024-03-06,030DN,meas_MID00543_FID08467_fa_spiral_dyn_fancy_v3_20240130.dat,2024-03-06_030DN__MID00543,fa_spiral_dyn_fancy_v3_20240130,1,26,620,30,16135,69.2,True,FREE_BREATHING,590,133.0,0.225,0.0006334734498523176,266.9,16,7.68,0.11,0.0435,149.762,0.8051,394,45,4,39.75,0.0
2024-03-06_030DN,2024-03-06,030DN,meas_MID00544_FID08468_fa_spiral_dyn_fancy_v3_20240130.dat,2024-03-06_030DN__MID00544,,,,,,,,,ERR IndexError: index -1 is out of bounds for axis 0 with size 0,,,,,,,,,,,,,,,,
2024-03-06_030DN,2024-03-06,030DN,meas_MID00545_FID08469_fa_spiral_dyn_fancy_v3_20240130.dat,2024-03-06_030DN__MID00545,fa_spiral_dyn_fancy_v3_20240130,1,26,480,30,12484,52.1,False,FREE_BREATHING,450,101.4,0.225,0.0005390183650888503,397.7,9,8.58,0.06,0.3096,20.594,0.7752,164,13,0,59.84,0.0
2024-03-11_039CP,2024-03-11,039CP,meas_MID00085_FID08581_fa_spiral_dyn_fancy_v3_20240130.dat,2024-03-11_039CP__MID00085,fa_spiral_dyn_fancy_v3_20240130,1,26,131,0,3429,14.8,False,HOLD_GOOD,131,29.4,0.225,0.0027845425065606833,1449.1,1,nan,nan,0.9979,6.053,0.0389,78,0,0,0.0,0.0
2024-03-11_039CP,2024-03-11,039CP,meas_MID00086_FID08582_fa_spiral_dyn_fancy_v3_20240130.dat,2024-03-11_039CP__MID00086,fa_spiral_dyn_fancy_v3_20240130,1,26,627,30,16310,70.3,True,FREE_BREATHING,597,134.6,0.225,0.0008280189940705895,175.8,30,4.06,0.12,0.2619,140.79,0.4159,535,127,0,6.55,0.0
2024-03-12_006KL,2024-03-12,006KL,meas_MID00154_FID08650_fa_spiral_dyn_fancy_v3_20240130.dat,2024-03-12_006KL__MID00154,fa_spiral_dyn_fancy_v3_20240130,1,26,55,0,1431,6.5,False,HOLD_GOOD,55,12.2,0.225,0.001258533331565559,803.5,1,nan,nan,0.9912,6.875,0.0481,54,0,0,0.0,0.0
2024-03-12_006KL,2024-03-12,006KL,meas_MID00175_FID08671_fa_spiral_dyn_fancy_v3_20240130.dat,2024-03-12_006KL__MID00175,fa_spiral_dyn_fancy_v3_20240130,1,26,506,30,13175,56.8,True,FREE_BREATHING,476,107.3,0.225,0.0009293517796322703,119.2,30,3.39,0.17,0.1669,159.619,0.4206,461,105,8,3.16,0.0
2024-03-12_044DY,2024-03-12,044DY,meas_MID00123_FID08619_fa_spiral_dyn_fancy_v3_20240130.dat,2024-03-12_044DY__MID00123,fa_spiral_dyn_fancy_v3_20240130,1,26,487,30,12666,54.7,True,FREE_BREATHING,457,103.0,0.225,0.0009339045500382781,104.4,25,3.16,0.29,0.3763,89.977,0.4113,441,70,0,0.68,0.0
2024-03-14_038RL,2024-03-14,038RL,meas_MID00225_FID08721_fa_spiral_dyn_fancy_v3_20240130.dat,2024-03-14_038RL__MID00225,fa_spiral_dyn_fancy_v3_20240130,1,26,109,0,2834,12.3,False,HOLD_BAD,109,24.4,0.225,0.0005601578741334379,603.4,1,nan,nan,0.5268,9.256,0.5756,64,0,0,0.0,0.0
2024-03-14_038RL,2024-03-14,038RL,meas_MID00232_FID08728_fa_spiral_dyn_fancy_v3_20240130.dat,2024-03-14_038RL__MID00232,fa_spiral_dyn_fancy_v3_20240130,1,26,705,30,18341,80.1,True,FREE_BREATHING,675,152.2,0.225,0.0007700574933551252,161.5,27,4.74,0.23,0.1342,50.97,0.6626,204,36,13,89.66,0.0
2024-03-21_032WS,2024-03-21,032WS,meas_MID00408_FID08904_fa_spiral_dyn_fancy_v3_20240130.dat,2024-03-21_032WS__MID00408,fa_spiral_dyn_fancy_v3_20240130,1,26,120,0,3128,13.5,False,HOLD_GOOD,120,26.9,0.225,0.0005840910016559064,722.8,1,nan,nan,0.999,4.786,0.027,63,0,0,0.0,0.0
2024-03-21_032WS,2024-03-21,032WS,meas_MID00438_FID08934_fa_spiral_dyn_fancy_v3_20240130.dat,2024-03-21_032WS__MID00438,fa_spiral_dyn_fancy_v3_20240130,1,26,861,30,22405,95.7,True,FREE_BREATHING,831,187.4,0.225,0.001051942235790193,223.0,28,5.65,0.08,0.0365,358.922,0.5916,634,115,0,25.75,0.0
2024-03-21_036RL,2024-03-21,036RL,meas_MID00364_FID08860_fa_spiral_dyn_fancy_v3_20240130.dat,2024-03-21_036RL__MID00364,fa_spiral_dyn_fancy_v3_20240130,1,26,139,0,3620,15.6,False,HOLD_GOOD,139,31.2,0.225,0.004673316143453121,2873.4,1,nan,nan,0.9985,5.187,0.0339,69,0,0,0.0,0.0
2024-03-21_036RL,2024-03-21,036RL,meas_MID00384_FID08880_fa_spiral_dyn_fancy_v3_20240130.dat,2024-03-21_036RL__MID00384,fa_spiral_dyn_fancy_v3_20240130,1,26,710,30,18472,79.1,True,FREE_BREATHING,680,153.3,0.225,0.0010883164359256625,243.7,27,4.74,0.09,0.3768,28.67,0.5643,193,32,0,94.85,0.0
2024-03-28_010AJ,2024-03-28,010AJ,meas_MID00033_FID08984_fa_spiral_dyn_fancy_v3_20240130.dat,2024-03-28_010AJ__MID00033,fa_spiral_dyn_fancy_v3_20240130,1,26,124,0,3228,13.9,False,HOLD_GOOD,124,27.8,0.225,0.002512808656319976,1408.9,1,nan,nan,0.9969,5.132,0.0487,69,0,0,0.0,0.0
2024-03-28_010AJ,2024-03-28,010AJ,meas_MID00062_FID09013_fa_spiral_dyn_fancy_v3_20240130.dat,2024-03-28_010AJ__MID00062,fa_spiral_dyn_fancy_v3_20240130,1,26,449,30,11683,50.4,True,FREE_BREATHING,419,94.4,0.225,0.0011304673971608281,103.9,28,2.48,0.07,0.4009,51.749,0.4096,266,60,2,23.94,0.0
2024-04-01_008CR,2024-04-01,008CR,meas_MID00132_FID09083_fa_spiral_dyn_fancy_v3_20240130.dat,2024-04-01_008CR__MID00132,fa_spiral_dyn_fancy_v3_20240130,1,26,123,0,3205,13.9,False,HOLD_GOOD,123,27.6,0.225,0.007297803647816181,4592.0,1,nan,nan,0.9989,5.565,0.0291,75,0,0,0.0,0.0
2024-04-01_008CR,2024-04-01,008CR,meas_MID00134_FID09085_fa_spiral_dyn_fancy_v3_20240130.dat,2024-04-01_008CR__MID00134,fa_spiral_dyn_fancy_v3_20240130,1,26,776,30,20190,86.3,True,FREE_BREATHING,746,168.2,0.225,0.001290628220885992,279.4,29,4.97,0.1,0.1621,96.573,0.551,359,60,2,74.97,0.0
2024-04-03_040RP,2024-04-03,040RP,meas_MID00192_FID09143_fa_spiral_dyn_fancy_v3_20240130.dat,2024-04-03_040RP__MID00192,fa_spiral_dyn_fancy_v3_20240130,1,26,101,0,2632,11.5,False,HOLD_GOOD,101,22.6,0.225,0.005518289282917976,2637.4,1,nan,nan,0.997,4.753,0.047,63,0,0,0.0,0.0
2024-04-03_040RP,2024-04-03,040RP,meas_MID00197_FID09148_fa_spiral_dyn_fancy_v3_20240130.dat,2024-04-03_040RP__MID00197,fa_spiral_dyn_fancy_v3_20240130,1,26,367,30,9558,41.5,True,FREE_BREATHING,337,75.9,0.225,0.0009600985213182867,96.8,24,2.03,0.49,0.436,39.929,0.3899,210,43,19,16.94,0.0
2024-04-09_019WR,2024-04-09,019WR,meas_MID00320_FID09266_fa_spiral_dyn_fancy_v3_20240130.dat,2024-04-09_019WR__MID00320,fa_spiral_dyn_fancy_v3_20240130,1,26,174,0,4549,19.4,False,HOLD_GOOD,174,39.1,0.225,0.0025866020005196333,2027.7,1,nan,nan,0.9944,5.968,0.0641,78,0,0,0.0,0.0
2024-04-09_019WR,2024-04-09,019WR,meas_MID00321_FID09267_fa_spiral_dyn_fancy_v3_20240130.dat,2024-04-09_019WR__MID00321,fa_spiral_dyn_fancy_v3_20240130,1,26,593,30,15423,68.1,True,FREE_BREATHING,563,126.9,0.225,0.0008044947753660381,174.6,26,3.84,0.14,0.7525,13.409,0.3373,121,16,0,83.56,0.0
2024-04-22_025VP,2024-04-22,025VP,meas_MID00070_FID09448_fa_spiral_dyn_fancy_v3_20240130.dat,2024-04-22_025VP__MID00070,fa_spiral_dyn_fancy_v3_20240130,1,26,93,0,2440,10.7,False,HOLD_GOOD,93,20.8,0.225,0.00045720982598140836,507.5,1,nan,nan,0.996,4.999,0.0552,67,0,0,0.0,0.0
2024-04-22_025VP,2024-04-22,025VP,meas_MID00090_FID09468_fa_spiral_dyn_fancy_v3_20240130.dat,2024-04-22_025VP__MID00090,fa_spiral_dyn_fancy_v3_20240130,1,26,603,30,15682,67.5,True,FREE_BREATHING,573,129.2,0.225,0.0008739085169509053,235.1,26,2.94,0.21,0.4351,64.516,0.4135,359,71,0,19.87,0.0
2024-04-25_042DR,2024-04-25,042DR,meas_MID00157_FID09535_fa_spiral_dyn_fancy_v3_20240130.dat,2024-04-25_042DR__MID00157,fa_spiral_dyn_fancy_v3_20240130,1,26,88,0,2307,10.2,False,HOLD_GOOD,88,19.6,0.225,0.006826520897448063,1048.9,1,nan,nan,0.9869,5.003,0.0945,63,0,0,0.0,0.0
2024-04-25_042DR,2024-04-25,042DR,meas_MID00181_FID09559_fa_spiral_dyn_fancy_v3_20240130.dat,2024-04-25_042DR__MID00181,fa_spiral_dyn_fancy_v3_20240130,1,26,570,30,14839,63.8,True,FREE_BREATHING,540,121.7,0.225,0.0005446273135021329,187.6,24,4.29,0.05,0.8398,10.165,0.3194,114,9,0,92.36,0.0
2024-04-29_011CN,2024-04-29,011CN,meas_MID00219_FID09597_fa_spiral_dyn_fancy_v3_20240130.dat,2024-04-29_011CN__MID00219,fa_spiral_dyn_fancy_v3_20240130,1,26,159,0,4136,17.7,True,HOLD_GOOD,159,35.7,0.225,0.0069316173903644085,4400.8,1,nan,nan,0.9979,5.909,0.0406,81,0,0,0.0,0.0
2024-05-02_023DB,2024-05-02,023DB,meas_MID00311_FID09689_fa_spiral_dyn_fancy_v3_20240130.dat,2024-05-02_023DB__MID00311,fa_spiral_dyn_fancy_v3_20240130,1,26,86,0,2256,9.9,False,FREE_BREATHING,86,19.2,0.225,5.173793397261761e-06,8.2,8,2.48,0.46,0.0,nan,0.1449,68,12,2,3.84,0.0
2024-05-02_023DB,2024-05-02,023DB,meas_MID00330_FID09708_fa_spiral_dyn_fancy_v3_20240130.dat,2024-05-02_023DB__MID00330,fa_spiral_dyn_fancy_v3_20240130,1,26,640,30,16658,71.5,True,FREE_BREATHING,610,137.5,0.225,0.001078368746675551,203.7,26,4.52,0.26,0.2511,85.365,0.5143,390,76,0,41.78,0.0
2024-05-06_043AS,2024-05-06,043AS,meas_MID00369_FID09747_fa_spiral_dyn_fancy_v3_20240130.dat,2024-05-06_043AS__MID00369,fa_spiral_dyn_fancy_v3_20240130,1,26,100,0,2602,11.4,False,HOLD_GOOD,100,22.4,0.225,0.0019852849654853344,1513.9,1,nan,nan,0.9991,4.629,0.0256,62,0,0,0.0,0.0
2024-05-06_043AS,2024-05-06,043AS,meas_MID00383_FID09761_fa_spiral_dyn_fancy_v3_20240130.dat,2024-05-06_043AS__MID00383,fa_spiral_dyn_fancy_v3_20240130,1,26,1103,30,28683,122.4,True,FREE_BREATHING,1073,242.1,0.225,0.004937862511724234,333.1,32,6.77,0.26,0.0962,205.221,0.7392,742,97,0,65.72,0.0
2024-05-08_012EB,2024-05-08,012EB,meas_MID00480_FID00049_fa_spiral_dyn_fancy_v3_20240130.dat,2024-05-08_012EB__MID00480,fa_spiral_dyn_fancy_v3_20240130,1,26,733,30,19058,81.5,True,FREE_BREATHING,703,158.5,0.225,0.000675811490509659,128.2,43,2.71,0.53,0.2615,135.988,0.4979,618,115,97,12.87,0.0
2024-05-13_002ZS,2024-05-13,002ZS,meas_MID00513_FID00082_fa_spiral_dyn_fancy_v3_20240130.dat,2024-05-13_002ZS__MID00513,fa_spiral_dyn_fancy_v3_20240130,1,26,70,0,1823,8.2,False,HOLD_GOOD,70,15.6,0.225,0.0004502177471294999,378.2,1,nan,nan,0.9878,4.055,0.1004,56,0,0,0.0,0.0
2024-05-13_002ZS,2024-05-13,002ZS,meas_MID00525_FID00094_fa_spiral_dyn_fancy_v3_20240130.dat,2024-05-13_002ZS__MID00525,fa_spiral_dyn_fancy_v3_20240130,1,26,415,30,10809,46.8,True,AMBIGUOUS,385,86.7,0.225,0.0005236777360551059,166.6,13,3.84,1.05,0.3506,68.735,0.3773,292,56,3,15.36,0.0
2024-05-13_005JJ,2024-05-13,005JJ,meas_MID00543_FID00112_fa_spiral_dyn_fancy_v3_20240130.dat,2024-05-13_005JJ__MID00543,fa_spiral_dyn_fancy_v3_20240130,1,26,131,0,3412,14.7,False,HOLD_BAD,131,29.4,0.225,0.003378803376108408,1836.0,1,nan,nan,0.949,6.16,0.1742,71,0,0,0.0,0.0
2024-05-13_005JJ,2024-05-13,005JJ,meas_MID00564_FID00133_fa_spiral_dyn_fancy_v3_20240130.dat,2024-05-13_005JJ__MID00564,fa_spiral_dyn_fancy_v3_20240130,1,26,571,22,14868,64.2,True,FREE_BREATHING,549,123.8,0.225,0.00024598801974207163,122.7,32,3.39,0.05,0.4939,51.541,0.4021,314,38,0,52.85,0.0
2024-06-18_003PM,2024-06-18,003PM,meas_MID00480_FID00950_fa_spiral_dyn_fancy_v3_20240130.dat,2024-06-18_003PM__MID00480,fa_spiral_dyn_fancy_v3_20240130,1,26,73,0,1904,8.5,False,HOLD_GOOD,73,16.3,0.225,0.0169101320207119,792.2,1,nan,nan,0.9875,5.516,0.0956,72,0,0,0.0,0.0
2024-06-18_003PM,2024-06-18,003PM,meas_MID00481_FID00951_fa_spiral_dyn_fancy_v3_20240130.dat,2024-06-18_003PM__MID00481,fa_spiral_dyn_fancy_v3_20240130,1,26,464,30,12089,52.2,True,FREE_BREATHING,434,97.8,0.225,0.0007280382560566068,117.9,27,2.94,0.06,0.3794,43.101,0.4916,254,55,12,32.74,0.0
2024-07-03_044DY,2024-07-03,044DY,meas_MID00632_FID01102_fa_spiral_dyn_fancy_v3_20240130.dat,2024-07-03_044DY__MID00632,fa_spiral_dyn_fancy_v3_20240130,1,26,148,0,3857,16.5,False,HOLD_GOOD,148,33.2,0.225,0.003950356971472502,3837.7,1,nan,nan,0.9977,5.01,0.0416,66,0,0,0.0,0.0
2024-07-03_044DY,2024-07-03,044DY,meas_MID00646_FID01116_fa_spiral_dyn_fancy_v3_20240130.dat,2024-07-03_044DY__MID00646,fa_spiral_dyn_fancy_v3_20240130,1,26,508,30,13215,61.5,True,FREE_BREATHING,478,107.7,0.225,0.0009191117715090513,206.1,22,3.84,0.34,0.4641,64.945,0.4682,434,82,0,4.52,0.0
2024-07-29_004DS,2024-07-29,004DS,meas_MID00238_FID01435_fa_spiral_dyn_fancy_v3_20240130.dat,2024-07-29_004DS__MID00238,fa_spiral_dyn_fancy_v3_20240130,1,26,113,0,2948,12.8,False,HOLD_GOOD,113,25.3,0.225,0.0005156649858690798,402.1,1,nan,nan,0.9934,4.79,0.0743,67,0,0,3.61,0.0
2024-07-29_004DS,2024-07-29,004DS,meas_MID00239_FID01436_fa_spiral_dyn_fancy_v3_20240130.dat,2024-07-29_004DS__MID00239,fa_spiral_dyn_fancy_v3_20240130,1,26,399,30,10395,45.3,True,FREE_BREATHING,369,83.1,0.225,0.0009190933196805418,153.2,24,2.71,0.08,0.3889,61.267,0.4495,337,76,3,0.23,0.0
2024-08-12_013VM,2024-08-12,013VM,meas_MID00408_FID01605_fa_spiral_dyn_fancy_v3_20240130.dat,2024-08-12_013VM__MID00408,fa_spiral_dyn_fancy_v3_20240130,1,26,230,30,5980,26.6,False,FREE_BREATHING,200,44.9,0.225,0.0008007587166503072,247.9,7,7.11,0.17,0.9807,3.069,0.0655,22,0,0,39.97,0.0
2024-08-12_013VM,2024-08-12,013VM,meas_MID00410_FID01607_fa_spiral_dyn_fancy_v3_20240130.dat,2024-08-12_013VM__MID00410,fa_spiral_dyn_fancy_v3_20240130,1,26,441,30,11469,49.6,True,FREE_BREATHING,411,92.6,0.225,0.0010268510086461902,235.7,14,5.2,0.21,0.2416,61.297,0.5658,300,45,0,17.61,0.0
2024-08-15_006MM,2024-08-15,006MM,meas_MID00064_FID01673_fa_spiral_dyn_fancy_v3_20240130.dat,2024-08-15_006MM__MID00064,fa_spiral_dyn_fancy_v3_20240130,1,26,93,0,2429,10.7,False,HOLD_GOOD,93,20.8,0.225,0.0025316323153674603,1231.3,1,nan,nan,0.9972,5.6,0.0455,74,0,0,0.0,0.0
2024-08-15_006MM,2024-08-15,006MM,meas_MID00065_FID01674_fa_spiral_dyn_fancy_v3_20240130.dat,2024-08-15_006MM__MID00065,fa_spiral_dyn_fancy_v3_20240130,1,26,670,30,17432,75.0,True,FREE_BREATHING,640,144.3,0.225,0.0009593035210855305,169.6,28,4.29,0.11,0.2601,67.188,0.5449,333,61,0,59.39,0.0
2024-08-19_015HK,2024-08-19,015HK,meas_MID00111_FID01720_fa_spiral_dyn_fancy_v3_20240130.dat,2024-08-19_015HK__MID00111,fa_spiral_dyn_fancy_v3_20240130,1,26,119,0,3119,13.5,False,HOLD_GOOD,119,26.6,0.225,0.0050482554361224174,2276.8,1,nan,nan,0.9954,5.774,0.0593,77,0,0,0.0,0.0
2024-08-19_015HK,2024-08-19,015HK,meas_MID00113_FID01722_fa_spiral_dyn_fancy_v3_20240130.dat,2024-08-19_015HK__MID00113,fa_spiral_dyn_fancy_v3_20240130,1,26,569,30,14814,63.6,True,FREE_BREATHING,539,121.5,0.225,0.001279060379602015,141.6,27,4.06,0.06,0.1278,144.74,0.5858,498,117,74,1.58,0.0
2024-08-21_044DY,2024-08-21,044DY,meas_MID00199_FID01808_fa_spiral_dyn_fancy_v3_20240130.dat,2024-08-21_044DY__MID00199,fa_spiral_dyn_fancy_v3_20240130,1,26,90,0,2353,10.4,False,HOLD_GOOD,90,20.1,0.225,0.005801515653729439,4489.3,1,nan,nan,0.9984,4.366,0.0348,58,0,0,0.0,0.0
2024-08-21_044DY,2024-08-21,044DY,meas_MID00211_FID01820_fa_spiral_dyn_fancy_v3_20240130.dat,2024-08-21_044DY__MID00211,fa_spiral_dyn_fancy_v3_20240130,1,26,451,30,11739,51.1,True,FREE_BREATHING,421,94.8,0.225,0.0008096786914393306,137.2,25,2.71,0.37,0.2835,98.557,0.4112,391,87,0,1.36,0.0
2024-08-23_016PG,2024-08-23,016PG,meas_MID00273_FID01882_fa_spiral_dyn_fancy_v3_20240130.dat,2024-08-23_016PG__MID00273,fa_spiral_dyn_fancy_v3_20240130,1,26,123,0,3223,14.0,False,HOLD_GOOD,123,27.6,0.225,0.001181454979814589,1447.9,1,nan,nan,0.983,4.517,0.1195,63,0,0,0.0,0.0
2024-08-23_016PG,2024-08-23,016PG,meas_MID00298_FID01907_fa_spiral_dyn_fancy_v3_20240130.dat,2024-08-23_016PG__MID00298,fa_spiral_dyn_fancy_v3_20240130,1,26,927,30,24109,103.1,True,FREE_BREATHING,897,202.3,0.225,0.0009080450981855392,557.0,23,7.79,0.37,0.0408,159.192,0.8318,391,29,0,102.98,0.0
2024-08-28_007IT,2024-08-28,007IT,meas_MID00038_FID02079_fa_spiral_dyn_fancy_v3_20240130.dat,2024-08-28_007IT__MID00038,fa_spiral_dyn_fancy_v3_20240130,1,26,77,0,2015,9.0,False,FREE_BREATHING,77,17.2,0.225,5.554511517402716e-06,8.4,7,2.6,0.36,0.0018,285.989,0.1376,26,5,1,11.29,0.0
2024-08-28_007IT,2024-08-28,007IT,meas_MID00040_FID02081_fa_spiral_dyn_fancy_v3_20240130.dat,2024-08-28_007IT__MID00040,fa_spiral_dyn_fancy_v3_20240130,1,26,680,30,17695,76.1,True,FREE_BREATHING,650,146.6,0.225,0.0005932477652095258,142.4,29,4.52,0.08,0.6688,13.784,0.4526,136,16,0,110.66,0.0
2024-08-30_014KS,2024-08-30,014KS,meas_MID00118_FID02159_fa_spiral_dyn_fancy_v3_20240130.dat,2024-08-30_014KS__MID00118,fa_spiral_dyn_fancy_v3_20240130,1,26,108,0,2813,12.3,False,HOLD_GOOD,108,24.2,0.225,0.0056961881928145885,1993.6,1,nan,nan,0.9796,5.321,0.1202,68,0,0,0.0,0.0
2024-08-30_014KS,2024-08-30,014KS,meas_MID00119_FID02160_fa_spiral_dyn_fancy_v3_20240130.dat,2024-08-30_014KS__MID00119,fa_spiral_dyn_fancy_v3_20240130,1,26,718,30,18671,80.1,True,AMBIGUOUS,688,155.1,0.225,0.0010319608263671398,276.5,24,4.97,0.74,0.0009,2061.294,0.6688,594,106,0,1.13,0.0
2024-09-03_041WF,2024-09-03,041WF,meas_MID00175_FID02216_fa_spiral_dyn_fancy_v3_20240130.dat,2024-09-03_041WF__MID00175,fa_spiral_dyn_fancy_v3_20240130,1,26,109,0,2849,12.4,False,HOLD_GOOD,109,24.4,0.225,0.003358608577400446,1520.2,1,nan,nan,0.9908,5.342,0.079,67,0,0,0.0,0.0
2024-09-03_041WF,2024-09-03,041WF,meas_MID00176_FID02217_fa_spiral_dyn_fancy_v3_20240130.dat,2024-09-03_041WF__MID00176,fa_spiral_dyn_fancy_v3_20240130,1,26,465,30,12105,52.4,True,FREE_BREATHING,435,98.0,0.225,0.0011151760118082166,155.4,25,3.39,0.11,0.1684,111.904,0.5346,413,103,13,0.22,0.0
2024-09-09_043AS,2024-09-09,043AS,meas_MID00407_FID02448_fa_spiral_dyn_fancy_v3_20240130.dat,2024-09-09_043AS__MID00407,fa_spiral_dyn_fancy_v3_20240130,1,26,98,0,2566,11.2,False,HOLD_GOOD,98,21.9,0.225,0.004439190495759249,1522.2,1,nan,nan,0.9952,5.542,0.0621,76,0,0,0.0,0.0
2024-09-09_043AS,2024-09-09,043AS,meas_MID00420_FID02461_fa_spiral_dyn_fancy_v3_20240130.dat,2024-09-09_043AS__MID00420,fa_spiral_dyn_fancy_v3_20240130,1,26,671,30,17448,74.9,True,FREE_BREATHING,641,144.5,0.225,0.0007972767925821245,135.7,27,4.74,0.06,0.3196,32.601,0.6174,211,40,1,85.36,0.0
2024-09-10_008TP,2024-09-10,008TP,meas_MID00448_FID02489_fa_spiral_dyn_fancy_v3_20240130.dat,2024-09-10_008TP__MID00448,fa_spiral_dyn_fancy_v3_20240130,1,26,122,0,3183,13.8,False,HOLD_GOOD,122,27.3,0.225,0.00405080197378993,2002.6,1,nan,nan,0.9986,4.914,0.0318,65,0,0,0.0,0.0
2024-09-10_008TP,2024-09-10,008TP,meas_MID00465_FID02506_fa_spiral_dyn_fancy_v3_20240130.dat,2024-09-10_008TP__MID00465,fa_spiral_dyn_fancy_v3_20240130,1,26,511,30,13286,57.4,True,FREE_BREATHING,481,108.4,0.225,0.001136110513471067,184.1,28,3.39,0.17,0.2392,122.0,0.4298,451,110,0,0.0,0.0
2024-09-10_045VS,2024-09-10,045VS,meas_MID00491_FID02532_fa_spiral_dyn_fancy_v3_20240130.dat,2024-09-10_045VS__MID00491,fa_spiral_dyn_fancy_v3_20240130,1,26,126,0,3281,14.2,False,HOLD_GOOD,126,28.2,0.225,0.005376822780817747,2299.6,1,nan,nan,0.9883,5.233,0.0952,69,0,0,0.0,0.0
2024-09-10_045VS,2024-09-10,045VS,meas_MID00525_FID02566_fa_spiral_dyn_fancy_v3_20240130.dat,2024-09-10_045VS__MID00525,fa_spiral_dyn_fancy_v3_20240130,1,26,631,30,16421,70.4,True,FREE_BREATHING,601,135.5,0.225,0.0007092321757227182,145.6,28,4.52,0.06,0.6551,11.414,0.46,111,18,0,109.76,0.0
2024-09-24_039CP,2024-09-24,039CP,meas_MID00042_FID03146_fa_spiral_dyn_fancy_v3_20240130.dat,2024-09-24_039CP__MID00042,fa_spiral_dyn_fancy_v3_20240130,1,26,712,30,18533,79.5,True,FREE_BREATHING,682,153.8,0.225,0.001206404180265963,205.2,30,4.74,0.12,0.0433,273.987,0.5886,526,113,0,29.36,0.0
2024-09-24_039CP,2024-09-24,039CP,meas_MID00085_FID03189_fa_spiral_dyn_fancy_v3_20240130.dat,2024-09-24_039CP__MID00085,fa_spiral_dyn_fancy_v3_20240130,1,26,83,0,2165,9.6,False,HOLD_GOOD,83,18.5,0.225,0.0077842967584729195,2064.7,1,nan,nan,0.999,4.506,0.0259,58,0,0,0.0,0.0
2024-09-24_046AA,2024-09-24,046AA,meas_MID00248_FID03100_fa_spiral_dyn_fancy_v3_20240130.dat,2024-09-24_046AA__MID00248,fa_spiral_dyn_fancy_v3_20240130,1,26,115,0,2990,13.0,False,HOLD_GOOD,115,25.7,0.225,0.005536042153835297,2907.0,1,nan,nan,0.9943,4.672,0.0657,62,0,0,0.0,0.0
2024-09-24_046AA,2024-09-24,046AA,meas_MID00257_FID03109_fa_spiral_dyn_fancy_v3_20240130.dat,2024-09-24_046AA__MID00257,fa_spiral_dyn_fancy_v3_20240130,1,26,758,30,19709,84.5,True,FREE_BREATHING,728,164.2,0.225,0.0006775334477424622,164.4,31,4.74,0.11,0.3436,21.307,0.6428,152,27,3,120.59,0.0
2024-09-25_017ED,2024-09-25,017ED,meas_MID00040_FID03263_fa_spiral_dyn_fancy_v3_20240130.dat,2024-09-25_017ED__MID00040,fa_spiral_dyn_fancy_v3_20240130,1,26,83,0,2181,9.7,False,HOLD_GOOD,83,18.5,0.225,0.006244356743991375,2366.2,1,nan,nan,0.989,5.283,0.0833,64,0,0,0.0,0.0
2024-09-25_017ED,2024-09-25,017ED,meas_MID00054_FID03277_fa_spiral_dyn_fancy_v3_20240130.dat,2024-09-25_017ED__MID00054,fa_spiral_dyn_fancy_v3_20240130,1,26,507,30,13195,57.2,True,FREE_BREATHING,477,107.5,0.225,0.0003654233005363494,169.4,28,3.39,0.09,0.4093,58.788,0.4143,311,48,0,37.26,0.0
2024-09-26_009ML,2024-09-26,009ML,meas_MID00111_FID03334_fa_spiral_dyn_fancy_v3_20240130.dat,2024-09-26_009ML__MID00111,fa_spiral_dyn_fancy_v3_20240130,1,26,106,0,2778,12.1,False,HOLD_GOOD,106,23.7,0.225,0.0035322813782840967,3001.4,1,nan,nan,0.9989,4.045,0.0291,54,0,0,0.0,0.0
2024-09-26_009ML,2024-09-26,009ML,meas_MID00123_FID03346_fa_spiral_dyn_fancy_v3_20240130.dat,2024-09-26_009ML__MID00123,fa_spiral_dyn_fancy_v3_20240130,1,26,424,25,11029,47.5,True,FREE_BREATHING,399,89.9,0.225,0.0012417999096214771,165.9,24,3.39,0.25,0.3779,59.344,0.4552,323,72,0,16.94,0.0
2024-09-27_036RL,2024-09-27,036RL,meas_MID00152_FID03370_fa_spiral_dyn_fancy_v3_20240130.dat,2024-09-27_036RL__MID00152,fa_spiral_dyn_fancy_v3_20240130,1,26,133,0,3478,15.0,False,HOLD_GOOD,133,29.8,0.225,0.0034466285724192858,3563.7,1,nan,nan,0.9986,4.652,0.0325,62,0,0,0.0,0.0
2024-09-27_036RL,2024-09-27,036RL,meas_MID00165_FID03383_fa_spiral_dyn_fancy_v3_20240130.dat,2024-09-27_036RL__MID00165,fa_spiral_dyn_fancy_v3_20240130,1,26,647,30,16827,73.0,True,FREE_BREATHING,617,139.1,0.225,0.0007517602061852813,212.3,29,4.52,0.12,0.0431,227.687,0.5061,375,78,0,54.42,0.0
2024-10-02_011CN,2024-10-02,011CN,meas_MID00110_FID03575_fa_spiral_dyn_fancy_v3_20240130.dat,2024-10-02_011CN__MID00110,fa_spiral_dyn_fancy_v3_20240130,1,26,68,0,1790,8.0,False,HOLD_GOOD,68,15.1,0.225,0.004652644973248243,2445.9,1,nan,nan,0.9996,5.113,0.0181,67,0,0,0.0,0.0
2024-10-02_011CN,2024-10-02,011CN,meas_MID00121_FID03586_fa_spiral_dyn_fancy_v3_20240130.dat,2024-10-02_011CN__MID00121,fa_spiral_dyn_fancy_v3_20240130,1,26,536,30,13943,60.8,True,FREE_BREATHING,506,114.0,0.225,0.0010185163700953126,229.8,23,4.29,0.11,0.72,11.705,0.4202,121,11,0,82.43,0.0
2024-10-02_018CS,2024-10-02,018CS,meas_MID00149_FID03614_fa_spiral_dyn_fancy_v3_20240130.dat,2024-10-02_018CS__MID00149,fa_spiral_dyn_fancy_v3_20240130,1,26,58,0,1526,7.0,False,HOLD_GOOD,58,12.9,0.225,0.00136378884781152,885.6,1,nan,nan,0.9981,4.92,0.0329,57,0,0,0.0,0.0
2024-10-02_018CS,2024-10-02,018CS,meas_MID00150_FID03615_fa_spiral_dyn_fancy_v3_20240130.dat,2024-10-02_018CS__MID00150,fa_spiral_dyn_fancy_v3_20240130,1,26,714,30,18568,80.0,True,FREE_BREATHING,684,154.2,0.225,0.0008128155604936182,279.7,28,4.74,0.11,0.6528,19.086,0.4359,175,23,0,106.59,0.0
2024-10-08_009JT,2024-10-08,009JT,meas_MID00278_FID03743_fa_spiral_dyn_fancy_v3_20240130.dat,2024-10-08_009JT__MID00278,fa_spiral_dyn_fancy_v3_20240130,1,26,114,0,2982,13.0,False,HOLD_GOOD,114,25.5,0.225,0.0040906090289354324,3037.5,1,nan,nan,0.9986,6.468,0.0323,85,0,0,0.0,0.0
2024-10-08_009JT,2024-10-08,009JT,meas_MID00280_FID03745_fa_spiral_dyn_fancy_v3_20240130.dat,2024-10-08_009JT__MID00280,fa_spiral_dyn_fancy_v3_20240130,1,26,501,30,13047,56.3,True,FREE_BREATHING,471,106.1,0.225,0.0008301045163534582,227.0,20,4.52,0.07,0.3731,39.043,0.5627,260,43,0,39.75,0.0
2024-10-10_019LR,2024-10-10,019LR,meas_MID00044_FID03800_fa_spiral_dyn_fancy_v3_20240130.dat,2024-10-10_019LR__MID00044,fa_spiral_dyn_fancy_v3_20240130,1,26,130,0,3389,14.6,False,HOLD_GOOD,130,29.1,0.225,0.005479032639414072,3801.1,1,nan,nan,0.9909,6.786,0.0817,89,0,0,0.0,0.0
2024-10-10_019LR,2024-10-10,019LR,meas_MID00057_FID03813_fa_spiral_dyn_fancy_v3_20240130.dat,2024-10-10_019LR__MID00057,fa_spiral_dyn_fancy_v3_20240130,1,26,761,30,19808,84.8,True,FREE_BREATHING,731,164.9,0.225,0.0009772332850843668,248.7,27,5.31,0.13,0.1446,155.979,0.5215,513,100,0,41.1,0.0
2024-10-16_020JS,2024-10-16,020JS,meas_MID00278_FID04034_fa_spiral_dyn_fancy_v3_20240130.dat,2024-10-16_020JS__MID00278,fa_spiral_dyn_fancy_v3_20240130,1,26,70,0,1820,8.2,False,HOLD_GOOD,70,15.6,0.225,0.003518969751894474,2487.6,1,nan,nan,0.9994,6.216,0.0183,69,0,0,0.0,0.0
2024-10-16_020JS,2024-10-16,020JS,meas_MID00285_FID04041_fa_spiral_dyn_fancy_v3_20240130.dat,2024-10-16_020JS__MID00285,fa_spiral_dyn_fancy_v3_20240130,1,26,250,30,6502,28.7,True,FREE_BREATHING,220,49.5,0.225,0.000825791503302753,166.6,11,4.52,0.14,0.5663,9.439,0.2175,36,6,0,41.33,0.0
2024-10-16_047SS,2024-10-16,047SS,meas_MID00252_FID04008_fa_spiral_dyn_fancy_v3_20240130.dat,2024-10-16_047SS__MID00252,fa_spiral_dyn_fancy_v3_20240130,1,26,67,0,1743,7.9,False,HOLD_GOOD,67,14.9,0.225,0.005711016245186329,1613.8,1,nan,nan,0.9977,5.603,0.0371,66,0,0,0.0,0.0
2024-10-16_047SS,2024-10-16,047SS,meas_MID00253_FID04009_fa_spiral_dyn_fancy_v3_20240130.dat,2024-10-16_047SS__MID00253,fa_spiral_dyn_fancy_v3_20240130,1,26,477,30,12416,53.7,True,FREE_BREATHING,447,100.7,0.225,0.0008720941841602325,132.0,28,2.94,0.11,0.4267,38.562,0.4958,253,43,0,37.04,0.0
2024-10-17_048JJ,2024-10-17,048JJ,meas_MID00374_FID04130_fa_spiral_dyn_fancy_v3_20240130.dat,2024-10-17_048JJ__MID00374,fa_spiral_dyn_fancy_v3_20240130,1,26,76,0,1984,8.9,False,HOLD_GOOD,76,16.9,0.225,0.002672947710379958,1829.1,1,nan,nan,0.9993,5.333,0.0223,71,0,0,0.0,0.0
2024-10-17_048JJ,2024-10-17,048JJ,meas_MID00375_FID04131_fa_spiral_dyn_fancy_v3_20240130.dat,2024-10-17_048JJ__MID00375,fa_spiral_dyn_fancy_v3_20240130,1,26,625,30,16257,69.8,True,FREE_BREATHING,595,134.1,0.225,0.0008315469021908939,110.6,28,4.29,0.1,0.1722,92.401,0.5414,350,78,19,53.3,0.0
2024-10-22_021CH,2024-10-22,021CH,meas_MID01091_FID04847_fa_spiral_dyn_fancy_v3_20240130.dat,2024-10-22_021CH__MID01091,fa_spiral_dyn_fancy_v3_20240130,1,26,103,0,2679,11.7,False,HOLD_GOOD,103,23.0,0.225,0.007587536238133907,4177.2,1,nan,nan,0.9989,5.59,0.0281,74,0,0,0.0,0.0
2024-10-22_021CH,2024-10-22,021CH,meas_MID01092_FID04848_fa_spiral_dyn_fancy_v3_20240130.dat,2024-10-22_021CH__MID01092,fa_spiral_dyn_fancy_v3_20240130,1,26,538,30,14009,60.5,True,FREE_BREATHING,508,114.5,0.225,0.00097222242038697,120.6,29,3.16,0.09,0.2182,101.147,0.5185,425,111,37,11.52,0.0
2024-10-23_047SS,2024-10-23,047SS,meas_MID01295_FID05051_fa_spiral_dyn_fancy_v3_20240130.dat,2024-10-23_047SS__MID01295,fa_spiral_dyn_fancy_v3_20240130,1,26,102,0,2667,11.7,False,HOLD_GOOD,102,22.8,0.225,0.0030596789438277483,1085.5,1,nan,nan,0.9957,7.231,0.0543,92,0,0,0.0,0.0
2024-10-23_047SS,2024-10-23,047SS,meas_MID01296_FID05052_fa_spiral_dyn_fancy_v3_20240130.dat,2024-10-23_047SS__MID01296,fa_spiral_dyn_fancy_v3_20240130,1,26,458,30,11921,51.7,True,FREE_BREATHING,428,96.4,0.225,0.0006806229939684272,105.0,27,2.94,0.07,0.3641,55.976,0.4848,315,63,0,20.77,0.0
2024-10-28_022VT,2024-10-28,022VT,meas_MID01688_FID05444_fa_spiral_dyn_fancy_v3_20240130.dat,2024-10-28_022VT__MID01688,fa_spiral_dyn_fancy_v3_20240130,1,26,608,30,15828,68.2,True,FREE_BREATHING,578,130.3,0.225,0.0006534858257509768,144.4,27,3.39,0.49,0.3544,93.879,0.5089,543,122,21,1.58,0.0
2024-10-28_022VT,2024-10-28,022VT,meas_MID01689_FID05445_fa_spiral_dyn_fancy_v3_20240130.dat,2024-10-28_022VT__MID01689,fa_spiral_dyn_fancy_v3_20240130,1,26,159,0,4151,17.8,False,HOLD_GOOD,159,35.7,0.225,0.006428244989365339,2948.3,1,nan,nan,0.9984,6.701,0.0355,90,0,0,0.0,0.0
2024-10-29_049WG,2024-10-29,049WG,meas_MID01766_FID05522_fa_spiral_dyn_fancy_v3_20240130.dat,2024-10-29_049WG__MID01766,fa_spiral_dyn_fancy_v3_20240130,1,26,107,0,2805,12.2,False,HOLD_BAD,107,23.9,0.225,0.002347533591091633,904.2,1,nan,nan,0.9182,8.435,0.238,102,0,0,0.0,0.0
2024-10-29_049WG,2024-10-29,049WG,meas_MID01795_FID05551_fa_spiral_dyn_fancy_v3_20240130.dat,2024-10-29_049WG__MID01795,fa_spiral_dyn_fancy_v3_20240130,1,26,541,30,14068,60.5,True,FREE_BREATHING,511,115.2,0.225,0.0005433398764580488,114.2,29,3.61,0.17,0.0797,202.042,0.5365,489,131,63,3.61,0.0
2024-11-05_023LL,2024-11-05,023LL,meas_MID00200_FID05775_fa_spiral_dyn_fancy_v3_20240130.dat,2024-11-05_023LL__MID00200,fa_spiral_dyn_fancy_v3_20240130,1,26,121,0,3164,13.7,False,HOLD_GOOD,121,27.1,0.225,0.005439865868538618,3588.1,1,nan,nan,0.9966,6.507,0.0504,86,0,0,0.0,0.0
2024-11-05_023LL,2024-11-05,023LL,meas_MID00201_FID05776_fa_spiral_dyn_fancy_v3_20240130.dat,2024-11-05_023LL__MID00201,fa_spiral_dyn_fancy_v3_20240130,1,26,499,30,12981,56.0,True,FREE_BREATHING,469,105.7,0.225,0.0007945885299704969,127.5,28,3.39,0.06,0.6916,12.152,0.4012,112,14,2,76.33,0.0
2024-11-13_025JC,2024-11-13,025JC,meas_MID00063_FID06017_fa_spiral_dyn_fancy_v3_20240130.dat,2024-11-13_025JC__MID00063,fa_spiral_dyn_fancy_v3_20240130,1,26,126,0,3297,14.3,False,HOLD_GOOD,126,28.2,0.225,0.001590872067026794,998.6,1,nan,nan,0.9993,4.797,0.0228,64,0,0,0.0,0.0
2024-11-13_025JC,2024-11-13,025JC,meas_MID00064_FID06018_fa_spiral_dyn_fancy_v3_20240130.dat,2024-11-13_025JC__MID00064,fa_spiral_dyn_fancy_v3_20240130,1,26,566,30,14740,63.3,True,FREE_BREATHING,536,120.8,0.225,0.0009096284047700465,164.9,27,3.61,0.11,0.2248,75.057,0.55,341,74,0,32.74,0.0
2024-11-18_026CH,2024-11-18,026CH,meas_MID00117_FID06071_fa_spiral_dyn_fancy_v3_20240130.dat,2024-11-18_026CH__MID00117,fa_spiral_dyn_fancy_v3_20240130,1,26,55,0,1432,6.6,False,HOLD_BAD,55,12.2,0.225,0.0031087843235582113,931.0,1,nan,nan,0.8574,8.445,0.17,54,2,0,0.0,0.0
2024-11-18_026CH,2024-11-18,026CH,meas_MID00118_FID06072_fa_spiral_dyn_fancy_v3_20240130.dat,2024-11-18_026CH__MID00118,fa_spiral_dyn_fancy_v3_20240130,1,26,448,30,11654,51.0,True,FREE_BREATHING,418,94.2,0.225,0.0006985379150137305,113.0,28,2.71,0.07,0.3948,64.233,0.5152,410,91,0,1.36,0.0
2024-11-26_050EH,2024-11-26,050EH,meas_MID00363_FID06317_fa_spiral_dyn_fancy_v3_20240130.dat,2024-11-26_050EH__MID00363,fa_spiral_dyn_fancy_v3_20240130,1,26,93,0,2431,10.7,False,HOLD_GOOD,93,20.8,0.225,0.004236703738570213,1890.5,1,nan,nan,0.9971,4.081,0.0463,54,0,0,0.0,0.0
2024-11-26_050EH,2024-11-26,050EH,meas_MID00377_FID06331_fa_spiral_dyn_fancy_v3_20240130.dat,2024-11-26_050EH__MID00377,fa_spiral_dyn_fancy_v3_20240130,1,26,571,30,14863,64.1,True,FREE_BREATHING,541,121.9,0.225,0.0008811286534182727,195.3,28,3.39,0.07,0.6537,13.712,0.4533,131,21,1,70.91,0.0
2024-12-05_043AS,2024-12-05,043AS,meas_MID00557_FID06935_fa_spiral_dyn_fancy_v3_20240130.dat,2024-12-05_043AS__MID00557,fa_spiral_dyn_fancy_v3_20240130,1,26,28,0,742,3.7,False,HOLD_LOW_SNR,28,6.1,0.225,1.090441583073698e-05,11.5,1,nan,nan,0.7783,7.285,0.1289,27,1,0,0.0,0.0
2024-12-05_043AS,2024-12-05,043AS,meas_MID00560_FID06938_fa_spiral_dyn_fancy_v3_20240130.dat,2024-12-05_043AS__MID00560,fa_spiral_dyn_fancy_v3_20240130,1,26,657,30,17104,73.6,True,FREE_BREATHING,627,141.4,0.225,0.0005606141057796776,169.7,32,4.07,0.07,0.1731,68.272,0.6135,294,63,30,73.39,0.0
2024-12-06_051VM,2024-12-06,051VM,meas_MID00015_FID07035_fa_spiral_dyn_fancy_v3_20240130.dat,2024-12-06_051VM__MID00015,fa_spiral_dyn_fancy_v3_20240130,1,26,466,30,12133,52.4,True,FREE_BREATHING,436,98.2,0.225,0.0005623101606033742,101.6,30,2.71,0.19,0.4417,70.119,0.3889,372,85,15,8.35,0.0
2024-12-06_051VM,2024-12-06,051VM,meas_MID00628_FID07006_fa_spiral_dyn_fancy_v3_20240130.dat,2024-12-06_051VM__MID00628,fa_spiral_dyn_fancy_v3_20240130,1,26,105,0,2744,12.0,False,HOLD_GOOD,105,23.5,0.225,0.0036734766326844692,2363.5,1,nan,nan,0.9921,5.221,0.0781,70,0,0,0.0,0.0
2024-12-09_027JC,2024-12-09,027JC,meas_MID00037_FID07057_fa_spiral_dyn_fancy_v3_20240130.dat,2024-12-09_027JC__MID00037,fa_spiral_dyn_fancy_v3_20240130,1,26,94,0,2468,10.8,False,HOLD_GOOD,94,21.0,0.225,0.0020509460009634495,1810.6,1,nan,nan,0.997,5.912,0.0472,78,0,0,0.0,0.0
2024-12-09_027JC,2024-12-09,027JC,meas_MID00046_FID07066_fa_spiral_dyn_fancy_v3_20240130.dat,2024-12-09_027JC__MID00046,fa_spiral_dyn_fancy_v3_20240130,1,26,589,30,15324,66.0,True,FREE_BREATHING,559,126.0,0.225,0.000685283332131803,191.1,27,4.29,0.07,0.1013,176.598,0.4982,453,108,9,17.62,0.0
