session,tag,MID,seq,primary,carrier,carrier_ppm_above_gas,snr_diss,gas_hz_from_carrier,gas_ppm_from_carrier,TE_us,t_k0_us,model_used,dphi_k0_deg,dphi_k0_m3_lumped_deg,dphi_k0_m2_deg,dphi_rep_sd_deg,dphi_rep_sd_m3_deg,dphi_rep_sd_m2_deg,n_reps,ratio_lumped,ratio_scalar,F_lump,ratio_m2,ratio_scalar_te,df_hz,rbc_ppm,rbc_fwhm_ppm,mem1_ppm,mem2_ppm,mem1_fwhm_ppm,mem2_fwhm_ppm,a1_over_a2,mem12_dphi_deg,mem_m2_ppm,mem_m2_fwhm_ppm,bic_m2,bic_m3,valid,reason,gas_ppm_stage1,stab_dphi_deg,stab_F_ratio,stab_alt_model,stable
2023-01-31_000LL,2023-01-31_000LL__MID00210,00210,v2,True,ON_RBC,218.1,55.4,-3856.2,-218.9,600.0,610.0,M3,34.5,34.5,34.4,3.0,3.0,1.3,6,0.7302,0.4027,1.813,0.6116,0.4011,346.7,218.1,10.67,202.03,196.9,14.91,8.87,0.421,-132.3,197.68,8.41,-27989.2,-28042.6,yes,,-218.1,1.4,0.992,M3,yes
2023-04-18_021JM,2023-04-18_021JM__MID00272,00272,v2,True,ON_RBC,217.9,41.0,-3823.5,-217.1,600.0,610.0,M3,25.4,25.4,37.4,6.8,6.8,2.2,2,0.5632,0.2819,1.998,0.3214,0.308,344.5,218.27,13.85,204.72,196.2,15.49,9.18,0.418,-143.8,197.1,9.07,-26144.8,-26175.1,yes,unstable_drop3,-217.9,20.8,0.896,M3,no
2023-04-26_023DB,2023-04-26_023DB__MID00305,00305,v2,True,ON_RBC,217.9,44.6,-3823.5,-217.1,600.0,610.0,M2,29.0,11.8,29.0,2.6,15.2,2.6,4,0.239,0.239,1.0,0.239,0.2471,355.8,217.82,10.29,204.11,196.75,13.9,9.66,0.362,-142.5,197.62,9.28,-27865.1,-27880.0,yes,unstable_drop3,-217.9,10.9,1.866,M3,no
2023-05-02_011BA,2023-05-02_011BA__MID00045,00045,v2,True,ON_RBC,218.1,53.0,-3856.2,-219.0,600.0,610.0,M3,40.4,40.4,39.5,4.9,4.9,3.7,4,0.4033,0.2487,1.622,0.3055,0.2643,342.6,217.8,11.39,200.65,196.03,10.57,8.5,1.007,-104.2,198.08,8.48,-27710.1,-27798.4,yes,,-218.1,2.6,0.991,M3,yes
2023-05-02_012SR,2023-05-02_012SR__MID00127,00127,v2,True,ON_RBC,218.1,62.9,-3823.5,-217.1,600.0,610.0,M3,33.9,33.9,39.8,7.8,7.8,5.7,10,0.297,0.1681,1.767,0.2216,0.1778,355.8,217.96,11.74,200.84,196.31,12.95,8.59,0.47,-124.5,197.21,8.13,-28818.1,-28974.1,yes,,-218.1,3.2,0.913,M3,yes
2023-05-15_035EK,2023-05-15_035EK__MID00133,00133,v2,True,ON_RBC,218.3,56.3,-3856.2,-219.0,600.0,610.0,M3,33.8,33.8,25.5,7.0,7.0,2.4,12,0.4258,0.3107,1.371,0.3533,0.338,332.9,217.07,11.96,201.31,196.41,11.63,8.11,0.561,-91.2,197.64,8.63,-28766.0,-29292.1,yes,,-218.3,2.3,0.996,M3,yes
2023-05-18_000SV,2023-05-18_000SV__MID00119,00119,v2,True,ON_RBC,218.0,59.2,-3823.5,-217.1,600.0,610.0,M3,32.5,32.5,31.6,5.9,5.9,3.8,9,0.374,0.2325,1.609,0.2737,0.2512,335.4,217.28,12.16,201.48,196.38,11.9,8.57,0.57,-109.4,197.67,8.57,-29392.2,-29738.7,yes,,-218.0,2.9,0.981,M3,yes
2023-09-25_032WS,2023-09-25_032WS__MID00095,00095,v2,True,ON_RBC,218.1,70.2,-3823.5,-217.1,600.0,610.0,M3,41.4,41.4,53.1,6.0,6.0,5.1,12,0.2528,0.1673,1.511,0.1647,0.1845,369.5,219.03,11.79,200.95,196.01,10.52,7.61,0.704,-99.5,197.54,8.08,-28133.4,-28945.5,yes,,-218.1,2.8,0.997,M3,yes
2023-10-27_000LL,2023-10-27_000LL__MID02670,02670,v2,True,BETWEEN,214.4,52.7,-3758.2,-213.4,600.0,610.0,M3,33.3,33.3,34.2,2.0,2.0,2.2,9,0.7414,0.4816,1.539,0.676,0.4971,350.0,218.13,10.26,201.4,196.94,11.32,8.41,0.421,-113.0,197.85,8.14,-32690.5,-32807.3,yes,,-214.4,1.1,0.986,M3,yes
2023-11-02_025VP,2023-11-02_025VP__MID02741,02741,v2,False,ON_RBC,217.9,35.5,-3856.2,-219.0,600.0,610.0,M3,39.1,39.1,30.7,nan,nan,nan,1,0.4448,0.4438,1.002,0.4463,0.4991,329.7,216.93,10.69,199.1,196.03,8.0,4.95,2.475,-8.8,197.69,8.47,-26118.0,-26116.0,yes,,-217.9,1.3,1.007,M3,yes
2023-11-02_036RL,2023-11-02_036RL__MID02779,02779,v2,True,ON_RBC,218.0,55.1,-3823.5,-217.1,600.0,610.0,M3,33.6,33.6,33.3,nan,nan,nan,1,0.2983,0.2008,1.485,0.1978,0.2179,330.7,216.83,11.58,201.23,196.09,10.96,7.94,0.616,-99.4,197.47,8.37,-27126.8,-27206.2,yes,,-218.0,1.8,1.004,M3,yes
2023-11-13_037GD,2023-11-13_037GD__MID03140,03140,v2,True,ON_RBC,218.1,58.2,-3823.5,-217.1,600.0,610.0,M3,12.7,12.7,36.3,31.0,31.0,25.4,7,0.3022,0.208,1.453,0.1639,0.2552,381.5,219.56,13.83,200.86,195.53,8.33,7.12,0.803,-94.1,197.55,8.02,-28762.0,-28791.0,no,rep_sd>30;unstable_drop3,-218.1,10.3,0.899,M3,no
2023-11-16_038RL,2023-11-16_038RL__MID03634,03634,v2,True,BELOW_MEM,175.2,75.7,-3071.9,-174.4,600.0,610.0,M3,28.0,28.0,34.0,2.6,2.6,0.5,3,0.3633,0.2319,1.567,0.284,0.2474,342.9,217.32,10.86,201.01,196.4,10.81,8.01,0.457,-112.4,197.39,7.81,-29560.7,-29599.5,yes,unstable_drop3;carrier_BELOW_MEM,-175.2,6.3,0.892,M3,no
2023-11-17_005DS,2023-11-17_005DS__MID03672,03672,v2,True,ON_RBC,218.2,51.0,-3856.2,-219.0,600.0,610.0,M3,33.4,33.4,20.1,6.1,6.1,3.4,12,0.4339,0.2923,1.484,0.3398,0.3149,323.7,216.39,12.75,201.41,195.51,12.47,8.99,0.734,-97.2,197.32,9.69,-31864.8,-32073.3,yes,,-218.2,4.6,1.04,M3,yes
2023-12-11_040RP,2023-12-11_040RP__MID00173,00173,v2,True,ON_RBC,218.1,84.8,-3823.5,-217.1,600.0,610.0,M3,33.2,33.2,56.7,7.5,7.5,4.7,12,0.2089,0.14,1.492,0.123,0.1556,348.6,217.59,11.45,201.05,196.05,10.11,7.22,0.539,-102.5,197.24,7.58,-30027.9,-30172.9,yes,unstable_drop3,-218.1,11.1,0.964,M3,no
2023-12-19_041WF,2023-12-19_041WF__MID00458,00458,v2,True,BETWEEN,206.2,69.6,-3627.5,-206.0,600.0,610.0,M3,56.4,56.4,60.0,2.9,2.9,6.2,11,0.2577,0.1527,1.688,0.1876,0.1614,356.8,218.41,11.88,200.83,196.44,12.49,8.63,0.643,-111.5,197.75,8.44,-31980.5,-33072.7,yes,,-206.2,1.3,1.074,M3,yes
2024-01-16_004DS,2024-01-16_004DS__MID00057,00057,v2,True,ON_MEM,196.9,57.8,-3464.1,-196.7,600.0,610.0,M3,59.7,59.7,70.1,11.2,11.2,6.3,7,0.3075,0.169,1.82,0.1213,0.1637,285.6,215.34,14.0,205.31,196.85,25.0,10.21,0.369,-141.1,197.24,9.69,-31352.6,-31515.0,yes,carrier_ON_MEM,-196.9,1.1,1.03,M3,yes
2024-02-19_037GD,2024-02-19_037GD__MID00219,00219,v3,True,ON_RBC,217.8,66.8,-3823.5,-217.1,620.0,630.0,M3,51.5,51.5,57.3,4.6,4.6,1.4,12,0.2657,0.1708,1.556,0.1842,0.1892,350.2,217.45,12.46,200.28,195.59,11.15,8.2,0.73,-102.0,197.12,8.4,-31837.4,-32735.3,yes,,-217.8,1.8,0.99,M3,yes
2024-02-21_043AS,2024-02-21_043AS__MID00121,00121,v3,True,ON_RBC,218.0,62.7,-3823.5,-217.1,620.0,630.0,M3,50.9,50.9,51.4,2.8,2.8,1.3,8,0.3199,0.2166,1.477,0.2342,0.2349,351.0,217.82,11.93,201.04,195.9,11.64,8.17,0.632,-98.4,197.33,8.64,-31834.1,-32722.6,yes,,-218.0,1.9,0.993,M3,yes
2024-02-26_029CK,2024-02-26_029CK__MID00268,00268,v3,True,ON_RBC,217.9,57.8,-3823.5,-217.1,620.0,630.0,M3,58.4,58.4,58.9,1.6,1.6,0.8,16,0.4821,0.2903,1.661,0.3843,0.3013,359.6,218.39,11.7,201.3,195.82,12.86,9.05,0.647,-110.0,197.36,9.14,-31182.5,-32320.4,yes,,-217.9,1.8,0.963,M3,yes
2024-02-27_009JT,2024-02-27_009JT__MID00336,00336,v3,True,ON_RBC,218.1,55.8,-3823.5,-217.1,620.0,630.0,M3,39.0,39.0,52.6,7.3,7.3,5.2,7,0.3848,0.2536,1.517,0.2856,0.2806,345.5,217.66,12.81,203.64,195.89,11.1,9.38,0.385,-114.6,197.27,9.96,-31866.1,-32015.8,yes,unstable_drop3,-218.1,8.2,0.95,M3,no
2024-03-06_030DN,2024-03-06_030DN__MID00543,00543,v3,True,ON_RBC,218.0,64.1,-3823.5,-217.1,620.0,630.0,M3,49.5,49.5,60.3,5.9,5.9,2.1,4,0.3644,0.1973,1.847,0.2398,0.2111,355.0,218.03,12.55,201.59,195.85,13.78,8.68,0.541,-123.8,197.02,8.51,-31922.2,-32345.8,yes,unstable_drop3,-218.0,7.0,0.948,M3,no
2024-03-11_039CP,2024-03-11_039CP__MID00086,00086,v3,True,ON_RBC,218.1,60.9,-3823.5,-217.1,620.0,630.0,M3,53.7,53.7,53.1,2.2,2.2,1.2,16,0.3676,0.2486,1.479,0.295,0.2705,348.4,217.36,12.07,200.58,195.78,11.58,8.34,0.597,-99.5,197.1,8.6,-31825.0,-32595.7,yes,,-218.1,0.5,1.037,M3,yes
2024-03-12_006KL,2024-03-12_006KL__MID00175,00175,v3,True,ON_RBC,218.0,66.7,-3823.5,-217.1,620.0,630.0,M3,45.9,45.9,66.5,7.6,7.6,6.0,16,0.2692,0.1826,1.474,0.1996,0.1952,333.4,217.17,11.32,204.08,196.44,11.36,8.74,0.308,-120.4,197.38,9.12,-31578.6,-32056.9,yes,,-218.0,3.9,0.947,M3,yes
2024-03-12_044DY,2024-03-12_044DY__MID00123,00123,v3,True,ON_RBC,218.0,69.8,-3823.5,-217.1,620.0,630.0,M3,46.7,46.7,55.6,3.3,3.3,1.1,14,0.2653,0.1648,1.61,0.1843,0.1809,339.7,216.96,12.17,200.93,196.16,12.34,8.01,0.462,-115.2,197.08,7.91,-30949.7,-31959.3,yes,,-218.0,2.3,1.002,M3,yes
2024-03-14_038RL,2024-03-14_038RL__MID00232,00232,v3,True,ON_RBC,217.9,63.8,-3856.2,-219.0,620.0,630.0,M3,53.9,53.9,53.4,2.6,2.6,1.1,15,0.5158,0.2961,1.742,0.399,0.3109,348.8,218.42,11.69,201.56,196.82,13.05,8.42,0.609,-115.5,198.02,8.27,-32053.9,-33295.1,yes,,-217.9,1.9,0.957,M3,yes
2024-03-21_032WS,2024-03-21_032WS__MID00438,00438,v3,True,ON_RBC,217.7,65.0,-3823.5,-217.1,620.0,630.0,M3,58.5,58.5,60.8,4.9,4.9,1.4,10,0.2835,0.1939,1.462,0.2093,0.2117,364.2,218.76,12.24,201.09,195.99,11.59,8.28,0.692,-96.1,197.55,8.83,-31601.8,-32581.4,yes,,-217.7,1.6,1.004,M3,yes
2024-03-21_036RL,2024-03-21_036RL__MID00384,00384,v3,True,ON_RBC,217.9,65.4,-3823.5,-217.1,620.0,630.0,M3,46.9,46.9,46.6,3.2,3.2,2.9,12,0.2781,0.1901,1.462,0.1995,0.2081,333.7,217.5,12.02,201.35,196.52,10.93,8.22,0.728,-95.6,198.11,8.63,-31906.0,-33025.7,yes,,-217.9,2.7,0.984,M3,yes
2024-03-28_010AJ,2024-03-28_010AJ__MID00062,00062,v3,True,ON_RBC,217.3,57.3,-3823.5,-217.1,620.0,630.0,M2,41.2,42.3,41.2,2.2,12.5,2.2,10,0.2918,0.2918,1.0,0.2918,0.3014,338.1,216.79,10.33,202.9,196.23,11.52,8.62,0.484,-100.6,197.59,9.38,-31836.1,-32382.2,yes,unstable_drop3,-217.3,3.6,1.51,M3,no
2024-04-01_008CR,2024-04-01_008CR__MID00134,00134,v3,True,ON_RBC,217.8,55.5,-3823.5,-217.1,620.0,630.0,M3,46.0,46.0,30.3,9.1,9.1,4.4,8,0.3155,0.2873,1.098,0.2621,0.3235,296.7,214.92,12.07,200.46,195.99,10.11,7.25,0.87,-49.2,197.42,9.13,-32344.9,-32550.9,yes,unstable_drop3,-217.8,5.9,1.087,M3,no
2024-04-03_040RP,2024-04-03_040RP__MID00197,00197,v3,True,ON_RBC,217.8,76.0,-3823.5,-217.1,620.0,630.0,M3,56.2,56.2,73.6,3.3,3.3,2.6,18,0.2336,0.1507,1.55,0.1592,0.1648,359.8,218.69,11.65,201.28,196.39,11.19,7.65,0.619,-103.9,197.68,7.95,-31248.0,-32807.8,yes,,-217.8,0.8,1.014,M3,yes
2024-04-09_019WR,2024-04-09_019WR__MID00321,00321,v3,True,ON_RBC,217.7,60.6,-3823.5,-217.1,620.0,630.0,M3,48.4,48.4,52.9,3.6,3.6,1.4,10,0.4046,0.2491,1.624,0.3005,0.2701,350.1,217.77,12.13,201.33,195.97,12.03,8.43,0.557,-110.9,197.25,8.51,-31840.8,-32739.3,yes,,-217.7,3.7,0.983,M3,yes
2024-04-22_025VP,2024-04-22_025VP__MID00090,00090,v3,True,ON_RBC,218.1,64.1,-3856.2,-219.0,620.0,630.0,M3,47.9,47.9,47.7,4.0,4.0,1.2,10,0.5003,0.3026,1.653,0.3836,0.317,337.7,217.37,11.05,201.13,196.33,11.95,8.17,0.637,-109.8,197.66,8.18,-32013.6,-32838.6,yes,,-218.1,1.9,0.985,M3,yes
2024-04-25_042DR,2024-04-25_042DR__MID00181,00181,v3,True,ON_RBC,217.8,69.1,-3856.2,-219.0,620.0,630.0,M2,90.2,58.5,90.2,0.4,6.2,0.4,5,0.107,0.107,1.0,0.107,0.1088,322.6,215.64,8.74,199.48,195.26,11.01,9.1,1.099,-119.2,197.33,8.26,-32137.2,-32486.7,yes,unstable_drop3,-217.8,31.2,2.216,M3,no
2024-05-02_023DB,2024-05-02_023DB__MID00330,00330,v3,True,ON_RBC,217.9,57.3,-3823.5,-217.1,620.0,630.0,M3,55.9,55.9,39.8,11.9,11.9,4.5,13,0.3147,0.1831,1.719,0.2538,0.1906,319.4,215.9,12.81,199.97,195.66,13.43,9.81,0.955,-109.2,197.55,9.48,-33037.7,-33169.3,yes,,-217.9,1.8,1.2,M3,yes
2024-05-06_043AS,2024-05-06_043AS__MID00383,00383,v3,True,ON_RBC,218.0,63.9,-3823.5,-217.1,620.0,630.0,M3,55.9,55.9,54.2,5.6,5.6,2.8,12,0.2504,0.179,1.399,0.1843,0.1954,346.2,217.74,12.02,200.99,196.16,11.37,8.15,0.659,-91.5,197.6,8.73,-28869.6,-29740.4,yes,,-218.0,0.3,1.05,M3,yes
2024-05-08_012EB,2024-05-08_012EB__MID00480,00480,v3,True,ON_RBC,217.8,73.0,-3823.5,-217.1,620.0,630.0,M3,55.8,55.8,73.3,8.7,8.7,6.4,13,0.2407,0.1696,1.419,0.127,0.1917,320.7,216.2,11.68,200.51,195.91,10.11,6.32,0.83,-91.2,197.27,7.27,-31815.1,-32666.3,yes,,-217.8,1.0,1.002,M3,yes
2024-05-13_002ZS,2024-05-13_002ZS__MID00525,00525,v3,True,ON_RBC,216.3,63.9,-3823.5,-217.1,620.0,630.0,M3,57.8,57.8,50.7,9.7,9.7,4.0,9,0.3214,0.2136,1.504,0.2434,0.2315,316.7,216.55,11.93,200.72,196.74,11.39,7.96,0.844,-97.4,198.2,8.21,-32880.5,-33099.1,yes,unstable_drop3,-216.3,1.5,1.239,M3,no
2024-06-18_003PM,2024-06-18_003PM__MID00481,00481,v3,True,ON_RBC,218.0,69.8,-3823.5,-217.1,620.0,630.0,M3,54.5,54.5,55.9,3.2,3.2,2.0,15,0.3189,0.2341,1.362,0.228,0.2588,339.6,217.26,11.41,200.7,196.18,10.55,7.03,0.664,-88.1,197.42,7.76,-31576.4,-32975.9,yes,,-218.0,0.0,1.029,M3,yes
2024-07-03_044DY,2024-07-03_044DY__MID00646,00646,v3,True,ON_RBC,217.8,69.1,-3823.5,-217.1,620.0,630.0,M3,47.5,47.5,51.6,2.4,2.4,1.1,24,0.2869,0.1925,1.491,0.2124,0.2139,337.4,216.87,12.03,200.5,196.14,10.85,7.83,0.57,-101.2,197.28,7.93,-31223.7,-33034.2,yes,,-217.8,0.0,1.036,M3,yes
2024-07-29_004DS,2024-07-29_004DS__MID00239,00239,v3,True,ON_RBC,218.1,61.9,-3823.5,-217.1,620.0,630.0,M3,64.5,64.5,48.8,4.6,4.6,3.7,19,0.3359,0.3098,1.084,0.261,0.3323,301.6,215.32,10.96,199.44,195.97,10.7,5.39,1.803,-47.8,197.38,8.01,-31275.6,-32388.6,yes,,-218.1,1.6,1.023,M3,yes
2024-08-12_013VM,2024-08-12_013VM__MID00408,00408,v3,False,ON_RBC,217.9,67.9,-3823.5,-217.1,620.0,630.0,M3,47.9,47.9,44.5,3.2,3.2,2.6,10,0.2923,0.2238,1.306,0.181,0.2509,330.4,216.32,12.03,201.73,195.48,11.04,7.45,0.502,-86.4,196.66,8.65,-31073.5,-31646.6,yes,,-217.9,4.5,1.006,M3,yes
2024-08-12_013VM,2024-08-12_013VM__MID00410,00410,v3,True,ON_RBC,217.9,66.4,-3823.5,-217.1,620.0,630.0,M3,49.6,49.6,43.9,5.8,5.8,3.2,21,0.291,0.219,1.329,0.1783,0.2439,328.4,216.33,12.06,201.45,195.53,11.41,7.4,0.57,-86.8,196.78,8.56,-30973.2,-31709.7,yes,,-217.9,3.6,1.002,M3,yes
2024-08-15_006MM,2024-08-15_006MM__MID00065,00065,v3,True,ABOVE_RBC,231.3,62.9,-4085.0,-231.9,620.0,630.0,M3,42.0,42.0,41.8,2.9,2.9,0.6,10,0.3804,0.2425,1.569,0.2858,0.261,334.7,217.1,12.11,201.77,196.29,12.55,8.61,0.49,-110.5,197.43,8.71,-32307.8,-33029.7,yes,carrier_ABOVE_RBC,-231.3,3.4,0.994,M3,yes
2024-08-19_015HK,2024-08-19_015HK__MID00113,00113,v3,True,ON_RBC,218.0,58.4,-3823.5,-217.1,620.0,630.0,M3,53.5,53.5,49.5,2.6,2.6,1.1,26,0.4735,0.32,1.48,0.385,0.3421,345.2,217.68,11.83,201.24,196.17,12.27,8.32,0.606,-99.3,197.51,8.73,-30662.2,-31609.5,yes,,-218.0,1.8,0.99,M3,yes
2024-08-21_044DY,2024-08-21_044DY__MID00211,00211,v3,True,ON_RBC,217.6,69.8,-3823.5,-217.1,620.0,630.0,M3,48.6,48.6,52.4,7.1,7.1,2.7,22,0.317,0.2159,1.468,0.2448,0.2376,337.2,216.96,11.65,200.67,196.26,10.73,7.78,0.544,-100.3,197.37,7.92,-31154.2,-32137.3,yes,,-217.6,1.0,1.02,M3,yes
2024-08-23_016PG,2024-08-23_016PG__MID00298,00298,v3,True,ON_RBC,217.8,51.3,-3823.5,-217.1,620.0,630.0,M3,53.1,53.1,47.8,2.2,2.2,0.8,19,0.7891,0.4914,1.606,0.682,0.5,341.4,217.54,11.34,201.41,196.4,14.19,8.82,0.543,-110.3,197.54,8.83,-31717.3,-32497.9,yes,,-217.8,1.8,1.04,M3,yes
2024-08-28_007IT,2024-08-28_007IT__MID00040,00040,v3,True,ON_RBC,217.9,66.1,-3823.5,-217.1,620.0,630.0,M2,70.6,54.5,70.6,5.3,16.5,5.3,11,0.1763,0.1763,1.0,0.1763,0.1783,334.3,215.82,8.69,201.37,195.49,9.77,7.23,0.56,-89.3,196.84,8.37,-32224.5,-32978.0,yes,unstable_drop3,-217.9,18.3,1.437,M3,no
2024-08-30_014KS,2024-08-30_014KS__MID00119,00119,v3,True,ON_RBC,217.9,59.2,-3823.5,-217.1,620.0,630.0,M3,38.5,38.5,36.0,2.1,2.1,1.1,24,0.4764,0.3582,1.33,0.4197,0.407,322.1,216.16,12.19,200.25,196.36,9.59,7.73,0.639,-85.3,197.6,8.01,-31619.0,-32485.0,yes,,-217.9,1.3,1.017,M3,yes
2024-09-03_041WF,2024-09-03_041WF__MID00176,00176,v3,True,ON_RBC,217.8,61.0,-3823.5,-217.1,620.0,630.0,M3,58.3,58.3,58.5,1.9,1.9,1.8,20,0.3759,0.2356,1.595,0.3061,0.2438,359.3,218.73,11.53,201.67,196.53,13.18,8.99,0.544,-109.6,197.78,8.99,-31635.6,-32771.6,yes,,-217.8,2.2,0.996,M3,yes
2024-09-09_043AS,2024-09-09_043AS__MID00420,00420,v3,True,ON_RBC,218.0,71.3,-3856.2,-219.0,620.0,630.0,M3,55.5,55.5,56.0,3.7,3.7,1.6,19,0.2687,0.1929,1.393,0.1922,0.2128,347.1,217.97,11.9,200.8,196.22,10.69,7.62,0.803,-89.2,197.8,8.35,-32018.0,-33469.1,yes,,-218.0,0.7,1.037,M3,yes
2024-09-10_008TP,2024-09-10_008TP__MID00465,00465,v3,True,ON_RBC,217.8,65.4,-3823.5,-217.1,620.0,630.0,M3,53.1,53.1,48.4,1.6,1.6,0.8,21,0.445,0.3329,1.337,0.3577,0.3625,336.1,216.94,11.11,200.29,196.07,10.65,7.05,0.735,-84.6,197.36,7.82,-30572.8,-32195.7,yes,,-217.8,1.1,1.011,M3,yes
2024-09-10_045VS,2024-09-10_045VS__MID00525,00525,v3,True,ON_RBC,217.8,67.8,-3823.5,-217.1,620.0,630.0,M3,54.3,54.3,58.8,2.8,2.8,0.7,20,0.3933,0.2635,1.493,0.3328,0.2835,357.6,218.22,10.86,200.55,196.41,10.31,7.77,0.577,-101.1,197.56,7.77,-31462.4,-32827.8,yes,,-217.8,1.5,0.957,M3,yes
2024-09-24_039CP,2024-09-24_039CP__MID00042,00042,v3,True,ON_RBC,220.4,61.1,-3888.9,-220.8,620.0,630.0,M3,53.3,53.3,53.1,2.7,2.7,1.1,13,0.3868,0.2562,1.51,0.3186,0.2732,346.7,217.58,11.75,201.09,196.1,11.92,8.66,0.559,-103.1,197.4,8.8,-31569.2,-32357.6,yes,,-220.4,1.6,0.996,M3,yes
2024-09-24_046AA,2024-09-24_046AA__MID00257,00257,v3,True,ON_RBC,216.7,67.2,-3823.5,-217.1,620.0,630.0,M3,53.5,53.5,54.6,4.5,4.5,1.2,5,0.3111,0.2066,1.506,0.2467,0.2192,359.6,218.28,11.12,200.65,196.29,11.74,8.0,0.562,-102.6,197.42,8.11,-31728.8,-32373.0,yes,,-216.7,0.4,1.058,M3,yes
2024-09-26_009ML,2024-09-26_009ML__MID00123,00123,v3,True,ON_RBC,217.9,61.9,-3823.5,-217.1,620.0,630.0,M3,50.4,50.4,49.0,1.6,1.6,0.4,15,0.3873,0.2664,1.454,0.3115,0.2862,333.9,217.22,11.56,201.26,196.39,11.23,8.31,0.623,-96.8,197.79,8.65,-30514.9,-32034.7,yes,,-217.9,0.9,1.006,M3,yes
2024-09-27_036RL,2024-09-27_036RL__MID00165,00165,v3,True,ON_RBC,217.6,68.7,-3823.5,-217.1,620.0,630.0,M3,49.5,49.5,50.8,5.5,5.5,4.2,15,0.2302,0.1561,1.474,0.1484,0.1731,331.0,217.27,12.36,201.07,196.31,10.81,8.08,0.837,-95.4,198.04,8.56,-32098.0,-33359.1,yes,,-217.6,2.1,1.023,M3,yes
2024-10-02_011CN,2024-10-02_011CN__MID00121,00121,v3,True,ON_RBC,217.7,67.0,-3823.5,-217.1,620.0,630.0,M3,55.8,55.8,55.2,5.0,5.0,3.2,10,0.3968,0.2787,1.424,0.283,0.2987,343.4,217.11,11.28,201.12,195.44,11.7,7.62,0.622,-94.5,196.81,8.52,-31701.4,-32083.0,yes,,-217.7,2.7,1.013,M3,yes
2024-10-02_018CS,2024-10-02_018CS__MID00150,00150,v3,True,ON_RBC,217.7,42.4,-3823.5,-217.1,620.0,630.0,M3,46.6,46.6,47.8,9.0,9.0,7.8,4,0.5754,0.3698,1.556,0.3971,0.3907,317.5,216.39,11.86,204.28,195.98,13.0,9.08,0.401,-116.4,197.1,9.69,-32222.6,-32255.0,yes,unstable_drop3,-217.7,4.9,1.422,M3,no
2024-10-08_009JT,2024-10-08_009JT__MID00280,00280,v3,True,ON_RBC,218.0,65.1,-3823.5,-217.1,620.0,630.0,M3,57.7,57.7,49.8,8.1,8.1,4.9,8,0.3761,0.2654,1.417,0.2354,0.289,328.9,216.71,12.25,201.62,195.47,12.54,7.6,0.717,-92.2,196.98,8.86,-31978.2,-32361.5,yes,unstable_drop3,-218.0,6.7,1.066,M3,no
2024-10-10_019LR,2024-10-10_019LR__MID00057,00057,v3,True,ON_RBC,217.7,70.6,-3823.5,-217.1,620.0,630.0,M3,46.1,46.1,40.5,5.7,5.7,3.2,6,0.3614,0.3015,1.198,0.2403,0.3538,322.2,215.4,12.18,200.53,195.29,9.51,6.4,0.531,-71.1,196.28,7.72,-31571.1,-32181.9,yes,,-217.7,1.5,1.029,M3,yes
2024-10-16_020JS,2024-10-16_020JS__MID00285,00285,v3,True,ON_RBC,217.8,60.5,-3823.5,-217.1,620.0,630.0,M2,57.7,39.6,57.7,4.9,15.9,4.9,11,0.2383,0.2383,1.0,0.2383,0.2424,348.2,216.96,10.04,202.5,195.62,12.62,9.66,0.549,-123.9,197.19,9.54,-32074.8,-32220.1,yes,unstable_drop3,-217.8,5.9,1.538,M3,no
2024-10-16_047SS,2024-10-16_047SS__MID00253,00253,v3,True,ON_RBC,217.9,61.3,-3823.5,-217.1,620.0,630.0,M3,55.3,55.3,49.0,11.0,11.0,5.3,8,0.3231,0.2462,1.312,0.2387,0.2726,314.7,216.64,12.57,202.4,196.34,11.1,8.53,0.671,-83.1,198.11,9.8,-32029.6,-32519.2,yes,,-217.9,3.3,1.003,M3,yes
2024-10-17_048JJ,2024-10-17_048JJ__MID00375,00375,v3,True,ON_RBC,217.4,59.1,-3823.5,-217.1,620.0,630.0,M3,49.1,49.1,51.0,3.5,3.5,3.5,10,0.3909,0.2328,1.679,0.2958,0.247,343.0,217.13,12.35,201.35,195.72,13.24,9.14,0.527,-115.7,196.96,9.05,-32273.7,-32695.5,yes,,-217.4,2.1,1.034,M3,yes
2024-10-22_021CH,2024-10-22_021CH__MID01092,01092,v3,True,ON_RBC,217.9,59.1,-3823.5,-217.1,620.0,630.0,M3,61.1,61.1,52.5,7.6,7.6,3.0,14,0.504,0.3932,1.282,0.3996,0.4275,334.8,217.33,11.89,201.56,195.89,11.74,7.61,0.749,-78.8,197.45,9.14,-31592.7,-32384.9,yes,,-217.9,1.8,1.02,M3,yes
2024-10-23_047SS,2024-10-23_047SS__MID01296,01296,v3,True,ON_RBC,217.8,33.4,-3856.2,-219.0,620.0,630.0,M3,68.1,68.1,88.1,11.0,11.0,5.9,10,0.1759,0.133,1.323,0.2778,0.1365,341.8,215.82,14.22,197.55,193.16,13.26,14.0,2.869,96.5,199.03,16.07,-32196.4,-32369.8,yes,unstable_drop3,-217.8,18.5,0.756,M2,no
2024-10-28_022VT,2024-10-28_022VT__MID01688,01688,v3,True,ON_RBC,218.1,62.8,-3823.5,-217.1,620.0,630.0,M3,48.8,48.8,52.6,10.0,10.0,4.3,10,0.3228,0.2459,1.313,0.2167,0.2751,334.5,216.21,11.82,202.05,195.39,10.79,7.65,0.379,-93.4,196.36,8.58,-32076.9,-32413.8,yes,,-218.1,3.0,1.037,M3,yes
2024-10-29_049WG,2024-10-29_049WG__MID01795,01795,v3,True,ON_RBC,217.7,59.7,-3823.5,-217.1,620.0,630.0,M3,55.3,55.3,54.0,6.4,6.4,4.1,13,0.4152,0.2676,1.551,0.332,0.2813,345.0,217.81,11.29,200.96,196.19,11.63,8.44,0.74,-101.6,197.77,8.66,-32790.7,-33154.6,yes,,-217.7,1.0,1.05,M3,yes
2024-11-05_023LL,2024-11-05_023LL__MID00201,00201,v3,True,ON_RBC,217.9,56.0,-3823.5,-217.1,620.0,630.0,M3,49.5,49.5,45.9,5.7,5.7,2.3,13,0.4779,0.3173,1.506,0.3503,0.3472,322.2,216.79,12.99,202.58,195.95,12.19,9.17,0.625,-100.9,197.7,9.92,-31964.2,-32407.8,yes,,-217.9,0.0,1.108,M3,yes
2024-11-13_025JC,2024-11-13_025JC__MID00064,00064,v3,True,ON_RBC,218.0,42.1,-3823.5,-217.1,620.0,630.0,M3,51.5,51.5,46.2,2.0,2.0,0.4,14,1.3482,0.7291,1.849,1.0294,0.6655,304.5,216.92,10.45,205.81,197.33,21.92,9.01,0.372,-142.7,197.8,8.76,-31806.0,-32134.5,yes,,-218.0,1.8,0.956,M3,yes
2024-11-18_026CH,2024-11-18_026CH__MID00118,00118,v3,True,ON_RBC,218.1,76.1,-3856.2,-219.0,620.0,630.0,M3,63.3,63.3,48.5,10.7,10.7,6.0,10,0.328,0.2353,1.394,0.1655,0.2607,301.2,215.09,12.3,200.38,195.46,12.02,6.15,1.056,-88.7,196.97,7.58,-31224.6,-32233.0,yes,,-218.1,1.5,0.968,M3,yes
2024-11-26_050EH,2024-11-26_050EH__MID00377,00377,v3,True,ON_RBC,217.0,58.0,-3823.5,-217.1,620.0,630.0,M3,47.7,47.7,53.9,7.4,7.4,3.6,12,0.3176,0.2229,1.425,0.2553,0.2416,350.7,218.06,12.11,202.81,196.37,11.7,8.99,0.381,-106.1,197.5,9.35,-32905.4,-33285.6,yes,,-217.0,4.1,1.042,M3,yes
2024-12-05_043AS,2024-12-05_043AS__MID00560,00560,v3,True,ON_RBC,217.9,55.5,-3823.5,-217.1,620.0,630.0,M2,59.4,46.0,59.4,2.9,10.9,2.9,5,0.154,0.154,1.0,0.154,0.1593,356.0,217.47,9.43,201.68,196.14,15.88,8.87,0.593,-131.9,197.25,8.45,-32284.4,-32425.9,yes,unstable_drop3,-217.9,0.3,1.932,M3,no
2024-12-06_051VM,2024-12-06_051VM__MID00015,00015,v3,True,ON_RBC,218.0,71.3,-3823.5,-217.1,620.0,630.0,M2,47.6,39.1,47.6,4.2,18.6,4.2,9,0.164,0.164,1.0,0.164,0.1646,350.1,216.68,8.79,202.88,195.74,11.4,7.89,0.402,-105.0,196.8,8.7,-32099.5,-32357.2,yes,unstable_drop3,-218.0,2.7,1.428,M3,no
2024-12-09_027JC,2024-12-09_027JC__MID00046,00046,v3,True,ON_RBC,218.1,47.6,-3823.5,-217.1,620.0,630.0,M3,50.3,50.3,47.9,nan,nan,nan,1,0.3669,0.2878,1.275,0.2479,0.3322,331.9,217.26,12.84,202.63,196.09,10.33,7.7,0.552,-81.2,197.54,9.31,-30326.7,-30500.3,yes,,-218.1,0.8,1.043,M3,yes
