key,binning,insp_bin,exp_bin,gas_snr_insp,gas_snr_exp,dp_snr_insp,dp_snr_exp,gas_snr_max,gas_max_bin,gas_snr_min,gas_min_bin,dp_snr_max,dp_max_bin,dp_snr_min,dp_min_bin,dp_method,rbc_snr_max,rbc_max_bin,rbc_snr_min,rbc_min_bin,rbc_snr_ei,tp_snr_max,tp_max_bin,tp_snr_min,tp_min_bin,tp_snr_ei,rbc_snr_per_bin,tp_snr_per_bin,lung_vox_insp,lung_vox_exp,gas_sigma_insp,gas_sigma_exp,bg_voxels,bins,gas_snr_per_bin,dp_snr_per_bin,lung_vox_per_bin,error
2023-01-31_000LL,d,7,15,29.73,11.09,21.12,8.67,32.28,6,11.09,15,24.29,6,8.67,15,"split: whitened |z|, Rician-corrected (untagged, pre-40d23a4)",18.57,6,5.32,0,14.71,-0.34,0,-1.22,5,-0.87,5.3 6.1 8.3 11.7 15.7 18.1 18.6 14.7 13.4 11.3 9.6 8.7 7.7 6.6 5.7 5.6,-0.3 -0.5 -0.7 -1.0 -1.1 -1.2 -1.2 -0.9 -0.7 -0.7 -0.6 -0.6 -0.7 -0.7 -0.6 -0.4,94153,54333,320.44,283.05,8000,16,12.0 14.2 17.1 21.4 25.2 28.5 32.3 29.7 28.4 24.6 21.2 17.8 15.0 13.5 11.9 11.1,9.1 9.5 10.9 15.8 22.4 24.0 24.3 21.1 20.4 17.3 14.4 12.6 10.7 9.8 9.2 8.7,56927 64290 73170 80597 84840 89116 93896 94153 93545 89405 84321 77690 70590 64903 59138 54333,
2023-03-08_017AK,d,8,0,37.47,19.83,17.17,11.69,37.47,8,18.80,1,17.17,8,10.74,2,"unsplit: whitened |z|, Rician-corrected",,,,,,,,,,,,,105671,62398,1022.31,835.18,8000,16,19.8 18.8 19.3 21.5 25.3 30.4 34.7 37.0 37.5 36.1 33.2 29.4 26.5 24.3 22.8 21.4,11.7 11.4 10.7 11.2 12.5 14.1 15.0 15.9 17.2 16.9 16.4 15.7 14.9 13.8 11.7 11.4,62398 63290 68138 74835 83365 91983 99393 103739 105671 103099 97149 88599 81251 75100 69999 65344,
2023-03-09_023DB,d,8,0,40.25,22.38,22.16,10.45,40.25,8,22.38,0,22.16,8,10.45,0,"unsplit: whitened |z|, Rician-corrected",,,,,,,,,,,,,113793,72641,1074.79,875.61,8000,16,22.4 22.8 25.0 27.8 30.3 34.1 36.5 39.7 40.3 37.3 34.2 32.6 30.5 28.9 27.0 24.0,10.4 11.0 12.9 14.4 14.2 14.2 15.5 18.9 22.2 21.1 19.8 17.0 16.3 15.1 14.0 12.3,72641 75455 81506 85609 89096 96394 102879 111028 113793 106583 98677 92937 87084 83236 80779 76260,
2023-03-10_004LR,d,6,15,46.71,17.14,20.94,9.48,46.71,6,17.14,15,20.94,6,9.48,15,"unsplit: whitened |z|, Rician-corrected",,,,,,,,,,,,,120588,64281,1011.97,831.54,8000,16,17.3 19.7 26.0 34.1 41.9 46.1 46.7 44.1 38.0 34.4 30.5 26.3 23.2 20.3 18.1 17.1,10.0 11.3 14.0 17.7 19.0 20.7 20.9 18.2 15.3 13.9 14.1 13.5 12.7 12.1 10.7 9.5,65514 72808 88814 109287 118469 119637 120588 119102 113979 108034 99190 89325 79638 71796 66295 64281,
2023-03-24_029CK,d,7,0,38.35,13.83,18.08,10.23,38.35,7,13.83,0,18.08,7,9.98,1,"unsplit: whitened |z|, Rician-corrected",,,,,,,,,,,,,93751,45056,825.95,668.72,8000,16,13.8 14.6 17.9 24.7 31.9 35.7 37.7 38.4 36.3 31.3 26.2 22.7 20.0 17.8 16.3 14.8,10.2 10.0 10.9 13.8 14.3 16.0 17.9 18.1 15.3 13.8 13.4 13.6 13.0 12.0 11.6 11.0,45056 48481 56653 67499 76731 84320 90589 93751 93328 89073 82107 73547 64240 56040 49656 45741,
2023-03-27_02BB,d,8,0,17.21,10.98,4.13,3.14,17.21,8,10.94,15,4.13,8,2.81,3,"unsplit: whitened |z|, Rician-corrected",,,,,,,,,,,,,65619,39140,676.70,725.33,8000,16,11.0 11.1 11.5 12.1 13.2 14.5 15.6 16.9 17.2 15.5 14.4 13.5 12.8 12.0 11.3 10.9,3.1 3.2 2.9 2.8 2.9 3.4 3.8 4.0 4.1 4.1 3.7 3.7 3.4 3.5 3.6 3.2,39140 40489 44076 46489 51398 55451 58555 63722 65619 60781 55863 51535 48950 46276 43263 40407,
2023-03-31_032WS,d,7,1,17.46,8.62,6.16,4.82,17.49,6,8.62,1,6.97,5,4.27,0,"unsplit: whitened |z|, Rician-corrected",,,,,,,,,,,,,91335,33424,559.72,524.08,8000,16,8.8 8.6 9.0 10.7 14.2 16.7 17.5 17.5 16.8 15.0 13.3 12.2 11.4 10.6 9.8 9.2,4.3 4.8 4.8 4.8 5.9 7.0 6.8 6.2 6.3 5.9 5.2 5.2 5.2 5.3 5.2 4.6,34147 33424 42146 62201 78669 87102 90324 91335 90816 86428 80525 72894 62826 52510 43590 38206,
2023-04-07_030DN,d,7,0,32.80,15.37,10.97,9.79,34.65,6,15.37,0,15.08,4,8.41,1,"split: whitened |z|, Rician-corrected (untagged, pre-40d23a4)",3.57,4,2.22,2,3.39,12.84,4,7.47,1,10.27,3.0 2.3 2.2 2.8 3.6 3.6 3.5 3.4 2.9 2.7 2.6 2.6 2.9 3.0 2.9 3.1,8.8 7.5 8.6 10.7 12.8 12.6 11.0 10.3 9.7 8.5 9.0 9.9 10.2 9.6 9.8 9.8,127825,55628,412.51,325.88,8000,16,15.4 15.9 20.6 27.5 32.3 34.2 34.6 32.8 30.3 27.8 25.0 22.5 19.9 17.8 16.7 15.7,9.8 8.4 10.2 13.2 15.1 13.9 12.0 11.0 10.7 10.6 10.4 11.0 11.2 10.8 11.2 10.9,55628 62048 77081 95661 110716 118620 126105 127825 127065 123054 115996 106229 88936 72902 62122 57039,
2023-04-11_000KR,d,8,0,31.57,22.03,nan,nan,31.91,7,21.77,2,,,,,none (gas-only acquisition),,,,,,,,,,,,,133100,90004,320.68,232.54,8000,16,22.0 22.9 21.8 22.5 25.2 26.5 28.8 31.9 31.6 30.1 28.7 26.4 24.6 23.1 23.4 22.5,,90004 92164 93149 96624 104500 112572 121669 131330 133100 129832 124992 118370 111077 102826 98451 93024,
2023-04-14_000KR,d,8,0,31.58,20.05,nan,nan,31.58,8,19.75,15,,,,,none (gas-only acquisition),,,,,,,,,,,,,110311,73835,251.97,234.78,8000,16,20.0 20.7 21.3 20.2 23.0 25.8 28.4 30.8 31.6 30.6 28.3 25.6 23.9 21.1 19.9 19.8,,73835 75692 77640 77852 84218 93057 101286 107889 110311 107736 103205 98226 91279 83009 77237 74413,
2023-04-18_021JM,d,8,1,22.04,8.94,8.34,7.99,22.53,7,8.94,1,9.53,6,6.56,3,"split: whitened |z|, Rician-corrected (untagged, pre-40d23a4)",5.26,6,3.86,2,4.65,-0.72,9,-1.21,1,-0.82,4.2 4.2 3.9 4.0 4.5 5.2 5.3 4.6 4.6 4.6 4.6 4.7 4.2 3.9 4.4 4.4,-1.2 -1.2 -1.1 -1.1 -1.1 -1.0 -1.0 -0.9 -0.8 -0.7 -0.7 -0.7 -0.8 -0.9 -1.0 -1.1,122793,41405,263.11,268.77,8000,16,9.2 8.9 9.3 11.1 14.9 19.2 21.5 22.5 22.0 20.7 19.1 15.9 13.2 11.5 10.6 9.8,8.1 8.0 7.5 6.6 7.7 9.3 9.5 8.6 8.3 9.0 9.0 8.9 7.9 7.8 8.4 8.1,42520 41405 48550 67288 88067 108422 119329 122155 122793 118925 112000 97525 79584 64111 53718 47374,
2023-04-26_023DB,d,8,0,29.31,16.15,17.76,11.21,29.31,8,16.15,0,18.28,7,10.53,3,"split: whitened |z|, Rician-corrected (untagged, pre-40d23a4)",13.88,9,7.76,0,13.10,-1.22,15,-1.95,5,-1.91,7.8 8.5 9.5 9.1 9.9 11.2 11.2 11.6 13.1 13.9 13.1 13.1 11.2 10.5 10.5 8.5,-1.2 -1.4 -1.4 -1.5 -1.8 -1.9 -1.7 -1.7 -1.9 -1.7 -1.8 -1.6 -1.6 -1.8 -1.6 -1.2,116236,78979,392.61,336.64,8000,16,16.1 17.1 19.4 21.7 24.5 26.4 27.3 28.3 29.3 28.5 27.0 25.0 22.7 21.6 21.0 18.6,11.2 12.1 11.2 10.5 11.8 14.1 17.5 18.3 17.8 17.7 16.3 17.2 14.3 12.9 12.6 11.4,78979 82921 88956 93929 101712 105894 109643 113548 116236 112711 106577 100716 94592 90207 87509 83057,
2023-05-02_011BA,d,8,0,33.35,14.05,17.95,10.08,33.35,8,13.86,15,18.29,6,9.64,14,"split: whitened |z|, Rician-corrected (untagged, pre-40d23a4)",8.72,8,3.90,15,8.72,-1.18,0,-2.23,7,-2.06,4.0 4.5 4.9 5.5 6.9 8.4 8.6 8.5 8.7 8.0 6.7 5.8 5.1 4.7 4.2 3.9,-1.2 -1.2 -1.3 -1.6 -1.9 -2.1 -2.2 -2.2 -2.1 -2.0 -1.7 -1.5 -1.4 -1.5 -1.4 -1.3,95641,48607,370.72,300.54,8000,16,14.1 15.6 17.1 20.7 25.5 29.4 32.2 33.2 33.3 30.9 27.7 25.2 22.2 17.8 14.9 13.9,10.1 9.9 9.7 10.6 14.1 17.2 18.3 17.9 18.0 15.8 13.9 13.2 12.6 10.5 9.6 9.9,48607 51660 56083 63903 75576 85247 90454 94699 95641 92512 87219 81249 74250 63776 55248 50079,
2023-05-02_012SR,d,7,0,27.19,14.10,15.74,13.98,28.48,5,13.05,14,18.69,5,11.86,14,"split: whitened |z|, Rician-corrected (untagged, pre-40d23a4)",10.06,5,5.87,13,8.43,-1.47,10,-2.34,5,-2.05,7.0 6.7 6.6 7.1 8.7 10.1 9.2 8.4 7.8 6.9 6.4 6.2 6.0 5.9 6.2 7.4,-1.8 -1.8 -1.9 -1.9 -2.2 -2.3 -2.3 -2.0 -1.6 -1.5 -1.5 -1.6 -1.7 -1.7 -1.7 -1.9,84079,41343,332.84,260.31,8000,16,14.1 14.0 15.1 19.3 25.4 28.5 27.7 27.2 25.6 22.9 20.1 17.4 15.0 13.4 13.0 13.6,14.0 12.4 12.7 16.5 18.1 18.7 16.1 15.7 16.5 14.6 13.3 13.4 12.4 12.0 11.9 13.3,41343 43485 47868 57282 69315 77625 81458 84079 81859 75767 69108 62097 54205 47336 43067 41457,
2023-05-04_034LR,d,7,0,42.86,26.55,27.75,19.05,43.32,6,26.55,0,29.37,8,16.67,1,"split: whitened |z|, Rician-corrected (untagged, pre-40d23a4)",19.18,8,11.47,13,17.64,-0.76,13,-1.06,15,-1.00,12.9 11.9 12.0 13.6 15.5 16.0 16.1 17.6 19.2 18.1 16.9 14.7 12.5 11.5 12.5 13.9,-1.0 -0.9 -1.0 -1.0 -0.8 -0.8 -0.8 -1.0 -0.9 -0.8 -0.9 -0.8 -0.8 -0.8 -1.0 -1.1,91012,64001,380.51,321.33,8000,16,26.6 27.5 29.1 32.9 37.0 41.4 43.3 42.9 41.5 41.4 40.8 37.7 34.4 32.3 30.1 27.8,19.1 16.7 17.4 20.0 23.8 28.4 27.8 27.8 29.4 27.3 26.6 24.0 22.3 22.3 21.9 20.8,64001 67222 69415 73757 78836 84253 89018 91012 89709 87888 84865 79242 74558 71260 67966 64853,
2023-05-15_000SK,d,7,0,14.93,8.08,6.09,5.18,14.93,7,8.08,0,7.09,8,4.82,4,"split: whitened |z|, Rician-corrected",5.11,8,2.84,2,4.32,0.07,7,-0.34,15,0.07,3.2 2.9 2.8 2.9 2.9 3.1 3.5 4.3 5.1 4.9 4.4 4.4 4.0 3.5 3.3 3.7,-0.2 -0.1 -0.0 0.0 -0.0 -0.0 0.1 0.1 -0.0 -0.1 -0.2 -0.3 -0.2 -0.2 -0.3 -0.3,113256,41572,261.79,288.31,8000,16,8.1 8.2 8.2 8.2 8.8 11.0 13.7 14.9 14.0 12.9 11.6 10.5 9.7 9.2 8.9 8.4,5.2 5.1 5.0 5.3 4.8 5.2 5.6 6.1 7.1 6.9 6.4 6.5 6.1 5.5 5.1 5.4,41572 43794 46135 51385 64094 87017 105926 113256 108720 99960 87036 75591 65728 59823 54850 47350,
2023-05-15_035EK,d,5,0,29.83,16.54,17.35,9.60,35.72,7,15.14,1,19.15,6,9.60,0,"split: whitened |z|, Rician-corrected (untagged, pre-40d23a4)",15.52,6,7.64,2,13.03,-0.58,4,-0.85,0,-0.63,7.9 7.9 7.6 8.1 9.4 13.0 15.5 14.0 11.4 11.2 11.7 10.9 10.3 10.4 9.3 8.0,-0.8 -0.7 -0.6 -0.7 -0.6 -0.6 -0.8 -0.6 -0.7 -0.8 -0.7 -0.7 -0.7 -0.7 -0.7 -0.7,137758,80740,425.21,287.52,8000,16,16.5 15.1 16.9 20.6 25.1 29.8 34.3 35.7 33.8 31.1 27.9 25.0 24.1 22.6 21.1 18.8,9.6 9.9 9.9 11.6 13.6 17.3 19.1 16.6 14.3 14.6 16.5 14.6 12.9 12.6 11.7 9.8,80740 81186 88951 103558 123991 137758 137491 133186 128637 124164 117599 109659 105055 99452 93083 85915,
2023-05-18_000SV,d,7,0,28.26,13.88,16.74,11.30,28.26,7,13.78,1,18.27,5,10.72,1,"split: whitened |z|, Rician-corrected",12.97,5,7.18,15,9.80,-1.23,2,-2.00,6,-1.71,7.6 7.4 7.4 8.7 10.4 13.0 12.6 9.8 8.2 8.4 8.5 8.0 8.0 8.5 7.9 7.2,-1.7 -1.4 -1.2 -1.6 -1.7 -2.0 -2.0 -1.7 -1.4 -1.3 -1.4 -1.4 -1.4 -1.4 -1.5 -1.6,139788,76261,426.11,323.28,8000,16,13.9 13.8 16.9 22.3 25.5 27.7 28.0 28.3 27.5 26.7 25.2 22.8 20.7 18.8 16.7 14.8,11.3 10.7 11.3 12.2 15.5 18.3 17.1 16.7 13.8 14.0 13.4 13.4 13.2 13.7 13.5 12.1,76261 80916 93925 108085 118591 128681 135181 139788 139637 136085 129458 120462 110465 100441 89534 80229,
2023-08-24_030DN,d,9,0,37.65,22.49,17.87,17.12,39.18,6,21.28,1,32.58,6,16.90,10,"split: whitened |z|, Rician-corrected (untagged, pre-40d23a4)",23.65,6,10.62,3,13.90,16.70,6,7.56,3,10.35,11.7 11.5 10.9 10.6 15.1 21.7 23.7 22.3 18.2 13.9 11.6 11.3 11.9 12.4 13.9 13.4,8.5 8.2 7.6 7.6 10.7 15.3 16.7 16.0 13.9 10.3 8.6 8.5 8.5 9.0 10.3 9.8,124423,67101,406.44,313.80,8000,16,22.5 21.3 21.9 25.3 32.1 37.3 39.2 39.1 38.0 37.6 35.3 32.2 30.5 28.3 25.4 23.7,17.1 17.0 18.5 20.3 25.8 30.5 32.6 28.3 21.2 17.9 16.9 18.1 18.6 18.1 18.8 19.9,67101 68615 76917 91433 105311 112123 117317 118969 122117 124423 119597 109121 101392 88714 77052 70621,
2023-09-25_032WS,d,8,15,31.12,19.54,22.99,16.32,32.40,6,18.38,1,36.17,5,16.30,0,"split: whitened |z|, Rician-corrected (untagged, pre-40d23a4)",7.73,6,3.26,0,5.96,-2.41,0,-5.72,6,-4.41,3.3 3.3 4.0 5.6 5.6 6.5 7.7 6.5 6.0 5.1 4.4 4.2 4.3 4.3 3.7 3.4,-2.4 -2.5 -3.0 -4.1 -4.1 -4.7 -5.7 -4.8 -4.4 -3.8 -3.2 -3.1 -3.2 -3.2 -2.8 -2.5,110509,77170,520.79,352.95,8000,16,18.7 18.4 19.4 23.3 28.8 31.9 32.4 31.5 31.1 29.1 27.8 26.0 23.8 21.9 20.3 19.5,16.3 16.8 17.1 21.4 28.7 36.2 33.6 25.8 23.0 22.4 19.5 17.7 20.4 20.7 17.7 16.3,77881 79209 81946 90436 102790 108357 109300 110137 110509 108680 105666 100598 92151 84347 78776 77170,
2023-10-10_002BB,d,6,15,28.18,16.48,12.35,5.60,28.35,7,16.31,0,12.35,6,5.17,0,"split: whitened |z|, Rician-corrected (untagged, pre-40d23a4)",6.47,5,2.76,0,6.41,-0.60,0,-1.28,5,-1.21,2.8 3.2 4.5 5.4 6.1 6.5 6.4 5.7 5.1 5.5 6.1 5.8 4.6 4.0 3.9 3.3,-0.6 -0.6 -0.8 -1.0 -1.2 -1.3 -1.2 -1.1 -1.0 -1.1 -1.2 -1.2 -0.9 -0.7 -0.7 -0.7,123783,78880,821.31,523.79,8000,16,16.3 19.7 21.6 22.7 25.2 26.9 28.2 28.3 27.5 26.2 25.2 24.3 25.1 23.2 19.6 16.5,5.2 6.3 8.7 9.7 10.9 11.8 12.4 11.2 10.5 11.5 11.1 9.5 8.6 7.8 6.5 5.6,81229 96112 96411 98094 109067 114989 123783 120709 115471 105817 99642 93680 92976 90167 84400 78880,
2023-10-20_001JM,d,10,15,25.92,17.35,6.52,3.61,26.65,8,17.35,15,7.98,6,3.46,1,"split: whitened |z|, Rician-corrected (untagged, pre-40d23a4)",6.02,7,2.59,1,4.79,7.08,6,2.77,1,5.86,2.7 2.6 2.7 3.1 3.7 5.0 5.7 6.0 6.0 5.5 4.8 4.2 3.6 3.4 2.9 2.8,2.8 2.8 3.1 3.7 5.0 6.7 7.1 6.8 6.2 5.9 5.9 5.1 3.9 3.3 3.2 2.9,86710,62487,415.33,311.30,8000,16,17.8 17.7 17.7 18.5 20.8 23.6 24.5 25.5 26.6 26.5 25.9 23.9 21.0 19.0 18.1 17.3,3.5 3.5 3.8 4.3 5.5 7.4 8.0 7.8 7.3 6.9 6.5 5.7 4.6 4.1 3.8 3.6,63265 65365 66288 64546 68916 77491 83519 83444 85460 86110 86710 80385 72718 66833 65099 62487,
2023-10-25_002JM,d,6,0,9.05,7.52,1.45,1.37,9.05,6,7.25,15,2.16,12,1.33,15,"split: whitened |z|, Rician-corrected (untagged, pre-40d23a4)",1.24,12,0.29,0,0.87,0.00,15,-0.31,4,-0.24,0.3 0.3 0.6 0.8 0.9 0.9 0.9 0.8 0.7 0.9 1.1 1.1 1.2 1.2 0.8 0.4,-0.1 -0.1 -0.2 -0.3 -0.3 -0.2 -0.2 -0.2 -0.2 -0.2 -0.2 -0.1 -0.1 -0.1 -0.0 0.0,41530,10377,611.38,580.27,8000,16,7.5 7.6 8.2 8.6 8.8 8.9 9.0 9.0 8.9 8.7 8.7 8.8 8.8 8.2 7.6 7.2,1.4 1.4 1.5 1.6 1.7 1.6 1.5 1.5 1.4 1.7 2.0 2.1 2.2 2.0 1.7 1.3,10377 18221 28213 32232 33693 38016 41530 39210 35772 35156 35259 36720 34948 30364 20744 11652,
2023-10-27_000LL,d,7,15,31.38,24.17,22.99,23.68,32.37,8,22.70,3,30.69,11,17.10,3,"split: whitened |z|, Rician-corrected",18.05,10,10.81,3,15.00,-0.05,8,-0.47,12,-0.24,13.4 13.8 13.1 10.8 11.1 14.1 16.1 15.0 14.9 16.1 18.1 15.9 16.2 14.9 15.0 14.8,-0.4 -0.3 -0.3 -0.3 -0.3 -0.3 -0.1 -0.2 -0.1 -0.3 -0.4 -0.4 -0.5 -0.4 -0.4 -0.4,110983,77714,540.31,428.94,8000,16,23.9 23.5 22.9 22.7 24.3 26.8 29.5 31.4 32.4 32.1 30.9 29.1 27.2 25.7 24.4 24.2,21.2 20.0 19.0 17.1 17.8 20.6 23.0 23.0 23.3 24.5 28.7 30.7 26.9 22.4 22.5 23.7,79724 82143 84434 90033 99813 108431 110441 110983 107356 107596 101735 94329 88396 82170 78635 77714,
2023-10-31_003KH,d,10,3,19.67,16.48,6.39,5.28,20.52,9,14.73,15,8.25,6,4.49,0,"split: whitened |z|, Rician-corrected (untagged, pre-40d23a4)",4.35,8,1.89,15,3.04,2.95,6,1.25,15,2.10,1.9 2.1 2.5 2.8 3.1 3.9 4.3 4.2 4.3 3.8 3.0 3.0 2.9 2.7 2.3 1.9,1.3 1.4 1.7 2.0 2.2 2.8 2.9 2.9 2.9 2.6 2.1 2.1 2.1 1.9 1.5 1.2,123062,95196,570.15,865.17,8000,16,15.6 16.8 16.6 16.5 16.6 17.6 18.6 19.4 20.0 20.5 19.7 18.4 17.5 16.9 15.3 14.7,4.5 4.7 5.1 5.3 5.2 6.3 8.3 7.9 7.6 7.2 6.4 6.6 5.6 5.2 4.8 4.5,105147 114161 102377 95196 96989 103222 110095 117456 119637 122112 123062 117898 114688 111892 103039 98969,
2023-11-02_025VP,d,8,0,19.13,14.71,10.94,9.78,19.30,9,14.71,0,12.86,10,9.70,15,"unsplit: whitened |z|, Rician-corrected",,,,,,,,,,,,,36598,26946,495.85,412.92,8000,16,14.7 14.9 15.7 16.6 17.3 17.8 18.9 18.9 19.1 19.3 18.5 17.4 17.0 16.5 15.4 15.0,9.8 10.2 10.5 10.0 9.8 10.5 11.0 10.8 10.9 11.7 12.9 12.8 12.8 12.3 10.2 9.7,26946 28125 29980 31672 32771 33728 35743 35910 36598 36232 34026 32562 31512 30704 28630 27259,
2023-11-02_036RL,d,7,0,24.04,13.19,12.32,7.44,24.04,7,13.19,0,12.95,8,7.44,1,"split: whitened |z|, Rician-corrected (untagged, pre-40d23a4)",8.68,7,5.59,2,8.68,-1.15,13,-1.92,6,-1.87,5.6 5.7 5.6 6.3 6.8 8.2 8.7 8.7 8.6 8.0 8.2 7.9 7.4 6.6 6.3 5.9,-1.3 -1.3 -1.2 -1.3 -1.5 -1.8 -1.9 -1.9 -1.6 -1.4 -1.7 -1.6 -1.3 -1.2 -1.2 -1.2,111213,78402,550.61,498.15,8000,16,13.2 13.9 15.2 16.3 18.4 21.3 23.3 24.0 23.5 22.0 19.9 18.6 16.8 15.6 14.7 13.6,7.4 7.4 7.7 8.4 9.2 10.6 11.3 12.3 13.0 12.9 11.9 10.9 10.6 9.6 9.1 8.2,78402 81806 85357 88619 93989 101757 107317 111213 110037 105277 99405 94255 89182 84671 82669 79018,
2023-11-03_000LL,d,8,0,39.65,32.57,nan,nan,39.65,8,31.14,2,,,,,none (gas-only acquisition),,,,,,,,,,,,,85060,69321,485.47,367.51,8000,16,32.6 31.4 31.1 31.8 33.6 35.4 36.0 37.8 39.7 38.3 36.7 34.8 33.7 34.2 33.1 32.8,,69321 69360 70486 72527 75533 78405 81098 83896 85060 82563 79558 77269 74723 73298 71821 70217,
2023-11-06_002ZS,d,8,1,24.04,14.43,15.01,9.75,24.04,8,14.38,2,15.01,8,9.06,2,"split: whitened |z|, Rician-corrected (untagged, pre-40d23a4)",4.06,8,2.07,3,4.06,-1.50,0,-2.85,8,-2.85,2.2 2.3 2.3 2.1 2.2 2.7 2.8 3.4 4.1 3.7 2.8 2.4 2.5 2.7 2.8 2.4,-1.5 -1.7 -1.6 -1.5 -1.6 -2.0 -2.0 -2.4 -2.8 -2.6 -2.0 -1.7 -1.7 -1.8 -2.0 -1.6,80606,55822,370.77,281.96,8000,16,15.7 14.4 14.4 15.4 17.8 20.4 22.5 23.6 24.0 23.9 22.1 21.3 19.6 18.3 17.6 17.0,10.5 9.7 9.1 9.6 10.6 12.3 14.2 15.0 15.0 13.7 12.0 12.1 12.6 11.7 11.0 10.8,57410 55822 58798 61160 65231 69610 75170 78903 80606 80081 76088 74374 69501 64338 61945 60310,
2023-11-13_037GD,d,8,14,16.37,12.08,8.85,5.85,16.37,8,12.07,13,8.85,8,5.83,13,"split: whitened |z|, Rician-corrected (untagged, pre-40d23a4)",2.30,8,1.38,15,2.30,5.52,8,3.62,15,5.52,1.5 1.7 1.6 1.6 1.8 2.1 2.0 2.3 2.3 2.2 1.9 1.6 1.4 1.5 1.7 1.4,4.0 4.1 4.2 4.1 4.1 4.1 4.2 5.2 5.5 5.5 5.0 4.1 3.8 3.9 3.9 3.6,94225,77110,282.51,288.53,8000,16,14.7 14.8 14.7 14.0 13.8 14.7 15.1 16.0 16.4 16.0 14.6 13.1 12.6 12.1 12.1 13.0,6.5 6.6 6.7 6.4 6.2 6.3 7.2 8.2 8.8 8.4 7.3 6.6 6.2 5.8 5.9 5.9,86431 85955 85046 83985 84927 89412 90124 93638 94225 92638 91506 84661 82260 79358 77110 81864,
2023-11-16_038RL,d,7,0,23.79,15.58,25.70,22.39,24.83,6,15.12,1,26.71,6,16.14,2,"split: whitened |z|, Rician-corrected (untagged, pre-40d23a4)",11.09,13,6.79,2,9.91,2.79,5,1.94,2,2.56,8.7 7.2 6.8 7.7 8.8 10.7 10.4 9.9 10.3 9.9 8.4 8.2 9.5 11.1 10.8 9.8,2.2 2.1 1.9 2.2 2.3 2.8 2.7 2.6 2.7 2.4 2.1 1.9 2.2 2.3 2.6 2.4,156678,108715,575.39,333.33,8000,16,15.6 15.1 16.8 19.3 21.1 24.0 24.8 23.8 23.5 24.0 23.1 21.3 19.9 18.8 17.5 16.0,22.4 17.9 16.1 17.4 20.5 25.9 26.7 25.7 24.5 22.9 20.0 20.6 22.4 23.3 24.2 23.4,108715 108914 119147 131381 138845 147943 155728 156678 155613 156305 150889 142306 131687 123685 116913 110481,
2023-11-17_005DS,d,7,0,23.05,18.39,7.41,4.37,24.21,9,17.13,3,8.61,8,4.16,4,"split: whitened |z|, Rician-corrected (untagged, pre-40d23a4)",7.44,8,3.91,2,6.50,-0.60,4,-0.86,12,-0.72,4.0 3.9 3.9 4.0 4.0 4.7 5.3 6.5 7.4 6.3 5.8 5.8 5.6 4.7 4.6 4.2,-0.6 -0.7 -0.7 -0.6 -0.6 -0.7 -0.7 -0.7 -0.9 -0.8 -0.8 -0.8 -0.9 -0.7 -0.7 -0.7,81001,56316,526.44,368.28,8000,16,18.4 17.7 17.2 17.1 18.4 20.2 21.8 23.1 24.0 24.2 23.1 21.6 20.8 20.0 19.4 18.7,4.4 4.3 4.2 4.2 4.2 5.0 6.1 7.4 8.6 7.7 7.2 7.0 6.4 5.3 5.5 4.9,56316 56417 57539 58762 62143 68255 75300 81001 80824 80176 75502 69832 66567 62416 59620 56784,
2023-11-21_039CP,d,7,0,38.11,24.67,32.42,20.62,38.11,7,24.01,1,37.24,9,18.72,3,"split: whitened |z|, Rician-corrected (untagged, pre-40d23a4)",26.95,6,12.72,3,25.06,-0.97,1,-2.02,13,-1.58,16.6 16.3 14.4 12.7 15.6 21.9 27.0 25.1 24.1 24.7 22.4 21.4 21.1 20.1 19.6 18.0,-1.1 -1.0 -1.2 -1.2 -1.5 -1.7 -1.5 -1.6 -1.6 -1.9 -1.7 -1.9 -1.8 -2.0 -1.9 -1.6,96643,68240,532.91,344.08,8000,16,24.7 24.0 25.1 28.2 32.3 36.1 37.7 38.1 38.0 37.7 33.8 31.6 30.3 30.0 27.8 25.9,20.6 20.7 19.1 18.7 21.5 26.6 32.5 32.4 32.7 37.2 34.4 28.3 26.1 25.5 24.5 21.3,68240 69383 72613 78302 85606 92031 96057 96643 94274 91977 85347 80453 77021 75107 72020 69521,
2023-12-06_003PM,d,6,15,30.28,20.32,21.51,12.02,30.28,6,19.90,0,21.51,6,9.76,0,"split: whitened |z|, Rician-corrected (untagged, pre-40d23a4)",20.59,6,9.14,0,20.59,-1.20,0,-3.08,3,-2.36,9.1 10.1 13.9 17.9 19.6 20.2 20.6 19.1 15.8 15.2 15.5 16.2 14.5 13.4 13.0 11.3,-1.2 -1.4 -2.3 -3.1 -2.6 -2.4 -2.4 -2.6 -2.6 -2.3 -2.0 -2.0 -2.0 -2.1 -1.8 -1.5,88989,62945,735.54,454.48,8000,16,19.9 21.5 23.9 26.5 28.3 29.5 30.3 29.4 27.1 25.8 25.4 26.3 25.2 24.4 22.9 20.3,9.8 10.7 15.1 18.6 20.3 21.0 21.5 20.2 17.4 17.2 16.6 16.6 15.1 14.1 13.4 12.0,68173 69853 70178 73333 78983 84884 88989 84960 79609 76145 73499 71432 67378 65100 64100 62945,
2023-12-11_040RP,d,7,15,31.48,15.11,20.44,15.68,31.48,7,15.11,15,21.97,6,13.02,1,"split: whitened |z|, Rician-corrected (untagged, pre-40d23a4)",-1.38,1,-2.83,6,-2.77,12.07,6,6.01,1,10.43,-1.5 -1.4 -1.6 -1.9 -2.3 -2.8 -2.8 -2.8 -2.5 -2.4 -2.6 -2.5 -1.9 -1.9 -2.1 -1.7,6.6 6.0 6.2 7.5 9.3 11.4 12.1 10.4 9.3 9.6 11.0 9.9 7.4 7.2 7.5 6.9,95449,53947,441.78,330.61,8000,16,15.9 16.1 16.6 18.1 21.1 25.9 29.8 31.5 30.8 29.1 25.1 21.5 18.8 17.1 15.9 15.1,14.3 13.0 13.7 16.1 18.4 21.0 22.0 20.4 20.5 20.2 19.7 18.4 14.6 14.5 15.6 15.7,55640 57101 59178 63465 72021 83674 91226 95449 93975 91361 82261 73031 67259 61227 56012 53947,
2023-12-15_003KH,d,8,0,19.40,10.88,5.52,2.13,19.40,8,10.86,1,5.52,8,1.97,1,"split: whitened |z|, Rician-corrected (untagged, pre-40d23a4)",5.09,8,1.49,1,5.09,2.85,8,0.80,1,2.85,1.6 1.5 1.8 2.1 2.7 3.4 3.9 4.7 5.1 4.6 4.3 3.3 2.8 2.6 2.3 2.0,0.8 0.8 1.0 1.3 1.4 1.6 1.9 2.4 2.8 2.5 2.0 1.7 1.5 1.5 1.4 1.1,87990,61793,613.72,400.26,8000,16,10.9 10.9 11.6 13.1 14.7 15.9 17.5 18.9 19.4 19.4 17.9 16.8 15.8 14.6 13.2 11.8,2.1 2.0 2.2 2.4 2.9 3.7 4.4 5.1 5.5 5.0 4.5 3.5 3.2 3.0 2.8 2.4,61793 63558 68478 71867 75579 78357 82229 87323 87990 87640 84212 86130 85934 83080 77564 69101,
2023-12-19_041WF,d,8,0,25.23,15.08,13.70,11.63,25.46,9,14.65,1,16.03,6,10.82,3,"split: whitened |z|, Rician-corrected (untagged, pre-40d23a4)",0.30,3,-0.01,0,0.16,5.42,9,3.25,3,4.54,-0.0 0.0 0.2 0.3 0.2 0.2 0.1 0.1 0.2 0.2 0.2 0.2 0.2 0.1 0.1 0.0,3.8 3.9 3.5 3.3 3.6 4.6 4.2 4.0 4.5 5.4 5.2 4.3 4.2 4.3 4.2 4.2,105381,64293,515.39,429.26,8000,16,15.1 14.7 14.7 16.0 18.7 21.1 23.8 24.9 25.2 25.5 24.0 22.3 20.1 18.4 16.8 15.6,11.6 12.1 11.6 10.8 11.9 14.3 16.0 14.5 13.7 13.9 14.2 14.0 14.1 15.4 14.4 12.5,64293 66113 70280 76371 83909 90839 98439 103296 105381 102486 95230 88464 81703 75119 68926 64867,
2024-01-16_004DS,d,6,1,18.49,14.87,6.11,5.40,18.62,5,14.78,0,6.68,3,4.57,15,"split: whitened |z|, Rician-corrected (untagged, pre-40d23a4)",1.09,11,0.61,14,0.80,3.00,2,1.74,15,2.65,0.7 0.7 0.6 0.8 0.8 0.8 0.8 0.7 0.6 0.8 1.1 1.1 0.9 0.7 0.6 0.6,1.7 2.3 3.0 2.7 2.6 2.7 2.7 2.6 2.7 2.3 2.0 2.1 2.1 2.0 1.8 1.7,81951,59508,618.89,633.83,8000,16,14.8 14.9 15.6 17.2 18.2 18.6 18.5 17.9 17.3 16.6 16.5 17.5 16.8 16.0 16.0 15.4,4.6 5.4 6.6 6.7 6.3 6.2 6.1 6.1 5.8 5.4 5.4 5.5 5.5 5.2 4.7 4.6,59849 59508 60893 70405 75050 79076 81951 79239 76032 72597 68644 70578 70691 68974 65004 60468,
2024-01-17_042DR,d,8,1,20.90,11.91,nan,nan,20.90,8,11.51,2,,,,,none (gas-only acquisition),,,,,,,,,,,,,80017,55644,806.08,766.38,8000,16,12.3 11.9 11.5 12.2 13.8 16.2 19.0 20.5 20.9 19.5 18.0 16.3 15.4 14.8 13.8 12.8,,55692 55644 56650 60614 65432 70663 75690 78638 80017 78698 75533 71268 68018 65482 61772 57799,
2024-01-18_001JM,d,11,0,33.99,32.45,nan,nan,36.13,4,25.87,8,,,,,none (gas-only acquisition),,,,,,,,,,,,,79059,60520,970.79,647.11,8000,16,32.4 32.9 33.2 34.7 36.1 35.2 34.2 29.9 25.9 26.1 30.1 34.0 34.5 34.0 33.1 32.0,,60520 66055 69820 68882 70389 70269 74131 78321 72401 70055 77053 79059 74799 71554 71480 67348,
2024-01-22_007RA,d,7,15,26.58,16.46,nan,nan,31.11,5,14.02,13,,,,,none (gas-only acquisition),,,,,,,,,,,,,108909,50771,694.53,703.56,8000,16,20.8 24.4 25.3 26.2 29.3 31.1 29.7 26.6 22.3 19.0 17.8 16.8 15.2 14.0 14.4 16.5,,54527 62209 67658 76706 88762 102085 108320 108909 103349 90300 81001 73813 65691 57540 54059 50771,
2024-01-31_008CR,d,1,12,29.43,16.48,nan,nan,29.43,1,16.48,12,,,,,none (gas-only acquisition),,,,,,,,,,,,,67491,50178,1372.41,1257.46,8000,16,29.1 29.4 26.8 23.2 19.7 17.4 16.8 17.1 17.1 17.1 16.8 16.8 16.5 17.8 22.0 26.0,,63754 67491 64325 58191 54674 52386 51673 53274 52754 51987 52518 51980 50178 51520 55941 62444,
2024-02-02_000LL,d,7,0,13.54,7.97,9.69,6.74,13.85,6,7.97,0,11.01,5,6.41,1,"unsplit: whitened |z|, Rician-corrected",,,,,,,,,,,,,73284,35707,1090.51,1320.67,8000,16,8.0 8.2 8.8 9.9 11.6 13.1 13.9 13.5 13.0 12.7 12.3 11.6 10.9 10.0 8.9 8.2,6.7 6.4 6.5 8.3 9.5 11.0 10.9 9.7 9.3 9.8 9.5 9.1 9.6 9.5 8.5 7.3,35707 40098 47360 55594 64376 69959 73182 73284 71410 70027 67464 63785 58774 53479 44934 38079,
2024-02-02_005DS,d,8,0,32.87,24.40,19.06,10.44,32.99,9,23.87,1,19.31,7,9.98,1,"unsplit: whitened |z|, Rician-corrected",,,,,,,,,,,,,88262,63772,1714.94,1156.82,8000,16,24.4 23.9 24.3 24.2 25.1 27.9 30.1 32.2 32.9 33.0 32.0 29.4 28.6 28.0 26.8 25.3,10.4 10.0 10.8 10.4 11.7 15.2 17.6 19.3 19.1 18.0 17.3 17.0 15.5 14.1 12.6 12.5,63772 64004 66296 66074 67561 73211 81474 87633 88262 85666 80514 72609 68050 66123 66467 65848,
2024-02-19_037GD,d,6,0,13.88,6.51,11.55,4.35,13.95,5,6.44,15,13.05,5,4.17,1,"split: whitened |z|, Rician-corrected (untagged, pre-40d23a4)",-0.68,1,-1.23,5,-1.04,3.44,5,1.72,1,2.96,-0.7 -0.7 -0.8 -1.0 -1.2 -1.2 -1.0 -1.0 -1.1 -0.9 -0.9 -0.9 -0.9 -0.8 -0.8 -0.7,1.8 1.7 2.1 2.6 3.4 3.4 3.0 3.2 3.2 2.6 2.4 2.3 2.2 2.1 2.1 1.8,102958,29381,357.60,368.82,8000,16,6.5 7.5 9.2 11.4 13.3 14.0 13.9 13.1 12.1 10.8 9.7 8.8 7.8 7.3 6.9 6.4,4.3 4.2 5.1 6.6 9.6 13.0 11.5 11.1 10.0 8.2 7.2 6.8 6.2 5.5 5.3 5.2,29381 42608 61624 79080 91993 99716 102958 101178 95195 86777 76726 67647 55392 47363 40689 30189,
2024-02-21_043AS,d,7,0,38.18,14.65,31.24,15.36,39.15,5,14.65,0,46.05,5,15.36,0,"split: whitened |z|, Rician-corrected (untagged, pre-40d23a4)",7.96,4,4.45,0,6.31,-3.18,0,-5.55,4,-4.20,4.4 4.8 4.9 5.9 8.0 7.6 6.3 6.3 6.7 7.0 5.9 5.8 5.3 4.7 4.7 4.6,-3.2 -3.5 -3.6 -4.3 -5.6 -5.0 -4.2 -4.2 -4.4 -4.8 -3.9 -4.0 -3.8 -3.4 -3.4 -3.3,107381,59884,452.73,365.07,8000,16,14.7 17.3 23.4 28.8 34.7 39.1 39.1 38.2 35.8 31.9 28.9 26.0 22.5 19.9 17.4 15.2,15.4 18.3 22.5 27.9 36.3 46.0 35.5 31.2 27.9 23.3 23.8 22.8 19.5 19.6 20.8 17.8,59884 65987 76561 86906 96054 103782 107030 107381 104179 98107 91386 83745 75945 69411 64366 60724,
2024-02-26_029CK,d,7,0,34.49,22.24,24.22,22.94,34.49,7,21.00,1,27.39,9,18.74,3,"split: whitened |z|, Rician-corrected (untagged, pre-40d23a4)",6.93,9,3.46,3,5.95,-2.59,3,-5.31,9,-4.45,5.0 4.2 3.5 3.5 4.9 5.4 5.3 5.9 6.3 6.9 5.7 5.4 4.7 4.3 4.5 5.2,-4.0 -3.3 -2.7 -2.6 -3.7 -4.0 -3.9 -4.4 -4.8 -5.3 -4.3 -4.0 -3.4 -3.1 -3.3 -4.0,94976,54139,772.54,482.69,8000,16,22.2 21.0 21.9 24.0 26.5 30.0 32.7 34.5 34.4 32.8 32.1 29.1 26.6 25.3 24.8 23.5,22.9 21.6 20.6 18.7 18.9 20.8 24.4 24.2 25.0 27.4 26.7 25.9 24.7 24.5 26.6 26.0,54139 55243 61434 70431 79089 86632 91931 94976 94945 93282 90245 82494 75048 67992 61845 56177,
2024-02-27_009JT,d,6,13,19.99,15.59,9.91,5.30,19.99,6,15.17,15,10.53,7,5.30,13,"split: whitened |z|, Rician-corrected (untagged, pre-40d23a4)",2.28,5,1.06,14,2.07,-0.89,14,-1.88,5,-1.70,1.4 1.3 1.4 1.7 2.1 2.3 2.1 2.2 2.2 1.9 1.8 1.5 1.2 1.1 1.1 1.3,-1.2 -1.1 -1.2 -1.4 -1.7 -1.9 -1.7 -1.9 -1.8 -1.6 -1.5 -1.3 -1.0 -0.9 -0.9 -1.1,126768,109794,820.04,518.31,8000,16,15.3 15.8 16.8 18.2 19.1 19.5 20.0 19.5 18.6 17.9 17.9 17.1 16.1 15.6 15.2 15.2,6.4 6.2 6.6 7.8 9.3 9.4 9.9 10.5 8.2 6.9 6.3 5.4 5.4 5.3 5.3 6.2,111723 112681 112846 117988 121984 124259 126768 123819 119033 115698 117743 115069 111434 109794 110829 111958,
2024-03-06_030DN,d,7,0,24.87,10.13,15.79,11.35,26.45,5,10.13,0,19.72,5,10.53,2,"split: whitened |z|, Rician-corrected (untagged, pre-40d23a4)",-1.61,1,-3.36,4,-2.32,7.54,5,3.45,1,5.29,-1.8 -1.6 -2.0 -3.0 -3.4 -3.2 -2.5 -2.3 -2.1 -2.1 -2.1 -2.2 -2.5 -2.3 -2.4 -2.2,3.6 3.4 4.2 6.2 7.4 7.5 5.8 5.3 4.9 4.8 4.8 4.8 5.5 4.8 4.7 4.4,97506,36904,588.84,413.08,8000,16,10.1 10.5 13.6 19.4 24.6 26.5 25.5 24.9 23.6 20.9 17.4 15.3 13.8 12.8 11.6 10.6,11.3 10.9 10.5 15.7 19.0 19.7 18.1 15.8 16.0 15.4 14.6 12.7 11.6 12.2 12.5 11.3,36904 41734 56536 73574 88245 95787 97242 97506 95549 89379 78439 65842 54672 48431 42523 38373,
2024-03-11_039CP,d,6,0,30.17,17.42,24.66,19.62,30.83,7,17.42,0,33.92,9,17.03,3,"split: whitened |z|, Rician-corrected (untagged, pre-40d23a4)",7.58,6,4.89,15,7.58,-3.11,2,-4.97,6,-4.97,5.4 5.3 5.1 5.4 6.2 7.3 7.6 7.6 7.2 6.7 6.7 7.3 6.7 5.8 5.2 4.9,-3.4 -3.3 -3.1 -3.4 -4.0 -4.8 -5.0 -4.8 -4.5 -4.2 -4.2 -4.6 -4.1 -3.5 -3.3 -3.1,81363,63109,614.56,502.66,8000,16,17.4 17.9 19.3 20.7 23.2 26.5 30.2 30.8 30.5 28.4 26.9 25.4 22.7 21.5 20.4 18.5,19.6 18.8 18.9 17.0 18.3 20.2 24.7 29.1 32.1 33.9 32.2 27.4 27.7 26.4 22.6 19.9,63109 66220 69882 71368 74564 77879 81363 81234 79495 75758 73040 70422 67434 65995 64939 63714,
2024-03-12_006KL,d,9,1,27.82,24.42,14.45,11.61,27.85,8,23.47,3,15.70,12,11.61,1,"split: whitened |z|, Rician-corrected (untagged, pre-40d23a4)",-1.40,1,-2.31,8,-2.12,10.79,12,6.93,1,9.86,-1.5 -1.4 -1.5 -1.4 -1.6 -2.0 -1.9 -2.1 -2.3 -2.1 -2.1 -2.3 -2.1 -2.1 -2.1 -1.9,7.4 6.9 7.2 7.0 7.2 8.9 9.3 9.2 9.3 9.9 9.9 10.6 10.8 10.6 9.8 8.4,65908,53729,813.69,508.22,8000,16,25.4 24.4 23.8 23.5 24.3 24.1 25.2 26.8 27.9 27.8 27.7 27.2 27.1 26.9 25.8 25.9,11.7 11.6 12.0 11.8 13.2 14.9 14.8 14.0 14.1 14.4 13.9 14.4 15.7 14.4 12.7 12.9,54940 53729 56317 58932 61249 60187 60454 62162 65352 65908 65159 62912 60869 57685 55747 56077,
2024-03-12_044DY,d,7,12,25.51,19.47,24.66,19.94,25.51,7,15.20,2,26.31,10,14.23,1,"split: whitened |z|, Rician-corrected (untagged, pre-40d23a4)",-2.38,3,-4.16,6,-3.86,6.26,6,3.61,3,6.01,-2.5 -2.6 -2.5 -2.4 -2.5 -3.1 -4.2 -3.9 -3.8 -3.3 -3.3 -3.8 -3.1 -2.7 -2.5 -2.5,3.6 3.8 3.7 3.6 3.9 4.6 6.3 6.0 5.9 5.1 5.2 5.9 4.8 4.0 3.7 3.7,94708,80411,613.17,568.87,8000,16,15.8 15.4 15.2 15.7 17.6 20.4 23.3 25.5 25.4 24.4 22.7 20.9 19.5 18.7 18.0 16.6,16.9 14.2 14.6 15.6 16.4 17.8 22.0 24.7 23.5 25.8 26.3 21.2 19.9 20.1 17.8 18.2,80618 81402 82654 85752 89239 91100 92829 94708 92074 89094 85975 82248 80411 81198 82422 80513,
2024-03-14_038RL,d,7,0,28.01,18.08,43.00,21.26,28.16,6,18.05,1,43.00,7,21.26,0,"split: whitened |z|, Rician-corrected (untagged, pre-40d23a4)",14.58,7,7.44,0,14.58,-2.92,0,-5.66,6,-5.23,7.4 8.1 9.0 9.7 10.0 12.4 14.5 14.6 13.8 13.2 12.3 11.0 10.9 11.7 10.2 8.4,-2.9 -3.1 -3.4 -3.9 -4.0 -5.1 -5.7 -5.2 -4.8 -5.1 -4.8 -4.1 -3.9 -4.3 -4.2 -3.4,89406,59825,764.87,420.13,8000,16,18.1 18.0 18.4 19.3 24.0 27.4 28.2 28.0 27.0 26.8 26.4 24.7 23.0 22.4 21.3 19.3,21.3 23.2 25.4 24.5 25.5 29.6 39.0 43.0 37.1 32.3 29.0 27.5 29.4 31.3 25.1 22.1,59825 60938 63757 67459 75626 82857 87678 89406 87791 85239 81851 76261 70203 66816 64318 61693,
2024-03-21_032WS,d,7,15,35.85,19.55,27.89,17.39,36.91,6,18.99,0,27.93,6,13.82,1,"split: whitened |z|, Rician-corrected (untagged, pre-40d23a4)",-2.32,12,-3.95,6,-3.72,10.24,5,6.17,13,9.61,-3.1 -3.1 -3.2 -3.6 -3.9 -3.9 -3.9 -3.7 -3.6 -3.1 -2.5 -2.5 -2.3 -2.3 -2.6 -3.1,7.5 7.3 7.6 8.7 10.1 10.2 10.0 9.6 9.4 8.1 7.0 6.9 6.5 6.2 6.5 7.8,114328,72139,569.37,424.21,8000,16,19.0 19.6 21.3 24.5 30.9 36.0 36.9 35.8 34.7 32.2 30.1 26.4 23.8 22.5 21.0 19.6,15.7 13.8 15.6 22.9 26.3 27.3 27.9 27.9 27.9 24.4 24.1 22.1 21.9 20.3 17.0 17.4,73059 76724 83236 92071 104350 111407 113652 114328 113109 108744 101709 92810 84963 79132 74570 72139,
2024-03-21_036RL,d,6,0,31.13,19.26,34.47,17.97,31.80,7,19.26,0,42.00,10,16.63,1,"split: whitened |z|, Rician-corrected (untagged, pre-40d23a4)",7.27,4,4.96,0,6.71,-3.15,0,-4.55,3,-4.12,5.0 5.6 6.1 7.1 7.3 7.0 6.7 6.4 7.0 6.6 6.6 6.8 6.6 6.5 6.2 5.2,-3.1 -3.6 -4.0 -4.6 -4.5 -4.4 -4.1 -4.0 -4.3 -4.1 -4.2 -4.3 -4.2 -4.1 -4.0 -3.3,107095,71802,699.60,533.13,8000,16,19.3 19.6 22.8 26.5 28.8 29.1 31.1 31.8 30.6 29.3 28.7 26.9 25.4 24.3 22.6 20.6,18.0 16.6 17.8 23.6 31.7 35.8 34.5 30.7 32.9 37.4 42.0 35.2 24.1 20.7 20.1 19.7,71802 74056 81026 88217 95229 101065 107095 105696 101370 95548 90490 85958 82510 79120 75700 72964,
2024-03-28_010AJ,d,9,2,28.04,19.01,12.71,7.90,28.04,9,18.97,3,14.01,11,7.90,2,"split: whitened |z|, Rician-corrected (untagged, pre-40d23a4)",9.06,10,4.55,5,8.34,-1.21,5,-2.79,10,-2.53,6.5 6.0 5.2 5.0 4.9 4.6 5.5 6.9 7.2 8.3 9.1 8.6 8.1 7.0 6.1 6.4,-2.1 -2.1 -1.8 -1.5 -1.2 -1.2 -1.6 -2.2 -2.4 -2.5 -2.8 -2.5 -2.4 -2.2 -1.8 -1.9,64761,51390,698.48,581.55,8000,16,21.1 19.9 19.0 19.0 19.8 21.9 23.9 26.4 27.8 28.0 26.8 26.4 25.0 23.7 23.1 22.4,8.9 8.3 7.9 7.9 8.2 8.2 10.0 12.3 12.3 12.7 13.2 14.0 11.8 11.8 11.1 10.1,52985 52075 51390 51753 53344 57181 60256 62745 64682 64761 62841 63315 61230 58305 56251 54786,
2024-04-01_008CR,d,8,4,27.58,21.30,17.16,8.47,27.86,10,21.08,3,17.16,8,7.07,2,"split: whitened |z|, Rician-corrected (untagged, pre-40d23a4)",16.27,9,6.62,3,16.18,-1.18,15,-3.21,8,-3.21,8.4 7.5 6.8 6.6 7.2 9.8 12.0 13.7 16.2 16.3 13.9 14.0 12.2 10.0 9.2 8.7,-1.2 -1.5 -1.5 -1.4 -1.5 -2.2 -2.7 -3.2 -3.2 -2.9 -2.5 -2.3 -2.1 -1.8 -1.4 -1.2,92496,80916,1057.65,720.21,8000,16,22.1 21.4 21.1 21.1 21.3 24.0 25.9 26.9 27.6 27.8 27.9 26.8 25.9 25.2 23.8 23.1,8.8 7.8 7.1 7.3 8.5 11.1 13.8 15.4 17.2 17.1 14.8 14.7 13.7 11.6 10.7 9.7,83120 82287 84131 84284 80916 85910 90187 92473 92496 91193 89239 85494 84079 87265 86791 85246,
2024-04-03_040RP,d,9,1,15.70,13.88,13.44,11.86,15.97,10,13.73,2,15.35,10,9.39,6,"split: whitened |z|, Rician-corrected (untagged, pre-40d23a4)",-0.99,3,-1.50,12,-1.31,10.71,10,5.83,3,9.09,-1.1 -1.1 -1.0 -1.0 -1.1 -1.1 -1.1 -1.0 -1.3 -1.3 -1.3 -1.4 -1.5 -1.4 -1.2 -1.1,5.9 6.1 5.9 5.8 6.3 6.7 6.6 7.0 8.2 9.1 10.7 9.3 7.6 6.8 6.4 6.3,90546,75812,850.86,721.64,8000,16,14.4 13.9 13.7 14.4 14.9 14.9 14.9 15.1 15.4 15.7 16.0 15.9 15.9 15.8 15.5 15.1,13.0 11.9 11.1 10.0 10.3 10.3 9.4 10.2 11.6 13.4 15.3 13.9 11.8 11.9 12.3 12.5,76442 75812 77505 80679 83554 85947 88440 89761 90019 90546 90469 87923 85808 83553 81065 78925,
2024-04-09_019WR,d,8,1,25.94,18.14,21.10,16.79,25.94,8,18.14,1,21.10,8,14.75,3,"split: whitened |z|, Rician-corrected (untagged, pre-40d23a4)",7.85,10,5.04,0,7.79,-2.78,0,-4.28,8,-4.28,5.0 5.2 5.4 5.3 5.7 5.9 5.7 6.5 7.8 7.7 7.8 7.8 7.8 7.1 5.8 5.0,-2.8 -2.9 -3.1 -3.2 -3.2 -3.3 -3.1 -3.5 -4.3 -4.2 -4.1 -4.1 -4.3 -4.0 -3.3 -2.8,102771,73812,697.56,568.06,8000,16,18.9 18.1 18.2 18.6 20.0 21.6 22.9 24.9 25.9 25.5 24.2 23.5 22.6 21.3 19.8 19.4,20.0 16.8 15.0 14.8 15.3 15.4 16.1 19.5 21.1 19.5 19.9 20.4 18.4 18.3 20.7 20.9,74137 73812 75302 77227 81961 88177 95361 101518 102771 101262 96547 90519 84551 80209 76668 75170,
2024-04-22_025VP,d,7,14,25.65,20.55,25.70,19.99,25.82,6,20.55,14,27.02,8,15.58,11,"split: whitened |z|, Rician-corrected (untagged, pre-40d23a4)",11.20,9,7.18,14,9.86,-2.21,13,-3.79,9,-3.42,7.7 8.5 8.9 8.9 8.3 8.4 8.5 9.9 10.8 11.2 9.8 8.6 8.5 7.6 7.2 7.3,-2.3 -2.8 -2.8 -2.7 -2.7 -2.8 -2.8 -3.4 -3.7 -3.8 -3.3 -2.8 -2.4 -2.2 -2.2 -2.2,59346,51004,800.29,543.06,8000,16,20.7 20.8 21.2 22.9 24.1 25.4 25.8 25.7 24.8 24.3 23.8 23.0 22.0 21.2 20.5 20.7,18.3 20.0 18.0 18.8 24.9 23.9 22.5 25.7 27.0 22.4 17.8 15.6 16.8 20.3 20.0 18.4,53558 54618 54901 57145 58164 58447 58239 59346 57525 56168 55317 54111 52524 52049 51004 52078,
2024-04-25_042DR,d,6,15,21.77,12.43,28.18,20.78,21.77,6,12.43,15,31.78,5,17.61,1,"split: whitened |z|, Rician-corrected (untagged, pre-40d23a4)",31.15,5,17.41,1,27.71,-4.14,12,-6.54,5,-5.64,17.9 17.4 18.9 23.8 29.8 31.1 27.7 22.7 20.7 18.4 17.7 17.9 21.9 25.6 22.3 20.0,-4.5 -4.2 -4.4 -5.4 -6.4 -6.5 -5.6 -5.2 -5.7 -5.8 -5.2 -4.3 -4.1 -4.4 -4.6 -4.5,65239,42988,581.78,508.39,8000,16,12.8 14.3 16.9 19.6 21.3 21.7 21.8 20.7 19.6 17.3 15.5 15.2 14.8 13.7 13.0 12.4,18.5 17.6 19.1 24.0 30.2 31.8 28.2 23.6 24.3 22.0 18.3 18.1 22.5 26.2 22.6 20.8,43354 46395 52309 57622 61123 63310 65239 64672 62674 57299 52267 50199 48392 45749 44177 42988,
2024-04-29_011CN,d,10,1,15.63,12.95,22.56,11.36,16.30,7,12.86,2,25.59,8,11.36,1,"unsplit: whitened |z|, Rician-corrected",,,,,,,,,,,,,120455,72487,4495.94,3587.07,8000,16,13.5 12.9 12.9 13.2 13.7 14.9 15.7 16.3 16.3 15.8 15.6 15.3 15.1 15.0 14.3 13.6,11.6 11.4 13.5 17.4 20.1 21.7 20.9 22.9 25.6 24.6 22.6 17.5 15.4 14.5 13.0 11.8,75422 72487 79975 94574 102601 113516 110405 104242 104066 113166 120455 104796 91020 94533 105256 92011,
2024-05-02_023DB,d,7,0,30.90,20.97,24.29,19.06,30.90,7,20.97,0,26.18,6,16.86,15,"split: whitened |z|, Rician-corrected (untagged, pre-40d23a4)",11.56,5,7.21,2,11.35,-2.65,2,-4.28,5,-4.20,7.7 7.7 7.2 7.3 9.9 11.6 11.4 11.4 9.6 8.8 8.5 8.4 8.4 7.7 7.4 7.5,-3.0 -2.8 -2.7 -2.8 -3.6 -4.3 -4.2 -4.2 -3.3 -3.1 -3.0 -2.9 -2.8 -2.7 -2.7 -2.9,112014,78390,659.43,484.25,8000,16,21.0 21.6 23.5 25.2 27.8 28.7 29.8 30.9 30.8 28.6 28.1 27.7 26.7 24.8 23.7 21.6,19.1 21.6 19.4 18.3 19.6 23.1 26.2 24.3 21.2 19.1 22.7 25.8 24.5 20.0 17.1 16.9,78390 81683 86733 91347 97485 103651 109287 112014 111257 106136 101439 97046 92248 86374 83065 79562,
2024-05-06_043AS,d,6,0,37.36,16.33,28.53,17.05,39.35,5,16.33,0,38.57,4,17.05,0,"split: whitened |z|, Rician-corrected (untagged, pre-40d23a4)",-2.27,13,-4.14,4,-3.52,11.53,4,5.64,13,9.66,-2.6 -2.5 -2.7 -4.1 -4.1 -3.9 -3.5 -3.0 -2.7 -2.7 -3.1 -3.0 -2.4 -2.3 -2.8 -2.7,6.3 6.1 7.1 10.8 11.5 11.1 9.7 7.8 7.4 7.5 8.1 8.2 6.2 5.6 6.6 6.7,100072,58000,495.05,376.81,8000,16,16.3 19.3 24.7 31.3 36.3 39.4 37.4 35.5 33.6 32.5 29.4 27.5 24.9 22.6 20.4 17.4,17.1 17.8 24.1 33.8 38.6 34.1 28.5 26.1 29.1 30.7 27.6 27.8 21.0 18.9 19.5 17.7,58000 64883 75384 84757 92432 98572 100072 98581 94914 90033 83811 77955 71379 66164 62125 58304,
2024-05-08_012EB,d,8,1,18.73,11.43,16.09,13.93,19.59,10,11.43,1,16.09,8,11.77,3,"split: whitened |z|, Rician-corrected (untagged, pre-40d23a4)",-0.64,0,-1.88,11,-1.37,10.51,8,5.49,4,10.51,-0.6 -0.6 -0.8 -0.7 -0.8 -1.2 -1.7 -1.5 -1.4 -1.2 -1.6 -1.9 -1.4 -1.2 -0.9 -0.8,6.6 6.9 6.9 6.2 5.5 6.3 8.1 9.0 10.5 10.1 10.3 9.7 7.9 7.3 6.7 6.4,49595,26050,510.51,453.62,8000,16,11.7 11.4 12.3 13.1 13.5 14.5 15.6 17.4 18.7 19.5 19.6 19.0 17.6 16.3 14.8 13.0,14.1 13.9 12.5 11.8 13.2 12.6 12.2 14.1 16.1 15.1 15.1 15.3 15.6 14.8 13.7 13.1,26825 26050 27584 30390 33308 35182 38658 44805 49595 47396 43414 41023 38383 35870 33772 30386,
2024-05-13_002ZS,d,8,0,14.92,9.28,11.98,10.34,14.92,8,9.27,1,11.98,8,8.40,3,"split: whitened |z|, Rician-corrected (untagged, pre-40d23a4)",5.43,8,3.33,0,5.43,-1.50,0,-2.57,8,-2.57,3.3 3.5 3.9 3.5 3.8 4.1 4.3 4.8 5.4 5.1 4.8 4.9 4.9 4.9 4.7 3.9,-1.5 -1.6 -1.9 -1.9 -2.1 -2.1 -2.2 -2.3 -2.6 -2.5 -2.4 -2.3 -2.3 -2.4 -2.3 -1.9,50091,32276,668.85,613.04,8000,16,9.3 9.3 9.4 9.8 10.4 11.3 12.9 14.4 14.9 14.3 13.2 12.1 11.3 10.9 10.3 9.7,10.3 10.3 8.9 8.4 9.3 9.5 9.2 11.2 12.0 10.4 9.1 9.1 10.6 11.5 10.9 10.3,32276 32404 33358 35685 38903 42553 46337 49169 50091 49015 46879 44508 41204 38294 35630 33306,
2024-05-13_005JJ,d,8,0,11.28,8.42,7.46,7.65,11.28,8,8.42,0,7.88,9,5.47,2,"split: whitened |z|, Rician-corrected (untagged, pre-40d23a4)",-0.58,2,-1.03,9,-0.95,5.35,9,3.28,2,4.47,-0.9 -0.7 -0.6 -0.7 -0.8 -0.8 -0.8 -0.8 -1.0 -1.0 -0.9 -0.7 -0.6 -0.6 -0.8 -0.9,4.5 3.7 3.3 3.4 4.1 4.4 4.4 4.4 4.5 5.4 4.7 4.3 4.3 4.6 5.0 4.7,62282,39773,512.76,476.65,8000,16,8.4 8.5 8.5 8.8 9.3 10.2 10.8 11.0 11.3 11.1 10.2 9.7 9.4 9.0 8.8 8.6,7.6 6.2 5.5 6.0 6.3 6.1 6.5 7.2 7.5 7.9 6.9 6.9 7.7 7.3 6.7 7.0,39773 41861 43524 47188 51419 56117 58783 59898 62282 62019 57536 53498 50393 46059 43257 41463,
2024-06-18_003PM,d,8,0,27.21,21.90,20.11,18.97,27.34,9,20.57,2,24.37,14,13.63,3,"split: whitened |z|, Rician-corrected (untagged, pre-40d23a4)",6.19,9,3.66,2,6.10,-2.42,2,-4.12,8,-4.12,4.4 3.9 3.7 4.0 4.1 4.2 4.7 5.4 6.1 6.2 5.6 5.6 5.6 5.2 4.6 4.5,-2.9 -2.6 -2.4 -2.7 -2.7 -2.8 -3.2 -3.7 -4.1 -4.1 -3.7 -3.7 -3.7 -3.5 -3.1 -3.0,59627,44874,769.99,539.98,8000,16,21.9 20.9 20.6 20.8 22.4 25.5 26.8 27.1 27.2 27.3 27.3 25.3 24.4 24.6 23.8 22.6,19.0 15.3 13.7 13.6 13.8 16.4 15.8 16.5 20.1 21.3 21.5 21.2 20.3 23.3 24.4 21.9,44874 45074 46341 48249 51413 55297 57238 58404 59627 58757 57099 53273 50406 48893 47590 45781,
2024-07-03_044DY,d,7,0,33.09,18.44,35.85,19.46,33.09,7,18.44,0,37.13,12,19.46,0,"split: whitened |z|, Rician-corrected (untagged, pre-40d23a4)",9.60,9,4.96,0,7.44,-3.14,0,-5.99,9,-4.63,5.0 5.7 5.8 5.8 6.7 7.3 7.0 7.4 8.9 9.6 8.3 7.7 7.6 6.6 5.8 5.1,-3.1 -3.7 -3.7 -3.7 -4.3 -4.7 -4.5 -4.6 -5.5 -6.0 -5.3 -4.8 -4.7 -4.1 -3.8 -3.3,86801,61650,692.14,507.31,8000,16,18.4 19.8 21.4 23.3 26.4 28.7 31.8 33.1 32.2 29.2 27.8 27.6 26.3 25.1 22.6 20.0,19.5 20.1 21.7 21.8 25.3 32.2 33.0 35.9 36.1 32.2 32.3 33.8 37.1 32.6 29.0 22.7,61650 64449 67117 70154 75028 78457 83158 86801 83386 78927 76581 74543 72047 70279 66829 63346,
2024-07-29_004DS,d,5,14,20.86,16.89,11.55,10.69,20.86,5,16.63,15,13.61,9,8.91,2,"split: whitened |z|, Rician-corrected (untagged, pre-40d23a4)",8.28,5,5.50,13,8.28,-0.89,13,-1.73,8,-1.28,6.5 6.5 7.2 7.6 7.9 8.3 7.7 6.9 7.3 7.0 7.1 7.1 6.4 5.5 6.3 7.2,-1.0 -1.2 -1.3 -1.2 -1.2 -1.3 -1.5 -1.5 -1.7 -1.5 -1.4 -1.3 -1.0 -0.9 -1.0 -1.1,58469,49972,719.35,653.62,8000,16,17.8 19.0 19.3 20.2 20.9 20.9 19.8 20.0 19.0 18.1 17.8 18.0 17.6 17.2 16.9 16.6,10.0 8.9 8.9 9.6 11.2 11.6 11.0 10.9 12.4 13.6 11.5 10.3 10.8 9.8 10.7 11.2,55739 58297 57002 57630 58017 58469 57294 57166 55079 53312 54384 54995 53929 51787 49972 51188,
2024-08-12_013VM,d,7,0,27.44,18.37,11.91,7.10,28.27,6,18.37,0,12.96,6,7.10,0,"split: whitened |z|, Rician-corrected (untagged, pre-40d23a4)",5.91,5,2.57,0,5.16,-1.20,0,-2.52,6,-2.35,2.6 2.7 3.0 3.2 4.5 5.9 5.7 5.2 4.9 4.9 4.4 3.9 3.5 3.2 3.4 3.1,-1.2 -1.2 -1.4 -1.5 -2.0 -2.5 -2.5 -2.4 -2.2 -2.2 -2.0 -1.9 -1.6 -1.4 -1.5 -1.3,105456,71754,773.26,522.11,8000,16,18.4 18.7 19.2 21.0 24.5 27.1 28.3 27.4 26.9 25.6 23.8 22.4 22.2 21.4 20.2 18.8,7.1 8.0 8.4 8.2 9.4 12.3 13.0 11.9 11.2 11.9 11.5 9.9 9.1 9.1 8.9 8.2,71754 74511 78252 83643 93540 100318 104798 105456 104797 102592 97389 90164 86660 82109 77974 73586,
2024-08-15_006MM,d,9,0,26.96,17.40,19.88,10.54,26.96,9,16.81,2,20.07,10,10.11,1,"split: whitened |z|, Rician-corrected (untagged, pre-40d23a4)",11.10,10,5.02,1,10.90,-1.72,0,-3.60,10,-3.50,5.0 5.0 5.6 6.4 7.3 7.7 8.5 8.4 9.2 10.9 11.1 8.7 7.1 7.9 8.2 6.2,-1.7 -1.8 -2.0 -2.3 -2.3 -2.5 -3.2 -3.3 -3.4 -3.5 -3.6 -2.9 -2.5 -2.8 -3.0 -2.1,154433,125486,585.89,460.33,8000,16,17.4 16.9 16.8 17.8 20.5 23.5 25.7 26.4 26.7 27.0 25.0 23.7 22.6 20.7 19.6 18.3,10.5 10.1 11.6 14.1 13.7 14.4 16.1 17.1 18.1 19.9 20.1 16.3 14.0 13.5 12.9 11.5,125486 126396 128904 132930 139765 145157 148744 151085 153248 154433 150841 147606 144233 139050 134285 128769,
2024-08-19_015HK,d,8,0,38.00,22.60,26.68,20.55,38.00,8,22.60,0,28.85,7,18.85,2,"split: whitened |z|, Rician-corrected (untagged, pre-40d23a4)",11.48,11,8.00,14,10.44,-2.52,14,-3.35,11,-2.68,10.2 9.0 8.8 9.9 10.0 10.9 10.9 11.1 10.4 9.5 10.7 11.5 10.2 8.4 8.0 8.7,-3.0 -2.7 -2.7 -3.0 -3.0 -3.3 -2.9 -2.9 -2.7 -2.7 -3.0 -3.3 -3.0 -2.6 -2.5 -2.9,104845,60934,639.67,493.14,8000,16,22.6 22.7 23.8 25.4 29.6 33.1 35.9 36.8 38.0 36.5 33.5 30.8 28.0 26.7 25.4 24.1,20.5 19.8 18.8 20.4 22.4 25.2 27.6 28.9 26.7 21.8 23.0 22.5 22.8 23.9 21.8 20.1,60934 65049 72974 82080 92195 100108 103583 103911 104845 102475 96338 88932 80629 73769 67283 62537,
2024-08-21_044DY,d,7,0,28.91,20.28,28.55,24.72,28.91,7,19.79,1,33.47,9,18.32,3,"split: whitened |z|, Rician-corrected (untagged, pre-40d23a4)",9.65,9,6.04,15,8.86,-3.45,15,-5.46,9,-4.88,6.5 6.4 6.8 6.8 7.7 9.2 8.4 8.9 8.9 9.6 9.0 8.7 7.9 7.6 6.7 6.0,-3.7 -3.6 -3.8 -3.7 -4.4 -5.2 -4.7 -4.9 -5.0 -5.5 -5.1 -4.8 -4.3 -4.2 -3.9 -3.5,89678,69083,644.01,508.82,8000,16,20.3 19.8 20.4 21.2 22.5 24.7 27.4 28.9 28.3 26.6 25.0 23.6 23.6 23.3 22.0 21.1,24.7 25.6 21.9 18.3 20.6 26.5 29.4 28.5 30.3 33.5 31.8 28.8 26.6 22.2 21.3 22.8,69083 69688 71746 73386 76216 80489 86216 89678 87776 83168 79745 76876 75951 75268 72939 70801,
2024-08-23_016PG,d,6,15,21.51,9.18,16.46,7.71,23.71,4,9.18,15,20.80,3,7.71,15,"split: whitened |z|, Rician-corrected (untagged, pre-40d23a4)",9.92,3,4.48,15,8.01,-0.67,14,-1.39,4,-0.97,4.7 6.3 8.7 9.9 9.8 8.8 8.0 7.0 7.5 9.6 8.6 6.7 5.4 4.9 4.8 4.5,-0.8 -1.0 -1.0 -1.2 -1.4 -1.1 -1.0 -0.9 -1.0 -1.4 -1.0 -0.9 -0.8 -0.7 -0.7 -0.7,154485,78299,451.09,453.06,8000,16,10.7 15.1 20.4 23.4 23.7 23.5 21.5 20.2 21.2 20.2 17.9 16.3 15.1 13.4 11.3 9.2,8.4 13.7 19.4 20.8 20.5 19.2 16.5 13.4 14.3 15.0 13.1 12.1 12.4 11.6 10.1 7.7,86626 108383 123984 131905 139391 150856 154485 150535 143536 132769 124681 118724 112928 105166 95630 78299,
2024-08-28_007IT,d,8,1,25.86,14.38,14.68,7.29,25.91,7,14.33,2,14.68,8,6.44,2,"unsplit: whitened |z|, Rician-corrected",,,,,,,,,,,,,84192,53499,569.22,466.89,8000,16,14.9 14.4 14.3 15.9 18.4 21.6 24.6 25.9 25.9 24.8 23.7 21.6 19.3 17.6 16.5 15.6,8.9 7.3 6.4 7.2 8.8 9.9 10.2 12.2 14.7 12.1 11.0 12.3 10.7 9.0 7.9 8.5,53670 53499 56300 62069 67894 74820 80976 84022 84192 82940 80635 75352 68999 62918 58700 55788,
2024-08-30_014KS,d,8,0,38.16,20.70,46.82,30.10,38.50,7,19.53,1,55.09,6,25.99,2,"split: whitened |z|, Rician-corrected (untagged, pre-40d23a4)",33.32,6,16.73,12,29.56,-2.74,1,-4.33,10,-4.31,17.8 19.6 20.9 22.0 22.9 28.7 33.3 32.5 29.6 25.6 25.6 21.7 16.7 17.0 20.1 20.0,-2.8 -2.7 -3.4 -3.4 -3.6 -4.0 -4.0 -4.3 -4.3 -4.2 -4.3 -3.8 -3.0 -3.4 -3.9 -3.5,94257,62069,607.45,447.07,8000,16,20.7 19.5 21.0 24.5 28.0 31.5 36.0 38.5 38.2 37.5 35.4 32.0 29.1 26.6 23.8 22.2,30.1 31.0 26.0 28.6 34.7 45.4 55.1 49.1 46.8 43.7 36.0 32.2 28.4 29.1 29.6 31.1,62069 63555 68283 74264 79481 84262 89059 92797 94257 93041 89799 84684 79296 73542 68118 63953,
2024-09-03_041WF,d,7,0,27.37,17.13,23.77,17.50,28.60,9,17.13,0,25.80,8,17.31,1,"split: whitened |z|, Rician-corrected (untagged, pre-40d23a4)",16.18,9,3.32,6,3.66,17.53,8,-3.88,3,-3.52,3.6 3.4 3.4 4.0 13.8 13.4 3.3 3.7 16.2 16.2 13.2 13.2 3.9 14.0 3.5 11.9,-3.5 -3.3 -3.3 -3.9 13.2 13.7 -3.2 -3.5 17.5 16.7 15.4 14.5 -3.7 14.5 -3.4 16.6,123141,75415,778.65,560.06,8000,16,17.1 17.5 18.8 20.0 23.0 25.1 26.9 27.4 28.1 28.6 27.8 25.5 23.4 21.5 20.1 18.4,17.5 17.3 18.0 17.5 18.3 20.1 22.4 23.8 25.8 23.4 18.8 18.2 19.4 19.4 21.6 20.9,75415 80821 89267 96321 105189 113101 120118 123141 121959 117652 111372 103423 95573 89145 82794 77424,
2024-09-09_043AS,d,7,0,35.36,18.86,27.76,20.95,35.36,7,18.86,0,35.50,5,16.84,2,"split: whitened |z|, Rician-corrected (untagged, pre-40d23a4)",-3.65,12,-5.23,5,-4.60,8.07,5,5.75,12,7.26,-4.0 -3.9 -4.1 -4.1 -4.6 -5.2 -4.5 -4.6 -4.2 -4.7 -4.6 -4.0 -3.7 -4.2 -4.3 -4.1,6.1 6.0 6.1 6.2 7.1 8.1 7.2 7.3 6.7 7.4 7.3 6.3 5.8 6.6 6.6 6.0,84919,51824,586.79,470.31,8000,16,18.9 19.0 20.6 24.3 28.4 31.4 34.7 35.4 33.9 32.8 30.7 28.0 25.5 23.3 21.3 20.1,20.9 17.8 16.8 17.7 24.8 35.5 30.3 27.8 29.7 33.4 30.9 30.8 30.6 25.9 21.8 22.0,51824 53210 57881 64957 71306 76299 82257 84919 83534 81532 77557 72135 66001 59749 55376 53096,
2024-09-10_008TP,d,7,0,30.84,24.29,29.20,20.49,30.89,6,23.54,1,32.44,8,18.88,1,"split: whitened |z|, Rician-corrected (untagged, pre-40d23a4)",17.92,8,8.43,3,16.79,-2.11,3,-3.68,8,-3.60,12.1 10.5 8.7 8.4 9.5 11.6 13.5 16.8 17.9 13.5 10.9 10.4 10.2 10.6 10.4 11.6,-3.4 -2.9 -2.3 -2.1 -2.5 -2.9 -3.4 -3.6 -3.7 -2.6 -2.4 -2.3 -2.3 -2.7 -2.7 -3.0,93331,73323,765.57,490.89,8000,16,24.3 23.5 23.8 24.7 27.4 30.2 30.9 30.8 30.7 29.9 28.9 28.1 28.0 26.8 26.0 25.2,20.5 18.9 20.3 21.7 22.3 23.3 24.7 29.2 32.4 26.0 24.6 26.3 25.5 25.9 25.7 24.3,73323 74476 77002 79921 84785 90322 92927 93331 92877 90541 87119 84161 81835 78263 75640 74225,
2024-09-10_045VS,d,6,15,46.11,23.53,57.71,33.08,46.11,6,23.34,0,60.49,7,31.40,1,"split: whitened |z|, Rician-corrected (untagged, pre-40d23a4)",19.56,5,10.32,2,18.17,-7.11,2,-13.11,5,-12.23,12.4 10.6 10.3 11.3 15.9 19.6 18.2 16.9 18.0 17.5 15.7 14.3 14.0 13.0 14.8 12.5,-8.9 -7.4 -7.1 -7.6 -10.8 -13.1 -12.2 -11.3 -12.2 -12.0 -10.7 -9.5 -9.5 -9.0 -10.3 -8.9,60375,39374,616.99,452.57,8000,16,23.3 24.8 29.0 32.2 37.0 42.2 46.1 44.6 41.4 37.8 34.8 32.9 30.6 27.8 25.0 23.5,31.5 31.4 35.7 43.3 45.8 51.0 57.7 60.5 56.3 50.1 46.5 46.1 49.4 45.1 37.8 33.1,40773 44008 48613 53108 56739 59297 60375 60047 57831 54843 51484 48112 44846 42141 39720 39374,
2024-09-24_039CP,d,7,0,38.46,21.04,36.42,17.21,38.47,6,20.28,1,39.41,6,16.05,1,"split: whitened |z|, Rician-corrected (untagged, pre-40d23a4)",11.94,6,5.60,15,10.18,-3.15,15,-6.61,6,-5.52,5.6 5.8 7.2 8.7 9.7 11.6 11.9 10.2 9.9 9.2 9.4 8.0 7.7 7.0 6.0 5.6,-3.2 -3.3 -4.0 -4.9 -5.4 -6.5 -6.6 -5.5 -5.3 -4.9 -5.0 -4.4 -4.4 -4.2 -3.4 -3.1,98567,67494,677.52,416.82,8000,16,21.0 20.3 23.0 28.3 33.5 36.8 38.5 38.5 37.0 35.8 33.5 32.6 30.5 28.1 25.1 22.5,17.2 16.1 19.2 24.2 31.3 36.8 39.4 36.4 37.0 28.4 28.7 29.2 25.7 23.8 25.9 22.4,67494 70041 76159 82662 89330 94446 97614 98567 97303 94743 89707 85393 80831 75906 71026 68283,
2024-09-24_046AA,d,7,0,26.12,12.03,26.47,15.27,26.12,7,12.03,0,26.47,7,13.93,1,"split: whitened |z|, Rician-corrected (untagged, pre-40d23a4)",8.31,6,3.76,1,7.19,-2.07,1,-4.50,6,-3.90,4.2 3.8 4.1 4.7 6.2 7.9 8.3 7.2 6.2 6.1 6.3 6.9 6.5 6.2 5.5 4.9,-2.3 -2.1 -2.4 -2.7 -3.4 -4.4 -4.5 -3.9 -3.4 -3.2 -3.1 -3.4 -3.4 -3.4 -3.1 -2.7,108440,60811,567.30,419.48,8000,16,12.0 12.3 13.6 16.8 21.4 25.0 26.1 26.1 24.9 23.6 22.0 19.1 16.7 15.2 13.8 12.7,15.3 13.9 14.5 18.3 20.5 22.8 25.8 26.5 25.7 24.7 24.6 21.2 17.8 16.8 16.0 15.8,60811 64040 71069 80500 92013 101104 106892 108440 106667 103479 97850 88821 80209 73162 67205 62765,
2024-09-25_017ED,d,7,1,13.15,8.80,2.44,1.79,13.15,7,8.54,3,2.61,8,1.72,5,"split: whitened |z|, Rician-corrected (untagged, pre-40d23a4)",-0.04,1,-0.83,8,-0.71,1.00,8,0.12,1,0.86,-0.1 -0.0 -0.1 -0.3 -0.4 -0.4 -0.5 -0.7 -0.8 -0.6 -0.5 -0.4 -0.4 -0.4 -0.3 -0.2,0.2 0.1 0.1 0.3 0.4 0.5 0.6 0.9 1.0 0.7 0.6 0.5 0.5 0.5 0.4 0.3,68103,31766,570.98,530.24,8000,16,9.2 8.8 8.6 8.5 8.9 10.3 12.1 13.2 12.8 12.0 11.2 10.9 10.7 10.3 10.0 9.7,1.9 1.8 1.9 2.1 1.8 1.7 2.0 2.4 2.6 2.4 2.3 2.2 1.9 1.8 1.8 1.9,36285 31766 31935 34395 40172 53579 63303 68103 65813 61192 55105 51013 47748 44070 42287 39374,
2024-09-26_009ML,d,7,0,32.80,19.54,30.12,20.06,32.80,7,19.54,0,36.84,10,19.08,1,"split: whitened |z|, Rician-corrected (untagged, pre-40d23a4)",11.90,10,6.70,15,10.61,-2.59,15,-4.29,10,-3.46,7.0 7.3 8.2 8.1 8.3 10.0 11.5 10.6 10.9 11.7 11.9 10.0 10.2 9.4 7.6 6.7,-2.8 -3.0 -3.2 -3.1 -3.2 -3.6 -3.9 -3.5 -3.7 -4.0 -4.3 -3.7 -3.9 -3.6 -2.9 -2.6,96787,69493,735.66,504.02,8000,16,19.5 21.4 23.1 24.5 27.0 30.0 32.1 32.8 31.7 29.9 29.0 27.8 26.5 25.3 23.3 20.7,20.1 19.1 19.3 20.7 26.4 35.3 34.1 30.1 30.6 35.0 36.8 34.8 32.0 32.3 25.5 20.4,69493 73854 76806 79439 84025 89363 93543 96787 94754 89735 86193 83800 80978 77841 75008 71207,
2024-09-27_036RL,d,6,15,26.97,15.98,20.95,13.17,27.52,5,15.98,15,22.32,9,13.17,15,"split: whitened |z|, Rician-corrected (untagged, pre-40d23a4)",-2.25,0,-4.13,4,-2.94,7.69,4,4.38,0,5.79,-2.2 -2.5 -2.7 -3.5 -4.1 -3.4 -2.9 -3.2 -3.5 -4.0 -3.8 -3.4 -2.8 -2.5 -2.7 -2.4,4.4 4.8 5.2 6.6 7.7 6.5 5.8 6.2 6.4 7.5 7.0 6.3 5.2 4.8 5.1 4.5,93608,63487,604.51,483.18,8000,16,16.0 17.6 20.9 25.0 26.4 27.5 27.0 26.4 25.9 24.6 23.4 21.8 19.8 18.7 17.4 16.0,13.2 15.1 17.7 19.7 21.9 21.8 21.0 20.0 20.6 22.3 21.6 20.4 19.9 17.2 15.4 13.2,63866 66134 72085 80629 87018 91849 93608 90915 86806 81640 77260 73917 70612 68036 65778 63487,
2024-10-02_011CN,d,8,1,25.13,18.83,14.66,7.67,25.13,8,18.50,2,14.66,8,7.09,2,"split: whitened |z|, Rician-corrected (untagged, pre-40d23a4)",4.63,8,2.73,15,4.63,-1.51,3,-2.65,8,-2.65,3.2 3.2 2.9 2.8 2.9 3.0 3.5 4.1 4.6 4.6 4.2 3.8 4.0 3.6 3.0 2.7,-1.8 -1.8 -1.6 -1.5 -1.6 -1.7 -2.1 -2.4 -2.6 -2.6 -2.4 -2.2 -2.3 -2.1 -1.8 -1.6,90308,76453,882.24,565.69,8000,16,19.8 18.8 18.5 18.7 19.1 21.1 23.6 25.1 25.1 24.1 24.3 23.2 22.2 21.7 20.6 20.4,8.4 7.7 7.1 8.4 9.7 10.1 11.1 12.0 14.7 13.7 13.3 12.0 10.7 8.9 8.1 7.4,77807 76453 77327 79389 81372 85639 88674 90114 90308 87225 86406 82679 80086 79200 79134 79727,
2024-10-02_018CS,d,7,1,18.43,14.45,9.22,5.36,18.43,7,14.45,1,9.39,8,5.30,0,"split: whitened |z|, Rician-corrected (untagged, pre-40d23a4)",6.26,8,2.24,1,6.05,-0.69,1,-2.08,8,-1.97,2.5 2.2 2.7 3.3 3.5 4.3 5.8 6.0 6.3 5.5 4.6 4.2 3.6 3.2 3.1 3.0,-0.8 -0.7 -0.8 -0.9 -1.0 -1.3 -1.7 -2.0 -2.1 -1.8 -1.5 -1.3 -1.1 -1.0 -1.0 -0.9,102826,75673,875.58,485.37,8000,16,14.9 14.5 14.5 15.0 16.3 17.2 18.0 18.4 18.4 18.3 17.9 17.4 17.4 16.6 16.1 15.6,5.3 5.4 5.8 6.5 7.5 8.8 9.4 9.2 9.4 9.1 8.3 8.2 8.0 7.3 6.8 6.0,75908 75673 78804 82560 89128 96318 102572 102826 97917 94051 89516 86323 85990 82552 81741 80610,
2024-10-08_009JT,d,8,3,19.79,16.10,8.85,5.07,20.08,9,16.10,3,8.85,8,5.07,3,"split: whitened |z|, Rician-corrected (untagged, pre-40d23a4)",3.56,8,1.95,14,3.56,-1.02,14,-1.80,8,-1.80,2.5 2.5 2.7 2.2 2.0 2.1 2.5 3.0 3.6 3.4 3.2 3.1 2.4 2.1 2.0 2.2,-1.3 -1.3 -1.5 -1.3 -1.1 -1.1 -1.3 -1.6 -1.8 -1.8 -1.7 -1.6 -1.2 -1.1 -1.0 -1.1,100966,86379,872.83,777.78,8000,16,16.8 16.4 16.2 16.1 16.7 17.6 18.6 19.1 19.8 20.1 19.4 18.0 18.0 17.7 17.3 17.1,5.1 5.6 5.4 5.1 5.6 6.6 7.1 7.1 8.9 8.0 7.2 6.5 5.4 5.2 5.1 5.4,90136 89752 89412 86379 87219 92589 98605 100457 100966 100563 98985 93714 94131 93843 92360 92860,
2024-10-10_019LR,d,10,1,29.82,19.52,13.05,9.78,29.82,10,19.12,2,18.22,7,8.23,3,"split: whitened |z|, Rician-corrected (untagged, pre-40d23a4)",12.77,7,6.19,2,9.68,-1.81,2,-4.08,8,-3.40,7.7 6.7 6.2 6.3 7.2 9.4 12.0 12.8 12.6 10.2 9.7 9.6 9.5 9.6 8.9 8.3,-2.1 -1.8 -1.8 -2.1 -2.1 -2.5 -3.3 -3.7 -4.1 -3.3 -3.4 -3.4 -3.0 -3.0 -2.7 -2.4,104517,73564,595.63,446.06,8000,16,20.4 19.5 19.1 19.5 21.0 23.2 25.2 26.9 28.3 29.3 29.8 28.7 27.1 24.9 23.7 22.0,11.2 9.8 8.7 8.2 10.2 13.8 16.5 18.2 17.6 14.8 13.1 13.0 13.3 13.3 12.3 11.8,75547 73564 75110 78513 82157 85913 88787 94693 100532 104094 104517 101368 96948 90818 86299 80587,
2024-10-16_020JS,d,6,0,21.18,13.18,5.50,2.90,21.18,6,13.07,1,5.78,7,2.90,0,"split: whitened |z|, Rician-corrected (untagged, pre-40d23a4)",-0.57,1,-1.19,8,-1.09,2.49,7,1.17,1,2.25,-0.7 -0.6 -0.7 -0.9 -1.0 -1.1 -1.1 -1.2 -1.2 -1.1 -0.9 -1.0 -1.0 -0.9 -0.9 -1.0,1.3 1.2 1.4 1.8 2.0 2.3 2.2 2.5 2.5 2.3 2.0 2.0 1.8 1.7 1.7 1.7,123156,79898,831.66,619.25,8000,16,13.2 13.1 14.3 15.7 18.4 19.8 21.2 20.7 19.9 19.3 18.2 17.2 16.6 16.4 15.2 13.9,2.9 3.1 3.6 4.3 5.0 5.5 5.5 5.8 5.4 5.0 5.0 4.8 4.7 5.2 5.0 4.0,79898 83534 91032 98792 112563 118876 123156 121685 119713 116970 108415 99737 95847 93968 88823 81992,
2024-10-16_047SS,d,9,1,21.61,15.38,12.33,7.11,21.61,9,15.38,1,12.77,8,6.34,3,"split: whitened |z|, Rician-corrected (untagged, pre-40d23a4)",-1.35,3,-2.52,8,-2.11,2.98,8,1.61,3,2.51,-1.5 -1.5 -1.4 -1.4 -1.5 -1.6 -1.8 -2.4 -2.5 -2.1 -1.8 -1.9 -1.8 -2.0 -2.0 -1.8,1.8 1.7 1.6 1.6 1.8 1.9 2.2 2.8 3.0 2.5 2.1 2.2 2.2 2.3 2.4 2.1,91750,71115,665.86,551.59,8000,16,16.0 15.4 15.6 15.4 16.1 17.0 18.7 19.9 21.0 21.6 20.3 19.3 18.6 18.2 18.0 17.3,7.6 7.1 6.6 6.3 7.4 7.9 8.6 10.5 12.8 12.3 9.7 8.9 8.7 8.8 8.7 8.9,73419 71115 72091 72897 76012 79996 84271 86463 89872 91750 87212 83528 80434 78242 77756 76934,
2024-10-17_048JJ,d,8,0,25.96,17.00,20.59,11.70,25.96,8,17.00,0,20.59,8,11.70,0,"split: whitened |z|, Rician-corrected (untagged, pre-40d23a4)",5.66,6,3.35,14,4.45,-2.24,14,-3.64,6,-2.82,3.6 3.7 3.8 4.0 4.5 5.1 5.7 5.5 4.5 4.3 4.1 4.0 4.0 3.6 3.4 3.6,-2.4 -2.4 -2.4 -2.6 -2.9 -3.3 -3.6 -3.4 -2.8 -2.7 -2.6 -2.5 -2.6 -2.4 -2.2 -2.4,107375,77522,591.74,489.19,8000,16,17.0 18.0 18.7 19.5 21.3 23.7 25.3 25.6 26.0 25.1 23.0 20.7 19.8 18.4 17.8 17.4,11.7 12.4 15.1 15.0 14.8 16.0 17.6 18.8 20.6 18.2 16.0 14.2 13.1 12.8 12.0 12.0,77522 79396 79507 80840 85786 93973 101047 104810 107375 105648 97015 87535 83428 79609 78408 78081,
2024-10-22_021CH,d,9,1,25.07,19.51,12.09,8.12,25.07,9,18.71,3,13.18,8,7.34,3,"split: whitened |z|, Rician-corrected (untagged, pre-40d23a4)",5.77,9,2.60,2,5.77,-1.16,1,-2.60,9,-2.60,3.2 2.6 2.6 2.8 3.1 3.2 3.5 4.3 5.3 5.8 4.7 4.1 4.0 4.1 3.4 3.1,-1.3 -1.2 -1.2 -1.2 -1.3 -1.4 -1.6 -2.0 -2.4 -2.6 -2.1 -1.9 -1.8 -1.8 -1.5 -1.3,85442,68994,845.54,516.96,8000,16,20.6 19.5 18.8 18.7 19.1 19.7 21.7 23.5 24.4 25.1 23.8 22.2 21.9 22.8 22.3 21.2,7.8 8.1 7.9 7.3 8.9 9.1 10.0 11.4 13.2 12.1 10.7 10.9 11.0 10.7 10.1 8.6,70008 68994 70356 70608 70428 72960 80234 83098 83108 85442 82863 76793 73522 75015 74909 71800,
2024-10-23_047SS,d,8,1,23.27,17.47,14.11,9.37,23.70,9,17.47,1,14.17,9,8.48,2,"split: whitened |z|, Rician-corrected (untagged, pre-40d23a4)",0.14,0,-0.12,4,-0.05,6.34,8,3.62,3,6.34,0.1 0.1 0.1 0.0 -0.1 -0.1 -0.0 0.0 -0.0 0.1 0.1 -0.1 -0.1 -0.1 -0.1 0.1,4.2 4.0 3.8 3.6 4.0 4.0 4.4 5.3 6.3 6.2 6.0 6.2 5.7 5.0 4.5 4.2,93122,77840,739.43,582.44,8000,16,18.3 17.5 17.8 18.2 18.6 19.9 21.1 22.0 23.3 23.7 22.5 21.5 21.0 20.5 19.9 19.0,10.7 9.4 8.5 8.7 9.3 10.6 10.8 12.1 14.1 14.2 12.9 11.8 11.5 11.3 10.6 10.1,77883 77840 80645 82589 83237 85192 87660 90741 93122 93016 89410 86651 84344 82530 80628 78980,
2024-10-28_022VT,d,10,2,19.81,13.08,6.12,3.56,19.81,10,13.02,3,6.60,8,2.73,4,"split: whitened |z|, Rician-corrected (untagged, pre-40d23a4)",2.29,9,0.65,4,2.15,-0.45,4,-1.77,9,-1.66,1.2 1.3 1.3 0.9 0.7 0.9 1.6 1.9 2.0 2.3 2.2 1.7 1.6 1.4 1.2 1.1,-0.9 -1.0 -1.0 -0.7 -0.4 -0.6 -1.2 -1.5 -1.6 -1.8 -1.7 -1.3 -1.2 -1.0 -0.9 -0.8,81060,58111,580.55,480.95,8000,16,14.5 13.8 13.1 13.0 13.7 15.1 16.7 17.4 18.2 19.0 19.8 18.8 17.2 16.3 16.0 15.4,4.1 4.2 3.6 2.8 2.7 3.5 4.3 5.8 6.6 6.5 6.1 6.4 6.1 4.8 4.3 4.2,61437 58903 58111 59721 64032 69760 74432 76990 78905 79893 81060 76586 69429 66364 66149 64271,
2024-10-29_049WG,d,8,1,21.05,11.05,11.82,6.72,21.26,9,11.05,1,13.20,10,6.46,0,"split: whitened |z|, Rician-corrected (untagged, pre-40d23a4)",4.14,12,2.05,0,2.96,-1.18,0,-2.48,11,-1.65,2.0 2.1 2.4 2.3 2.3 2.6 3.1 3.0 3.0 3.1 3.5 4.1 4.1 3.5 2.9 2.4,-1.2 -1.2 -1.4 -1.5 -1.5 -1.6 -1.8 -1.7 -1.6 -1.8 -2.0 -2.5 -2.5 -2.1 -1.7 -1.4,95192,51119,432.31,413.81,8000,16,11.2 11.0 11.3 12.1 13.3 15.3 18.0 20.1 21.0 21.3 20.5 17.9 16.0 14.4 13.0 11.7,6.5 6.7 7.9 8.9 7.9 8.5 9.2 10.8 11.8 13.0 13.2 12.9 10.6 9.4 8.0 7.0,51927 51119 53036 56020 61853 71284 82534 91748 95192 93256 86321 77043 70264 65338 60224 54801,
2024-11-05_023LL,d,9,0,34.18,29.45,15.40,15.86,35.84,10,27.16,3,18.59,7,9.80,4,"split: whitened |z|, Rician-corrected (untagged, pre-40d23a4)",8.38,9,5.28,2,8.38,-1.81,1,-3.18,9,-3.18,5.6 5.5 5.3 5.4 5.8 6.2 7.7 7.8 8.1 8.4 7.5 6.9 7.3 7.1 7.2 7.0,-1.9 -1.8 -1.9 -2.0 -2.2 -2.5 -3.1 -2.7 -2.8 -3.2 -3.0 -2.8 -2.9 -2.9 -2.8 -2.4,59344,45631,712.88,521.67,8000,16,29.4 29.3 27.7 27.2 27.5 30.1 31.6 31.3 31.0 34.2 35.8 34.0 33.1 32.3 31.8 30.3,15.9 13.6 10.5 10.1 9.8 10.0 12.9 18.6 16.8 15.4 14.6 15.1 15.2 14.4 13.5 15.7,45631 45815 45954 47472 49054 53503 56598 56304 56216 59344 57899 54235 51514 49662 49261 47485,
2024-11-13_025JC,d,7,0,31.78,21.45,26.18,25.28,31.78,7,20.89,1,35.38,9,20.77,2,"split: whitened |z|, Rician-corrected (untagged, pre-40d23a4)",17.28,5,10.62,3,15.47,-0.80,10,-1.90,5,-1.20,13.3 11.7 11.2 10.6 12.9 17.3 17.1 15.5 13.5 12.2 12.2 14.0 16.0 15.0 14.2 14.5,-1.1 -1.1 -0.9 -0.9 -1.4 -1.9 -1.7 -1.2 -0.9 -0.9 -0.8 -1.0 -1.4 -1.2 -1.3 -1.4,102214,76228,664.73,516.97,8000,16,21.5 20.9 21.3 22.8 26.0 29.2 30.6 31.8 31.6 31.2 29.9 28.0 27.1 25.8 24.5 22.7,25.3 21.5 20.8 21.8 22.5 24.8 26.9 26.2 28.9 35.4 30.4 29.5 31.3 31.0 28.1 28.3,76228 77593 81001 85299 91400 97802 100639 102214 101704 100351 96887 92415 88876 84963 81149 77708,
2024-11-18_026CH,d,7,0,24.50,16.26,8.32,5.88,24.50,7,16.26,0,11.58,9,5.02,14,"split: whitened |z|, Rician-corrected (untagged, pre-40d23a4)",4.10,9,2.43,0,2.98,-1.06,1,-1.66,14,-1.30,2.4 2.4 2.7 2.9 3.1 3.2 3.1 3.0 3.5 4.1 3.8 3.5 3.5 3.3 3.2 2.8,-1.2 -1.1 -1.2 -1.2 -1.4 -1.5 -1.4 -1.3 -1.4 -1.5 -1.5 -1.4 -1.5 -1.5 -1.7 -1.5,56948,42161,622.33,515.27,8000,16,16.3 16.5 17.4 18.7 20.2 21.9 23.8 24.5 24.0 22.9 21.7 20.8 19.5 18.8 18.2 17.1,5.9 6.8 6.9 7.3 7.0 7.2 7.9 8.3 10.4 11.6 11.4 9.7 8.1 6.1 5.0 5.2,42161 43789 45901 47659 50162 53568 56142 56948 54041 52468 50750 49723 47978 46844 46278 44244,
2024-11-26_050EH,d,7,0,22.71,13.73,12.88,10.41,22.71,7,13.73,1,15.08,6,7.94,2,"split: whitened |z|, Rician-corrected (untagged, pre-40d23a4)",11.33,6,1.49,1,2.58,7.84,6,-2.45,7,-2.45,6.5 1.5 1.6 1.7 1.6 1.9 11.3 2.6 2.6 2.4 2.1 1.9 8.4 1.6 1.8 1.8,6.5 -1.4 -1.6 -1.6 -1.5 -1.8 7.8 -2.4 -2.4 -2.3 -2.0 -1.8 5.0 -1.5 -1.7 -1.7,111684,80558,616.68,519.23,8000,16,13.7 13.7 14.5 15.5 17.5 20.2 21.7 22.7 22.1 19.5 18.1 17.6 17.3 16.9 16.4 15.2,10.4 8.8 7.9 8.2 9.4 12.9 15.1 12.9 12.0 11.4 10.2 9.1 9.3 11.2 12.3 11.6,80558 84059 88440 91546 96811 104473 108852 111684 110352 103466 98414 94238 91938 89778 88360 84748,
2024-12-05_043AS,d,7,1,22.82,10.15,16.10,12.72,22.82,7,10.15,1,16.50,9,10.04,3,"split: whitened |z|, Rician-corrected (untagged, pre-40d23a4)",-1.65,3,-2.54,6,-2.45,4.75,6,2.78,3,4.50,-1.8 -1.7 -1.8 -1.7 -1.7 -2.2 -2.5 -2.5 -2.2 -2.2 -2.3 -2.3 -2.4 -2.2 -1.9 -1.9,3.4 3.0 3.0 2.8 3.1 4.1 4.7 4.5 4.1 4.4 4.4 4.3 4.6 4.2 3.8 3.8,88565,45424,506.09,439.99,8000,16,10.8 10.1 10.3 11.6 14.9 18.5 21.4 22.8 22.4 20.9 18.3 16.5 14.9 13.7 12.7 11.5,12.9 12.7 11.5 10.0 10.9 12.1 14.4 16.1 16.3 16.5 15.3 14.2 14.8 16.0 15.1 13.1,46575 45424 48006 55411 65606 75506 83670 88565 88506 84905 77773 69672 62949 57255 52890 48752,
2024-12-06_051VM,d,8,0,15.66,9.91,5.48,2.44,15.79,9,9.90,1,6.12,9,2.44,0,"split: whitened |z|, Rician-corrected (untagged, pre-40d23a4)",1.61,8,0.96,3,1.61,-0.55,3,-1.04,8,-1.04,1.2 1.2 1.1 1.0 1.0 1.1 1.2 1.4 1.6 1.6 1.5 1.4 1.4 1.3 1.3 1.4,-0.9 -0.8 -0.7 -0.5 -0.6 -0.7 -0.8 -0.9 -1.0 -1.0 -1.0 -0.9 -0.9 -0.8 -0.9 -1.0,88178,52607,578.57,528.64,8000,16,9.9 9.9 10.2 10.4 10.8 11.7 13.1 14.5 15.7 15.8 14.8 13.6 12.8 11.9 11.1 10.5,2.4 2.9 4.0 4.1 4.1 3.9 3.6 3.9 5.5 6.1 5.7 5.0 4.9 4.6 3.8 3.1,52607 52767 56326 59928 64458 70580 78019 84070 88178 87886 83831 78800 73719 67953 62085 57749,
2024-12-09_027JC,d,9,2,20.49,14.46,8.18,5.29,20.49,9,13.96,3,8.51,10,5.29,2,"split: whitened |z|, Rician-corrected (untagged, pre-40d23a4)",3.62,9,1.95,4,3.62,-0.85,13,-1.61,9,-1.61,3.1 3.1 2.4 2.0 2.0 2.1 2.2 2.5 3.0 3.6 3.6 3.3 2.8 2.4 2.4 2.4,-1.5 -1.4 -1.2 -1.0 -1.0 -1.1 -1.1 -1.2 -1.3 -1.6 -1.6 -1.4 -1.1 -0.8 -1.0 -1.0,70368,50729,652.02,479.06,8000,16,16.2 15.4 14.5 14.0 14.0 14.8 16.6 18.0 20.0 20.5 19.5 18.1 17.4 16.8 16.6 16.2,5.8 6.0 5.3 5.6 5.4 5.4 5.5 6.1 7.3 8.2 8.5 7.6 6.6 6.2 5.8 6.1,54422 51987 50729 50825 52747 56149 60657 64452 69891 70368 66732 61711 59242 58702 58460 56358,
