key,phi_k0_deg,gain,insp_bin,snr_resolve,apod_L2_fit,apod_L2_theory,EI_lung_vox,EI_snr_med,EI_sigma0,EI_resolvable_frac,EI_lung_out_support_frac,EI_oow_lung_pct,EI_oow_lung_pred_pct,EI_oow_lung_excess_pct,EI_oow_lung_excess_th_pct,EI_snr_lung_med,EI_oow_in_pct,EI_oow_in_pred_pct,EI_oow_in_excess_pct,EI_oow_in_excess_th_pct,EI_snr_in_med,EI_oow_out_pct,EI_oow_out_pred_pct,EI_oow_out_excess_pct,EI_oow_out_excess_th_pct,EI_snr_out_med,EI_oow_rim_pct,EI_oow_rim_pred_pct,EI_oow_rim_excess_pct,EI_oow_rim_excess_th_pct,EI_snr_rim_med,EI_oow_excess_resolvable_pct,EI_phase_med_deg,EI_corr_rbcfrac_gmean,EI_corr_rbcfrac_gasbin,EE_lung_vox,EE_snr_med,EE_sigma0,EE_resolvable_frac,EE_lung_out_support_frac,EE_oow_lung_pct,EE_oow_lung_pred_pct,EE_oow_lung_excess_pct,EE_oow_lung_excess_th_pct,EE_snr_lung_med,EE_oow_in_pct,EE_oow_in_pred_pct,EE_oow_in_excess_pct,EE_oow_in_excess_th_pct,EE_snr_in_med,EE_oow_out_pct,EE_oow_out_pred_pct,EE_oow_out_excess_pct,EE_oow_out_excess_th_pct,EE_snr_out_med,EE_oow_rim_pct,EE_oow_rim_pred_pct,EE_oow_rim_excess_pct,EE_oow_rim_excess_th_pct,EE_snr_rim_med,EE_oow_excess_resolvable_pct,EE_phase_med_deg,EE_corr_rbcfrac_gmean,EE_corr_rbcfrac_gasbin,R_bins_cv,shift_dz_vox,gas_corr_fixed,gas_corr_shifted,rbcfrac_corr_fixed,rbcfrac_corr_shifted,dismag_corr_fixed,dismag_corr_shifted,imprint_index,n_bins_split,dphi_rep_sd,snr_diss_cal,xecs_stable,grade,grade_parts
2023-01-31_000LL,35.1,1.7391145497306408,6,6.5294335627444235,7445.211462774153,5066.059182116889,93872,11.329147861646593,31.24078390432507,0.8080790864155446,0.1879900289756264,20.605718425089485,18.994507728824818,1.611210696264667,-2.4027197809599805,11.329147861646593,17.119055428009183,15.469843614106086,1.6492118139030971,-1.8485171438082908,12.678680838246862,35.66611888706296,34.21905139882172,1.4470674882412382,-4.796559868050586,5.691359770451742,24.74734854794825,22.013031491501366,2.7343170564468835,-1.637736499408355,9.896523171144477,1.0946527029840503,14.171590452270845,0.0894595367446472,-0.1190898546386719,56431,3.660956116459078,33.448969419840815,0.11075472701174886,0.029753149864436213,34.769895979160395,41.2715217714339,-6.501625792273508,-15.394308317191118,3.660956116459078,34.01702220923436,40.58228713745336,-6.565264928219001,-15.490672827264575,3.7210024799173604,59.321024419297196,63.74738518995813,-4.426360770660935,-12.251872548553628,1.65253004058399,40.44536370473837,46.29831079026521,-5.852947085526843,-14.76601188227663,3.037806099014907,-0.8697956764123836,19.70011705415485,-0.24452793787143345,0.15739465483009812,0.0013479644449223998,2,0.5682572639163814,0.6125119585824464,0.6439710974549023,0.6523523377149112,0.4173322960805006,0.44279487873266454,0.017081342392155086,16,3.0,55.4,yes,C,CAAA
2023-05-02_011BA,40.8,1.530407816792907,7,5.617233285596306,9347.688449135,5066.059182116889,94689,10.303616043986056,35.808042712015435,0.8004308842632196,0.2530917001974886,27.71599657827203,21.615066178831682,6.100930399440347,0.8464986921322719,10.303616043986056,21.886488320796335,16.458470576743757,5.428017744052578,1.1490371879878793,12.604703641065917,44.91967452534947,36.83288664042426,8.086787884925208,-0.046333879571967884,5.108045030271844,28.56870020735567,22.287565519319575,6.281134688036094,0.7194217400809038,9.338219310848588,5.103800593519309,12.6657874917337,0.021414908937464415,-0.21513711686233863,48460,5.187763793100293,33.04953399188087,0.4282913743293438,0.03369789517127528,30.538588526619893,30.708867083599085,-0.17027855697919136,-9.89342183457195,5.187763793100293,29.655967710936,29.895280355015508,-0.23931264407950792,-9.887534173528099,5.282354360219811,55.848132271892226,54.0388277323333,1.809304539558923,-10.062253128938124,2.169158782157191,32.33907551813087,33.78935096221042,-1.4502754440795513,-12.14893564061336,4.576912557209853,-1.2461184107552072,12.67657925849694,-0.23759731075507656,0.1473228840432943,0.0014479846430155133,3,0.480342980410158,0.5617473255216449,0.6447954379429832,0.6292974520592984,0.3333295803127192,0.2689416633175646,-0.04888993111146983,16,4.9,53.0,yes,C,BBAC
2023-05-02_012SR,32.7,1.851028074164933,6,7.00865804441374,11426.164352550266,5066.059182116889,81361,10.113171982263564,36.57881116049847,0.7190054202873613,0.23974631580241149,45.18995587566524,31.49074063677962,13.699215238885621,6.314781592204767,10.113171982263564,42.31509174682726,28.223650425784548,14.091441321042709,7.753805349291156,11.920456881112004,54.306367271608735,41.850930578392486,12.45543669321625,1.7515285165060845,5.1570875872788875,47.13412388598365,32.78302211264778,14.35110177333587,6.726012839286021,9.416700977325988,10.328349990012184,6.542838131598007,-0.10166653599582068,-0.3919010983420681,41141,7.910009878020077,36.33804266831503,0.5879779295593204,0.05002309132009431,44.36207189907878,33.37012609915037,10.99194579992841,1.8945618986103412,7.910009878020077,43.8297981219456,32.63488813456216,11.19490998738344,2.351359654124998,8.173983005635094,54.47035957240038,47.33285951508853,7.137500057311854,-6.780378178542001,3.770218560989197,47.013288203585304,35.300040822957804,11.7132473806275,1.9246470488676266,7.024904274525689,4.958580472317998,7.07943251074887,-0.656555508989556,-0.4619351466478833,0.002955294826859225,7,0.4330523339033538,0.6858664472178345,0.7885051136448549,0.8319742767334781,0.32424851006664973,0.5506005333494497,0.1828828601941767,16,7.8,62.9,yes,D,CBAC
2023-05-15_035EK,34.0,1.7882916499714003,6,6.740679942715567,8242.755735855062,5066.059182116889,137329,9.505713433245589,29.11727337601168,0.7032746178884285,0.23490304305718385,39.68790277363121,29.754105241162677,9.933797532468532,4.846545801298468,9.505713433245589,35.31550394974779,25.35259076850655,9.962913181241245,5.558350427558331,11.044104094173607,53.92913605505441,44.090170390174706,9.838965664879701,2.528144360425401,4.509068859712383,43.921292325286934,31.816077096299978,12.105215228986957,6.9182476624546325,8.462993823712042,7.555493257198459,10.245753904804067,-0.013820415946103835,-0.2766226501395833,80561,4.842215549708041,32.05597535833538,0.25463934161691143,0.06978562828167476,40.52084755650998,38.44678933516849,2.074058221341488,-6.718223725069812,4.842215549708041,37.48115133642029,36.20048868955932,1.2806626468609679,-7.6445162280931385,5.06999472180285,81.03877623621487,68.38907394585975,12.649702290355123,5.628882977894605,1.461265383605041,43.13777218580677,42.18488248352934,0.9528897022774245,-8.472534864472038,4.007186647264218,1.1031881749247587,9.7091394204822,-0.49363742405197963,-0.05979984616430792,0.0021747878981999012,8,0.49757084417047814,0.652494992694042,0.7896273673348894,0.8183338474368406,0.6960302509145625,0.7177320942934355,-0.007004636723078161,16,7.0,56.3,yes,D,CBAC
2023-05-18_000SV,32.9,1.841029157558528,6,6.96605222043554,9504.547913791544,5066.059182116889,135152,9.07964386845292,40.75654718309201,0.6782363561027583,0.15893956434237008,42.36045341541376,31.277452683930367,11.083000731483391,4.4953409976040675,9.07964386845292,39.97941427452913,28.88983540075425,11.089578873774876,4.819258622570366,9.963145268774442,54.96019738373447,43.912006205456926,11.048191178277541,2.7812662176801766,4.667016148164974,47.73734276894647,34.74154649213949,12.995796276806978,6.1096635825985,7.82199927953064,8.459217009240813,6.2162035168064325,-0.019328030179300862,-0.3004857415276928,75996,6.238012739606454,35.961856662286785,0.4076398757829359,0.021803779146270855,40.808726775093426,34.163733511940755,6.644993263152671,-2.5398114041419078,6.238012739606454,40.51843581431012,33.799690937420486,6.718744876889637,-2.4070776081677536,6.313004620068985,53.832226916113456,50.49599720974528,3.3362297063681723,-8.494728518759885,3.138053398133161,44.45313821688377,38.03844199910461,6.414696217779159,-3.73188925355646,5.150538989176233,2.8452505454867967,8.091361949120703,-0.3984469208543707,-0.21629994036520903,0.002464834835639366,12,0.3752046125427063,0.6237080997542144,0.7394847397725172,0.8071523110904129,0.6668746260160533,0.7108021210729123,-0.02374007626103669,16,5.9,59.2,yes,D,CBAC
2023-09-25_032WS,42.6,1.4773755381932516,6,5.379885400289419,5901.338320594234,5066.059182116889,109315,13.54477127760186,32.61204591685021,0.9217490737776152,0.1973013767552486,33.53702602570553,22.468023596643757,11.069002429061772,10.144564235422433,13.54477127760186,33.04272510741108,20.917963189298984,12.124761918112096,11.41403580257101,15.405308843093353,35.54803412462908,28.77427130451104,6.773762820118044,4.979860897023595,7.020827797260664,34.70452906637366,23.213579702645433,11.490949363728227,10.547013016880708,12.170834189327921,10.687391657119102,7.78611298897435,-0.176796273608387,-0.3716880997091273,77729,5.968074541462224,39.632848344203744,0.5745217357742928,0.06873882334778525,34.67946326338947,30.326084774819652,4.35337848856982,2.232165432713572,5.968074541462224,34.14057967010196,29.19351009188459,4.947069578217366,2.9280378014715005,6.236299499533887,41.98016095826315,45.67000223672077,-3.689841278457621,-7.195387867849931,2.797529216169072,33.54789982319721,31.593126596475006,1.9547732267222067,-0.4748291108248992,5.279181068950592,2.9231665668887614,8.590935992783539,-0.39179582617071235,-0.23762840097004642,0.0020873095469344043,4,0.5260702663346424,0.7125827865320714,0.8178946605990182,0.8408892764873697,0.5723904604173121,0.6930903284319644,0.09770525212630077,16,6.0,70.2,yes,C,BBAC
2023-11-02_036RL,31.0,1.9416040264103567,7,7.393003808139655,8198.012543800092,5066.059182116889,111205,6.471939120016331,56.110898689726135,0.41508025718268066,0.2670833145991637,43.96474978643047,37.37024889317262,6.594500893257845,-0.7179683601872995,6.471939120016331,40.436052218296034,33.093197126056324,7.342855092239709,0.48399177838290797,7.813043582013329,53.648025319012824,49.10712062230792,4.5409046967049065,-4.016327308843152,3.606714680373726,45.257839104860466,38.14250516594942,7.115333938911043,-0.441065357088398,6.039138799477968,6.314575416590908,2.0287003074824086,-0.051011305310848555,-0.24902459814129413,78154,4.056482004676387,52.689820152190556,0.0971031553087494,0.08597128745809555,55.042608183842155,47.66022210469958,7.382386079142577,-0.7646736337758284,4.056482004676387,53.643172114509696,46.09070572158009,7.5524663929296025,-0.5761509694500973,4.286023976507974,69.92111921416877,64.34699139003072,5.574127824138046,-2.7690070950212657,1.9999552084621546,57.15162279993541,50.36949340129709,6.782129398638318,-1.7152504576830552,3.6072298729219323,0.4206448976768598,7.258054970641761,-0.05089393511352089,0.03983051510587467,0.0030004699714923666,3,0.6750632548935576,0.7820497833696559,0.725955195877921,0.709012169129365,0.5859910188819436,0.7107276352620195,0.1416796431286319,16,,55.1,yes,D,CCBC
2023-11-17_005DS,31.4,1.919350313097455,8,7.298825415679277,,5066.059182116889,80611,2.3784771155074336,32.29662640079605,0.047871878527744355,0.35642778280879783,44.264430412722824,57.33863639010407,-13.074205977381247,-13.074205977381247,2.3784771155074336,37.73974055012626,49.58768371965711,-11.84794316953085,-11.84794316953085,3.2313908818982684,56.0455241542531,71.33389163130265,-15.288367477049547,-15.288367477049547,1.2845268746264937,42.0870418187326,55.67506889122576,-13.588027072493162,-13.588027072493162,2.5320223470852787,0.8443156107123487,-1.0961298517986504,-0.2133487613470587,-0.3399647545038754,56292,1.495055632975887,36.136751242804245,0.0,0.1969906913948696,42.776948767142756,68.24123942673052,-25.46429065958776,-25.464290659587775,1.495055632975887,39.559321283985575,65.33849205697318,-25.779170772987605,-25.779170772987605,1.6930609656520523,55.89322752277032,80.07394655588018,-24.180719033109867,-24.180719033109867,0.8955075299653268,43.11284788410217,69.14761789706903,-26.034770012966852,-26.034770012966852,1.4503836069397398,0.0,,,,0.002171335268964974,3,0.6500637739170226,0.735156774680695,,,,,,16,6.1,51.0,yes,D,CBCA
2024-02-19_037GD,51.9,1.2707529492176177,5,4.415859692723108,,5066.059182116889,99934,3.918061052415357,20.91673883357198,0.37717893809914543,0.3346408629695599,10.947225168611284,28.68500453006071,-17.737779361449427,-17.737779361449427,3.918061052415357,9.741021476267822,26.18020075463063,-16.439179278362808,-16.439179278362808,4.446811969036295,13.345493690568746,33.66525130465246,-20.319757614083713,-20.319757614083713,3.0211665594698216,11.323092442134579,28.90760973667243,-17.584517294537854,-17.584517294537854,3.9380139377857635,-5.191940612178407,8.201969097311466,-0.2619995579078789,-0.46977324089638667,28950,1.7850781522477537,23.205826396911846,0.0,0.012573402417962003,21.212435233160623,50.62076937348419,-29.408334140323564,-29.408334140323564,1.7850781522477537,21.279647379836284,50.55422698860623,-29.274579608769947,-29.274579608769947,1.7882014730343245,15.934065934065933,55.84654029139955,-39.912474357333615,-39.912474357333615,1.5491674216239668,21.096319498825373,51.22515778237086,-30.128838283545484,-30.128838283545484,1.7377734003946497,0.0,,,,0.0019500513951257945,2,0.40751017045491067,0.4642944604052186,,,,,,16,4.6,66.8,yes,B,ABBA
2024-02-21_043AS,50.9,1.2885827328033104,5,4.5026152859003785,6798.89221311249,5066.059182116889,103779,16.439572366022674,28.771081638587386,0.9678065890016284,0.16933098218329334,4.869000472157181,6.224330684414694,-1.3553302122575133,-3.117768190016946,16.439572366022674,4.917291139827854,5.371840739589298,-0.45454959976144416,-1.8869870840716931,18.263938943661287,4.632106071814715,10.406300079715335,-5.774194007900619,-9.15548036318695,7.983732729724962,5.399600778229781,6.996486798167531,-1.5968860199377506,-3.637790577275739,14.510867685080482,-0.8327046570228931,11.881325687720656,-0.46740969314955233,-0.5812114117260098,59783,7.324381921381071,25.35590586121758,0.8328454577388221,0.013716273857116571,9.499356004215246,15.5662756406914,-6.066919636476154,-10.43772232365684,7.324381921381071,9.300747926665876,15.354442364339945,-6.05369443767407,-10.38600876900903,7.374456491828512,23.78048780487805,30.798379876680304,-7.017892071802255,-14.156242229387026,3.343097447754942,12.130124549244265,19.245094457510874,-7.114969908266609,-12.113141521026257,6.153487719555102,-4.355748404340227,11.724604803106184,-0.431243254187844,-0.05723454774114819,0.0018974990402033417,6,0.4094567551241897,0.5819344447116179,0.5708606649330897,0.6274768403003508,0.5676444717272586,0.683191456782705,0.058930809688185315,16,2.8,62.7,yes,A,AAAA
2024-02-26_029CK,58.400000000000006,1.1740852143018525,7,3.9243684598001587,8249.938727606539,5066.059182116889,94961,12.835046982493916,39.71373517776249,0.9615315761207233,0.21733132549151757,3.421404576615663,5.640818924980277,-2.2194143483646136,-4.947114553472554,12.835046982493916,2.9008516879028026,4.34173332284494,-1.4408816349421372,-3.5707247278452563,14.916144460264679,5.2960558193623415,10.319176285553237,-5.023120466190895,-9.903865256549278,7.24098321896728,4.110035438363047,6.604104009900282,-2.494068571537235,-5.633915810915347,11.203399005461879,-1.649184599490971,18.25704435943681,-0.02925337591872058,-0.1432834474701075,54095,11.082277433322265,35.940027598081834,0.917755799981514,0.05420094278583973,9.01377206765875,9.777226725200734,-0.7634546575419847,-3.921122408748012,11.082277433322265,7.653968688309912,8.44513289729324,-0.7911642089833277,-3.8076942600816936,11.527375616036457,32.74215552523875,33.02208229042283,-0.27992676518407933,-5.900428128466579,4.033398540509932,10.702879759792548,11.744836881317692,-1.0419571215251437,-5.030936609821383,9.113434329929337,-0.49482517144573346,18.580961706326168,0.033327825857030126,0.030437022162046422,0.0012543055149559469,6,0.45662346668430737,0.6492996246517501,0.6638466429588706,0.7076378669667619,0.6610641773723592,0.7765832260480781,0.07172782466782757,16,1.6,57.8,yes,A,AAAA
2024-02-27_009JT,38.1,1.6206513110309761,5,6.0153049357566735,10365.742088652543,5066.059182116889,124499,5.643383081673411,31.53715874675751,0.4461963549908031,0.3098900392774239,24.611442662190058,29.87656984074486,-5.265127178554803,-16.1462506925699,5.643383081673411,23.31874578086082,27.46972119869992,-4.150975417839099,-14.21337435864326,6.495378625790467,27.49021539099557,35.23650404740662,-7.74628865641105,-20.450671751078215,4.111200901524333,24.3558483779484,29.551424778145442,-5.195576400197041,-16.055512930333844,5.667734579725414,-0.7530869598295673,6.59376730152549,-0.32991410402253823,-0.3242461413018887,111271,3.5087312891711666,25.33188935103635,0.10829416469700101,0.2421116014055774,44.833784184558425,43.99462112406083,0.8391630604975973,-10.68822326730487,3.5087312891711666,42.56560458194495,41.85331507454795,0.7122895073970028,-10.553746690264475,3.7875630181345072,51.93392724573126,50.697608520551896,1.2363187251793661,-11.109178880459858,2.6674356760052076,45.08345601590731,44.33304801676078,0.7504079991465318,-10.88275618670945,3.4814347310744127,0.43879596544937827,4.420125004261781,-0.07798455822213932,-0.0664590071685517,0.0022139294297452788,1,0.7853181898446401,0.7993981798340514,0.2824551098183512,0.25537636463664104,0.6700668276639016,0.6612946601039967,0.01830657762180532,16,7.3,55.8,no,B,BBBA
2024-03-06_030DN,50.4,1.297836227184727,6,4.547284088339866,12198.086977243076,5066.059182116889,97243,10.213623159820614,39.01784309022085,0.8929383091842086,0.24893308515780055,10.548831278343943,14.029502904218285,-3.4806716258743418,-12.212896499330409,10.213623159820614,8.571115614217646,11.822560383634837,-3.2514447694171906,-11.21227523163968,11.972171731548588,16.515883835254268,20.68816585019807,-4.172282014943804,-15.231914754672239,5.920360073367276,11.818250969852178,15.359577250398559,-3.5413262805463805,-12.696528311887223,9.51667812339019,-2.706919480542476,9.996802583660013,-0.26106356436087313,-0.4045067145222982,36648,5.939810704192178,32.66823118516508,0.6959997817070509,0.06300480244488103,18.99421523684785,21.551162387415737,-2.5569471505678862,-14.20982909794872,5.939810704192178,18.232913014356853,20.750003299344268,-2.5170902849874146,-13.998277334449732,6.165707031871596,30.316154179298398,33.46584490161494,-3.149690722316546,-17.355985878716023,3.6178727494778244,21.68186046511628,23.94762549598088,-2.2657650308646,-14.539838168175628,5.4432780413202515,-1.662641442550747,11.727965343819992,-0.39325073713726055,-0.2481374777191994,0.001489030651297449,12,0.2371010966769926,0.5201032462721211,0.3923882194668191,0.13206071232652797,0.6838473846330222,0.7784610411101508,0.3549411636174198,16,5.9,64.1,no,B,ABAA
2024-03-11_039CP,53.7,1.2408051957303567,7,4.267842049391606,9841.437669682955,5066.059182116889,81175,15.8439967021342,36.40162654352452,0.9622420696027102,0.19884200800739144,5.488142901139514,5.789833954134097,-0.3016910529945829,-3.9371733191662903,15.8439967021342,5.201894393701756,5.088699106163873,0.11319528753788255,-2.8891757273722627,17.813246360284204,6.641472027755406,8.614789266871567,-1.9733172391161604,-8.15967969329012,8.779145487742943,6.242532414851091,6.489281775128353,-0.2467493602772617,-4.262982859409064,14.587991537565523,-0.29805502240440107,13.969905252119217,-0.38256550939182676,-0.43873444322222155,63007,11.272231034853156,33.40453818513647,0.8718237656133445,0.12371641246210738,12.01929944291904,12.544256749613469,-0.5249573066944286,-5.8224514588851,11.272231034853156,6.853582554517133,8.087116318111152,-1.2335337635940187,-6.133645183682044,12.181870723580715,48.608082103912764,44.11419100286632,4.493891101046444,-3.6182657073149826,1.798809475059471,11.033354727841155,12.36493569656269,-1.3315809687215339,-7.290394527966468,10.219296640777985,-1.2957548407383077,14.148282280684814,-0.4068356078741703,-0.38920388452503657,0.0016713221498247774,4,0.4991980777142752,0.754391192042464,0.5596437166104112,0.6285039904824088,0.8164826798115873,0.9156982750564232,0.030355321372838362,16,2.2,60.9,yes,A,AAAA
2024-03-12_006KL,46.1,1.3878266007639526,9,4.97143423107005,15755.209843272907,5066.059182116889,65958,8.679815071473215,44.63108927804613,0.793201734437066,0.2485672700809606,17.912914278783468,21.807119670032527,-3.8942053912490593,-16.660833082943,8.679815071473215,16.65758731311664,19.782715680895052,-3.1251283677784123,-14.379511933488441,10.32144438526207,21.707837755413237,27.927005910570536,-6.219168155157298,-23.55739423758871,4.720944083892989,17.715076170039193,21.59984168005382,-3.8847655100146277,-16.72536025454514,8.280627157217973,-2.5870581769710297,7.055770972674311,-0.4030657703148408,-0.39315404151512395,54790,7.611115782943578,36.388792028953105,0.7536046723854718,0.14982661069538236,18.963314473444058,22.067386705514306,-3.104072232070248,-15.802754042913719,7.611115782943578,16.343573560035207,19.85159513570551,-3.508021575670302,-15.689840885613666,8.469837807523517,33.82872457059325,34.64063400887204,-0.8119094382787893,-16.443466404978984,3.7941940244217087,19.309039280643635,22.769165846421256,-3.460126565777621,-16.678663833374454,7.073279209629592,-2.5685001958656555,8.289902016616866,-0.33133002411534773,-0.4016462634260306,0.0022825157973577533,1,0.7690756264915194,0.8261687069623382,0.41260038816523403,0.4438706268726254,0.8729549831598008,0.8958816824032334,-0.008343539463958771,16,7.6,66.7,yes,B,BBAA
2024-03-12_044DY,46.3,1.3831887184055862,7,4.9499593531820585,9250.18167314325,5066.059182116889,94582,12.17744268224815,37.9818409256121,0.8553424541667548,0.23165084265505065,15.636167558309191,17.73213042921776,-2.0959628709085703,-8.798355419331623,12.17744268224815,12.523392778511669,14.92453839653345,-2.401145618021781,-8.568177758954155,14.309939471859122,25.96074851665906,27.044468548762907,-1.083720032103848,-9.561818264377301,5.69452297014919,16.542521410077672,19.108816498852182,-2.5662950887745097,-9.535439584004074,10.993417973596081,-2.3777333668972696,8.084968618556758,-0.4176833633066015,-0.42696365554384885,80435,8.45594406096306,41.48071392302938,0.7330266674954933,0.17529682352209858,23.893827313980232,25.864589926004548,-1.9707626120243162,-9.683139368230883,8.45594406096306,16.65938041757745,19.263698311971527,-2.604317894394079,-10.036447050458683,9.718934740554687,57.9290780141844,56.91921015415213,1.0098678600322657,-8.02096453840241,1.4186545831804687,24.206268958543983,26.183037560840756,-1.9767686022967723,-10.132410468974573,7.578875507067229,-1.6277342409916393,8.504095050026105,-0.4725659197128022,-0.42191963914876895,0.0020620155974684353,3,0.6528375862672432,0.7939472457892603,0.5928150892696894,0.643435600887165,0.8672781001631639,0.9301384627690452,0.012239850988405743,16,3.3,69.8,yes,B,BAAA
2024-03-14_038RL,53.9,1.2376392575308548,7,4.25200590078533,7192.469917781197,5066.059182116889,89273,14.896479496965215,35.475688109740325,0.9643565243690702,0.21244945280207903,3.3123116731822613,4.373002651538873,-1.0606909783566119,-2.5300203987430496,14.896479496965215,2.759326951797118,3.3521228214276437,-0.5927958696305256,-1.699136429911297,17.14620369409449,5.362227143309079,8.157406227181086,-2.795179083872007,-5.610108935949318,9.674119817522744,3.884597281058781,4.98516020627581,-1.1005629252170293,-2.7664213559953925,13.691734024563308,-0.8045897969427479,18.779465131454078,-0.22725611877711788,-0.44111286915795633,59652,7.9838075486973406,36.06558389976817,0.85348353785288,0.0676423254878294,3.798699121571783,8.416520410591891,-4.6178212890201085,-8.602450286018968,7.9838075486973406,3.5690526277936603,7.625748221290708,-4.056695593497048,-7.752689254550694,8.318464746218986,6.964064436183396,19.316242059257043,-12.352177623073647,-20.315253083335197,3.839905464032476,4.374481825718898,10.038881405725798,-5.6643995800069,-10.355219223798006,6.902245334086386,-2.6196190702831066,18.77306643509593,-0.548953950813616,-0.2538145406713141,0.0012276930879165932,9,0.4048624392577965,0.6488109769084995,0.6728055039217026,0.718097398532737,0.7988780144569656,0.8981739704665497,0.05400406139854963,16,2.6,63.8,yes,A,AAAA
2024-03-21_032WS,58.5,1.172827696614009,6,3.9176601376466547,7409.384675472879,5066.059182116889,113629,13.995674279165051,31.45687448776614,0.9735542863177534,0.18511999577572627,3.449823548565947,6.414858992301017,-2.96503544373507,-5.762235510009031,13.995674279165051,3.2637103916020473,5.706743739903451,-2.4430333483014035,-4.889450385368286,15.864728930127118,4.269075350606133,9.531912649562738,-5.262837298956605,-9.604149740148568,7.300497377100535,4.226975037919317,7.694687024053611,-3.4677119861342938,-6.652434212511498,12.163846800158623,-2.7087816632014494,11.047266056108182,-0.3973538758558032,-0.49377847111666595,72885,8.003851617114123,30.530490124008576,0.8929546545928517,0.02278932564999657,7.621595664402826,13.527683443880017,-5.906087779477191,-10.662869820573516,8.003851617114123,7.5087049309221605,13.308141471171309,-5.799436540249149,-10.4793657786778,8.112644070308717,12.462372065021071,22.941685529494098,-10.479313464473027,-18.53155849003799,3.707139503536248,8.980140670252378,16.101299188272655,-7.121158518020277,-12.455817295941394,6.820523991035245,-4.243913918575622,11.680100472338983,-0.3164242842596344,-0.22397748957455232,0.0017765378451359204,4,0.5441635881382964,0.7012911920896242,0.25842738484703626,0.351342126252737,0.6696857098513441,0.7857006468067939,0.023100195549749014,16,4.9,65.0,yes,B,ABAA
2024-03-21_036RL,46.6,1.3763210306569391,6,4.918092662067152,8429.916115474027,5066.059182116889,107102,13.51660399111209,39.156941594638646,0.9330918190136506,0.228016283542791,10.256577841683628,12.947492726174717,-2.6909148844910895,-7.560624472591423,13.51660399111209,10.587680361872739,12.558548983286805,-1.9708686214140663,-6.379727304061618,15.71755151636548,9.135580033577659,14.264320767848496,-5.128740734270837,-11.558730970736976,7.865193879562233,11.578054839017865,14.256800397639832,-2.6787455586219675,-7.814109525435912,12.398585172789272,-2.3628040711116487,8.36826985557915,-0.350199974480576,-0.4229221693624152,71602,8.74282622098674,38.04292446549756,0.8424345688667915,0.031828719868160105,11.522024524454624,16.80317056128135,-5.2811460368267245,-11.725514792900968,8.74282622098674,11.381503974149993,16.336005105691537,-4.954501131541544,-11.226128231749087,8.943420486960504,15.796401930671347,31.01348687451187,-15.217084943840522,-26.91593803938275,3.4882089718803746,13.155133268463931,19.455577508311027,-6.300444239847096,-13.366065303008174,7.366357877690553,-3.1849738821392553,9.300354288108243,-0.2813825409032435,-0.22162047983661004,0.0023291663852646285,3,0.6446957438422103,0.8041688430311419,0.5115473624177723,0.53840198308491,0.7953308674692744,0.8670891870265679,0.044903698890155774,16,3.2,65.4,yes,B,BAAA
2024-03-28_010AJ,40.6,1.536631251621152,9,5.6449043855253525,13627.669254233846,5066.059182116889,64680,7.986826064113487,42.175402653454505,0.6650123685837972,0.22217068645640073,26.39455782312925,27.661994537035945,-1.2674367139066938,-12.962316522756286,7.986826064113487,23.768634466308885,25.046700431996772,-1.2780659656878868,-12.102700315730655,9.55336361744213,35.588030619345865,36.81825385676598,-1.2302232374201125,-15.971870550276073,4.328901343694692,27.617766290782274,28.92008248923372,-1.3023161984514466,-13.232360816732129,7.4745210259663475,-1.128888204913743,6.122310145403307,-0.2601018802360336,-0.2501094049922697,52747,5.548256671059781,46.507083959286945,0.4907198513659545,0.15003696892714277,28.767512844332376,32.47561876315096,-3.7081059188185854,-17.351513818126445,5.548256671059781,26.538487274998328,30.010295568353108,-3.47180829335478,-16.679913226742475,6.254715164143051,41.39499620924943,46.441733849374394,-5.046737640124967,-21.156147292162075,2.785886243917159,30.973045056074156,34.45998585543777,-3.486940799363616,-17.431728743398864,5.008181294622845,-1.3200973675444927,6.615961910845568,-0.18581212317185974,-0.2854786185342865,0.002281596483479258,2,0.7184600162321055,0.7738857183531149,0.33277075990712,0.36889259869334623,0.7128255664791006,0.8023377443016756,0.05339033903634882,16,2.2,57.3,no,B,BAAA
2024-04-01_008CR,43.9,1.4421652196772579,7,5.220572165201123,8475.98748474946,5066.059182116889,92319,7.887071571231207,34.62358734689395,0.7171871445747896,0.2506309643735309,19.557187577855046,22.556200688626937,-2.999013110771891,-9.91018185462653,7.887071571231207,18.604819242277504,19.974970411396967,-1.3701511691194632,-7.444678604322107,9.505791709801365,22.404702221453885,30.273898493495416,-7.869196272041531,-17.281863951580068,4.479678945648251,20.507634745677013,23.23960140514762,-2.731966659470608,-9.72947488438395,7.511069226945306,0.04606960725617726,8.429529527760973,-0.12225850222127445,-0.16064552115220979,82938,3.9860347620859944,35.32562017771683,0.3222889387253129,0.22405893559044104,28.819117895295282,35.65326545114714,-6.83414755585186,-16.083454793025982,3.9860347620859944,23.54595602517287,30.435714305513535,-6.889758280340665,-15.901057381657793,4.702583788449627,47.0806651240381,53.72222654339549,-6.641561419357394,-16.71511735604591,1.987917059440402,27.810865775711797,36.015070753143625,-8.204204977431829,-18.026389282519276,3.8304220646996674,-0.24053540712501223,9.663038550302007,0.02980530195836068,0.028468403763934693,0.002102266936880453,2,0.5553727494826246,0.5891555127742072,0.5342927736413644,0.5682794819478842,0.7449645796725869,0.7860821509785959,0.007130862999489174,16,9.1,55.5,no,C,BCAA
2024-04-03_040RP,55.8,1.2090720434065414,9,4.107224337855364,11337.651917995106,5066.059182116889,90249,7.985831962891866,44.59649900655006,0.7917650057064344,0.2505512526454587,26.2562466066106,25.78618878524899,0.47005782136161045,-7.24994658617992,7.985831962891866,24.97597468841019,24.828314722204063,0.14765996620612754,-7.135483985629108,9.119456030360045,30.085795153016097,28.651381072626016,1.4344140803900807,-7.592327044054283,5.425730709939616,28.463605766815693,27.55327729852903,0.9103284682866644,-6.843071681340664,7.613770862256983,-1.4949582022944163,7.975538526595835,-0.09868024543328276,-0.14558075229447323,76667,6.28401415280124,51.51411706871974,0.683214420806866,0.1618166877535315,32.77681401385211,30.58042373661236,2.1963902772397503,-5.791309382422398,6.28401415280124,28.38891396025583,27.234449178206667,1.154464782049164,-6.6483433421337175,7.08915634724597,55.505400612606806,47.912010960351544,7.5933896522552615,-1.352017162124973,1.7612972623433696,35.80496807513134,32.864890464507994,2.940077610623348,-5.136896066884326,5.77928584736875,-0.9427162268310627,8.805875366273591,-0.22313718350201972,-0.15925201339473094,0.002235818416871614,2,0.6131803771293189,0.6912169368085115,0.3422402695073926,0.3554318576787857,0.8591992809998482,0.8883673510260047,0.015976481854763414,16,3.3,76.0,yes,A,AAAA
2024-04-09_019WR,48.9,1.3270283697641698,8,4.686771330313483,9646.498225734202,5066.059182116889,102730,11.670511073557378,38.09707076622692,0.9259320549011973,0.21576949284532268,11.310230701839775,11.976988834331152,-0.6667581324913776,-5.69043042743996,11.670511073557378,10.839829204111018,10.94472286648925,-0.10489366237823283,-4.591051726281556,12.868346911523936,13.019940449336822,15.728837405711415,-2.708896956374593,-9.68620529345662,7.172374764767944,12.013789824060865,13.061842138463787,-1.0480523144029217,-6.61455497171384,10.647932368278735,-0.00464144450091214,13.031445106531693,-0.15463450736293866,-0.29515341907928183,73838,8.564404207678773,37.03018839259042,0.8566185432974891,0.04606029415747989,9.669817709038707,13.426088921264977,-3.7562712122262703,-10.43737536601391,8.564404207678773,9.159958544514957,12.796568699957378,-3.636610155442421,-10.109985600282716,8.78241276057149,20.229344310496913,26.463876580260433,-6.23453226976352,-17.217837856107444,4.2360931124560475,10.884772215973003,15.51219650334154,-4.627424287368537,-12.048970929242811,7.468775437188968,-2.2612316129088166,13.16182834933517,-0.3191145559922291,-0.2193009736969938,0.0017333151869192434,4,0.5824508113181454,0.7441422118733824,0.4056967250461635,0.4675868756187814,0.8727674168101442,0.9335838332442914,-0.0010737341384707277,16,3.6,60.6,yes,A,AAAA
2024-04-22_025VP,47.9,1.3477527768088922,7,4.78461624326366,10777.933158656946,5066.059182116889,59323,14.47876304600147,44.62277502653945,0.9177890531497058,0.22621917300203967,14.394079867842152,11.93352157785304,2.4605582899891107,-2.084405184344991,14.47876304600147,12.347776833758143,9.042014595466174,3.305762238291969,-0.12820575099722475,16.658673347921546,21.393442622950822,21.82389751023041,-0.4304548872795877,-8.775569311689434,8.463945394486771,15.30207145945521,12.41407119495014,2.88800026450507,-1.95742975170959,13.651937448821698,2.263103283420129,15.065910896325898,-0.04446519000125557,-0.1653863842483666,53476,10.330951844775225,40.14782665812288,0.8021729373924751,0.17527488967013238,21.482534220958936,18.34632382104869,3.1362103999102473,-2.9440477549943296,10.330951844775225,14.49107770446455,12.492475436043033,1.9986022684215161,-3.0722702555467,11.834874586863751,54.37960098154273,45.89057596272203,8.489025018820698,-2.3407193711405867,2.0357420566217423,20.490121492957098,17.50221698680825,2.9879045061488476,-3.4915519082844853,9.784198315735402,1.1990266496824733,15.662953466163732,-0.22738083297409306,-0.0741261129202504,0.0016649907476678622,2,0.8125618777956095,0.8751539508324255,0.788326232141012,0.8002237931458447,0.8510602609619815,0.9117083565749409,0.04875053460812673,16,4.0,64.1,yes,B,AAAB
2024-05-02_023DB,52.3,1.2638653406193472,6,4.38208638723383,6625.874177199448,5066.059182116889,109271,10.641888082027963,31.131760090095455,0.9228066001043278,0.16977057041667049,6.029962204061462,11.246276001803944,-5.216313797742481,-8.275843879247233,10.641888082027963,5.302028218694885,10.151434177171005,-4.84940595847612,-7.68529653271023,11.97216653795222,9.58977952671015,16.60038361490838,-7.010604088198232,-11.163798990984429,5.776250463950653,7.209661090488358,12.979343555357337,-5.769682464868979,-9.112981301630594,9.261740777607981,-4.264750910981039,10.268233713880305,-0.32410366692356785,-0.3553975868859499,78206,7.391360500096264,30.853157982459596,0.8059356059637368,0.0443699971869166,11.334168733856737,16.486503419449367,-5.1523346855926295,-8.877422163563226,7.391360500096264,10.921108970241917,15.777262074103259,-4.856153103861342,-8.466331952222731,7.607231633550223,20.230547550432277,31.761967738119797,-11.53142018768752,-17.731381251385542,3.025155544555207,14.33473688115598,19.976388134749566,-5.6416512535935865,-9.904646709643508,6.048772346860743,-3.504797054478649,11.097542280908163,-0.3516626549069055,-0.2803314759049158,0.0014068695909616213,5,0.6227021491716238,0.8269342820401503,0.3492369325154415,0.45317856958515707,0.7860660629183817,0.918227927526806,0.028220227538708842,16,11.9,57.3,yes,C,ACAA
2024-05-06_043AS,55.900000000000006,1.2076414702992524,5,4.099876888234871,7126.291742318172,5066.059182116889,98074,15.354594284068463,28.14961740027666,0.9787711320023655,0.1776107836939454,7.60140302220772,8.982469384894591,-1.3810663626868713,-3.881334765699501,15.354594284068463,7.538280329799764,8.4992717414463,-0.9609914116465363,-3.2490813524088997,17.101425059993353,7.893679315689764,11.219814004696078,-3.326134689006314,-6.808850641981349,7.982590390246545,9.012195765799062,10.592797906924778,-1.5806021411257163,-4.433710829142331,13.493187158119623,-1.0548133016483607,10.22510208550187,-0.2892596330732297,-0.44281442081375544,57826,7.568796218737431,24.06931178156272,0.8765088368553937,0.01141355099782105,12.100093383599072,17.601824945981065,-5.501731562381993,-10.156291636768612,7.568796218737431,11.907427491865795,17.396270459591587,-5.488842967725793,-10.111211987027923,7.614126356441577,28.78787878787879,35.40595792922499,-6.6180791413462,-14.06087232930851,2.957028297457148,15.315196453545136,21.41794872936943,-6.102752275824296,-11.209990523713993,6.308702572161023,-4.753115780759382,10.04936421384865,-0.3477753738709576,-0.06671234086561197,0.0018063271721132012,4,0.5438337295895779,0.6259825649930144,0.5410220913569344,0.6022005478684799,0.7463403973326475,0.8198944104371262,0.012375556592933212,16,5.6,63.9,yes,B,ABAA
2024-05-08_012EB,56.4,1.200593706972173,8,4.063530461920732,13161.054453837058,5066.059182116889,49523,9.724687319772231,30.705469699079277,0.7066413585606688,0.39607858974617854,26.131292530743288,24.338911101236768,1.79238142950652,-7.665015496297286,9.724687319772231,18.242610672729704,18.367186411990033,-0.1245757392603295,-8.833713270314224,15.098054493207227,38.15957175630895,33.44430707401225,4.715264682296699,-5.883041852387052,4.378184965515234,23.909486184487353,22.609414284820254,1.300071899667099,-8.070222838749217,10.63638441367097,-0.4246981454600396,8.010634061911913,-0.12840485967910817,-0.1610879985349234,26465,7.600340551376705,26.646049498940073,0.6984318911770263,0.11097676176081617,32.52597770640469,26.716058345804832,5.8099193605998565,-4.099831195076831,7.600340551376705,29.734784087045224,24.810969004237446,4.923815082807778,-4.7814550127338045,8.343840050278118,54.88593803200544,41.97752992510259,12.908408106902854,1.3605859591053502,2.5214679520278103,33.827271980953945,27.60538282971931,6.221889151234635,-3.7699389870618134,7.115138928337711,1.9735027222887933,8.93238805794154,-0.02750356417342234,-0.09188241726042673,0.0021677480991714373,1,0.7409166029081444,0.7476446604298232,0.5479044341101821,0.5219133922528705,0.5067058042941954,0.523006287903638,0.04229152546675419,16,8.7,73.0,yes,C,ACAA
2024-05-13_002ZS,56.4,1.200593706972173,8,4.063530461920732,12957.39350604386,5066.059182116889,50129,8.307983451310223,42.59777563854066,0.8805282371481578,0.3375890203275549,12.723174210536815,15.491814893395295,-2.7686406828584804,-12.44933437612276,8.307983451310223,9.772330301752694,12.732068157956563,-2.959737856203869,-12.053297894318488,9.618346530913033,18.51326596939077,20.9069392860549,-2.393673316664131,-13.226429891976498,5.796032378173371,12.73610856409316,15.53261090182034,-2.79650233772718,-12.539196951474883,8.277035624605057,-2.8213743198714725,11.448353209031131,-0.14856184481273166,-0.10148628863188829,32188,6.256299075732333,47.8159839397587,0.7859140052193364,0.1859077917236237,17.503417422641977,21.713233671240566,-4.209816248598589,-15.635262003599056,6.256299075732333,13.253701724927492,18.46899597545765,-5.215294250530157,-16.478976372772525,6.775741284320823,36.11296791443851,35.91978523880331,0.19318267563519953,-11.940627757305315,3.5797013982012853,15.504613000915556,20.79160832849743,-5.286995327581872,-17.117912604834977,6.1104727686575355,-4.567631572933529,11.244040140661097,-0.160142187061039,-0.20503029239429485,0.0017976168154816073,9,0.142298032697263,0.4905893024631888,0.02841835293656226,0.16090084574640792,0.6884695534590831,0.7382924431435731,-0.08265960312535567,16,9.7,63.9,no,C,ACAA
2024-06-18_003PM,54.800000000000004,1.2237731668366592,8,4.1821736870863,11010.084761225879,5066.059182116889,59340,12.902782410029154,40.926141774958396,0.9297607010448264,0.19544994944388272,7.581732389619143,10.107877963777273,-2.5261455741581305,-9.027701233385569,12.902782410029154,7.000125675505845,8.874033139809976,-1.8739074643041311,-7.6231772087505805,14.474835962404715,9.975857906535609,15.186876031189476,-5.211018124653867,-14.809283056469166,7.204563137849732,8.105713295064914,10.856608709183677,-2.7508954141187623,-9.585057930652559,12.121676949684346,-1.5270310506441258,11.076028671541211,-0.3678762064454697,-0.3685359662611335,44779,10.251004682004176,40.879263450709956,0.9125706246231492,0.06110006922887961,9.022086245784855,11.634401773224592,-2.612315527439737,-9.971994958876937,10.251004682004176,8.605475346668886,11.159281376104978,-2.5538060294360925,-9.752643714593386,10.602341623778717,15.423976608187134,18.935383811272782,-3.511407203085648,-13.342676378253183,5.634676587459891,10.385748937169089,13.167950007713172,-2.782201070544083,-10.740684348078,9.34653764847492,-2.38729842495529,11.570397142574137,-0.3407028949096226,-0.3704954364966611,0.0014296171862358642,3,0.6135363747405278,0.7092917827745262,0.43447197377328894,0.4551856161687784,0.8669875359075635,0.9111496309917286,0.02344845268867568,16,3.2,69.8,yes,A,AAAA
2024-07-03_044DY,47.5,1.3563417049092568,7,4.82490774847009,10069.463159233223,5066.059182116889,86803,16.211766807970946,44.28298117625469,0.9597824959966822,0.20276948953377189,6.575809591834384,9.008941504696587,-2.433131912862203,-7.663935040100711,16.211766807970946,5.443484292361492,7.9143071865776555,-2.4708228942161634,-7.291406098262356,18.461115839748487,11.027782512357252,13.312724476258794,-2.2849419639015416,-9.128610219527904,8.781333528341518,7.463907884739027,10.232661299719089,-2.768753414980062,-8.504412989928515,14.688736099523954,-2.0629795874600716,9.527084261557395,-0.3379718699568688,-0.38770836950151244,61581,9.559425627752253,42.274757343737335,0.8890404507883926,0.034621068186616,9.52891313879281,13.835254278789776,-4.306341139996967,-12.297791416865778,9.559425627752253,9.455163249171559,13.435422691230038,-3.980259442058479,-11.768537678341922,9.756968411525738,11.585365853658537,24.984216778245194,-13.398850924586657,-27.055580113631557,4.192063094122023,11.513418389793225,16.654204085963414,-5.140785696170189,-14.149182492214523,8.141583419762767,-3.146594611845692,10.320749631136641,-0.2787502209790312,-0.24279932630524664,0.0017972877735609764,4,0.6023400282449509,0.7843027165793645,0.3958453346003204,0.512735917276401,0.8681222203783336,0.9308238931860326,-0.054188909868381596,16,2.4,69.1,yes,B,BAAA
2024-07-29_004DS,64.9,1.1042783288160736,4,3.531326934550528,20055.552062631978,5066.059182116889,58490,7.220372499691857,46.213205241392465,0.8181227560266712,0.25990767652590185,13.082578218498888,17.151827849337,-4.069249630838112,-16.658219280782625,7.220372499691857,8.665218998336721,13.106888743477338,-4.441669745140617,-15.774145534295554,8.876503380247371,25.661097224049467,28.669873107490723,-3.008775883441256,-19.175637011208362,3.852263576636357,12.328373642787383,16.911252808393968,-4.582879165606585,-17.58604048763793,6.996217495425458,-3.674374577312526,13.418153084093701,-0.051948044873544506,-0.03054439091031041,55573,6.400440481618991,42.736537737759285,0.7721915318589962,0.22656685800658594,17.546290464794055,19.924754156876336,-2.3784636920822813,-14.827482609200665,6.400440481618991,12.61923595923875,15.535673643256603,-2.9164376840178523,-14.330310235153238,7.713115706469823,34.36581685330792,34.907794315434295,-0.5419774621263755,-16.524684021424193,3.0762563974577573,17.255645227031874,19.965465839440398,-2.7098206124085245,-15.644269829123449,6.215200605508072,-1.916306453110357,13.467184907938705,0.0357240192257136,0.022177967233436832,0.001097619456789296,0,0.9267252302912026,0.9267252302912026,0.207753169620059,0.207753169620059,0.9425121430441342,0.9425121430441342,0.0,16,4.6,61.9,yes,B,ABAA
2024-08-12_013VM,48.9,1.3270283697641698,6,4.686771330313483,8509.58702415625,5066.059182116889,104749,6.963775634246551,39.92905272752765,0.7368280365445016,0.1824361091752666,16.483212250236278,22.577398520823312,-6.094186270587034,-13.888078603525358,6.963775634246551,14.726935158047153,20.54699196416994,-5.820056806122787,-13.19379868116526,7.818983021654341,24.353741496598637,31.676403602206776,-7.3226621056081385,-16.999404520374988,3.9381275044919706,18.760372937615934,24.78537807072335,-6.025005133107417,-14.04941832850124,6.184614802646933,-3.063346883564154,8.255399988309923,-0.07199599591091468,-0.22898760808702684,71650,3.618115719463842,45.78500787964249,0.27399860432658757,0.06824842986741103,25.275645498953246,34.91291698240886,-9.637271483455613,-19.873046186853017,3.618115719463842,23.933493109646495,33.51334371256191,-9.579850602915418,-19.801749303084282,3.7535694421731503,43.59918200408998,54.02038354579991,-10.421201541709927,-20.846416321904258,1.7001245175774362,27.507233768935453,38.04690928924568,-10.53967552031023,-21.30641777661484,3.1319448253503626,-1.3693655533709568,9.218786535950908,-0.2745978744880383,-0.1470675554084577,0.0020872964245599868,7,0.4440629739163662,0.6945408322065469,0.11348019912655403,0.28156447540121204,0.36689263152985063,0.5372301569707393,0.002253249166230653,16,5.8,66.4,yes,B,ABAA
2024-08-19_015HK,53.5,1.2440025693531807,7,4.283796599108959,7033.739005255064,5066.059182116889,103887,12.283029959458483,37.9801347661459,0.9638357061037474,0.17566201738427328,1.7961823904819658,4.1782256974936915,-2.3820433070117257,-4.4089844821549065,12.283029959458483,1.6090987645671313,3.1397434347015216,-1.5306446701343903,-3.139337980791208,13.661217055091116,2.6741191298153324,9.051563634969497,-6.377444505154164,-10.36711846669019,6.689471650825799,2.286837619598621,5.099374983949803,-2.8125373643511815,-5.229341882409765,10.805465341799723,-1.7628441422744958,16.344555490526883,-0.22820871972878962,-0.4327009642322989,60782,9.848340604936944,35.26679099856777,0.9125398966799382,0.023757033332236516,1.9726234740548187,6.102428869189174,-4.129805395134355,-7.014974184853784,9.848340604936944,1.7273922275776061,5.7956908855421885,-4.068298657964583,-6.865037798892384,9.976662584844883,12.049861495844876,18.707150803846215,-6.657289308001339,-13.176279773619466,4.41265983427981,2.7190043082814745,7.948613152215743,-5.229608843934269,-8.901894055800124,8.156985296192666,-3.099383912628146,16.897200280023686,-0.4242111086922052,-0.3066555045256151,0.0014706958782972246,10,0.3854203249358347,0.6226260686277643,0.4326923397937896,0.44988833625860186,0.6935702032725961,0.7855425930017639,0.07477639326435553,16,2.6,58.4,yes,A,AAAA
2024-08-21_044DY,48.5,1.3351924182467427,7,4.725425114481016,9427.364359304764,5066.059182116889,89623,15.316762035917034,39.61720160611338,0.8494136549769591,0.24049630117269005,14.207290539258896,15.68334901837401,-1.476058479115114,-6.648759008400692,15.316762035917034,13.213063215266862,14.197590298493154,-0.9845270832262916,-5.696542351953463,17.869289723159973,17.34712814326807,20.375476247824224,-3.028348104556155,-9.65592406304049,8.220898350467937,15.85702062933739,17.217805251238442,-1.3607846219010522,-6.8459336013287615,14.057753762942955,-1.393032174048788,9.281266346527925,-0.29722394779314665,-0.26729437592571337,69045,11.214307835312866,37.22128073002002,0.791005865739735,0.09754507929611123,17.866608733434717,19.206460024002368,-1.3398512905676512,-7.178600723210767,11.214307835312866,14.360455785588188,16.25117435250056,-1.890718566912371,-7.351826269897037,12.050405020937339,50.30438010393466,46.54778893139328,3.756591172541384,-5.575975064113351,1.9332625397733334,21.068450996529144,22.476854872534226,-1.4084038760050817,-7.9888091835331565,9.645371980479638,-2.6907797052273197,10.520163177636094,-0.2632709777924781,-0.2493556198086807,0.0016022443750407052,3,0.6472382159898169,0.7741561822074773,0.5255610535665887,0.5301463221803036,0.9030985870403245,0.9558613964284474,0.048177540774407945,16,7.1,69.8,yes,B,ABAA
2024-08-23_016PG,53.2,1.2488582766716962,4,4.3079533468482945,9978.130716151654,5066.059182116889,140147,11.425206292377817,31.011832896669766,0.952471333671074,0.14118033207988756,1.3956773958771862,2.773095687088161,-1.377418291210975,-4.161583584090348,11.425206292377817,0.5865687390433779,1.3296835728358103,-0.7431148337924324,-2.684731563536723,12.37434462401983,6.317598301829576,11.553573069253693,-5.235974767424117,-13.145480584285185,5.9485568705999174,1.5783429362282708,3.3652344987240115,-1.7868915624957407,-5.360264338987736,9.822300184340321,-1.0459103988112333,22.54031585512319,-0.11091847955038901,-0.16337887856183622,85884,4.9566228547465965,28.060173274728836,0.6268804433887569,0.01656886032322668,6.139676773322156,14.836627992368632,-8.696951219046476,-20.721440432871177,4.9566228547465965,5.607321722451783,14.363153616428967,-8.755831893977184,-20.74653988629244,5.000074911557101,37.73717498243148,42.93931194615643,-5.202136963724946,-19.231682923796328,2.257862458395609,9.312295675665094,20.10533200470909,-10.793036329043996,-24.409570637749024,4.178547501213293,-3.2204223673895265,23.069405515270926,-0.14617043215964062,-0.028003943303295843,0.0011742294700743572,2,0.5789906465183252,0.645648552707228,0.16247490265917555,0.19200233259597027,0.5616810615709524,0.591169529956153,-3.89615515941355e-05,16,2.2,51.3,yes,A,AAAA
2024-08-30_014KS,38.5,1.6063879323404944,7,5.952808261099461,6612.119197212385,5066.059182116889,92781,19.399294375840277,39.1809392881549,0.9675256787488817,0.15641133421713496,2.2871061963117447,4.400875119068055,-2.1137689227563103,-3.4894134167430946,19.399294375840277,1.7708160318900201,3.504036798063263,-1.733220766173243,-2.8302295654658325,21.316351267532724,5.071664829106946,9.237881634139999,-4.166216805033053,-7.0446546554159175,10.132751487924857,2.6066977650908587,5.243768646650139,-2.6370708815592803,-4.3053504340354145,16.81897583151839,-1.8683731746757835,11.808022986540902,-0.20516393922696732,-0.3460766726372136,62001,11.309658817984358,34.282004992734485,0.8746310543378333,0.019144852502378993,3.0064031225302816,8.864118471390665,-5.857715348860383,-8.999596499103271,11.309658817984358,2.9993093695530635,8.652838019167284,-5.65352864961422,-8.72585703206344,11.437673925472525,3.369839932603201,19.688726240146195,-16.318886307542993,-23.02418954759554,5.555673502069191,3.5545739858189007,11.10771582325899,-7.55314183744009,-11.389874222045318,9.661749091488963,-3.3036151476630025,11.695658732691905,-0.25993256986621055,-0.16422614695086327,0.00197012824930292,4,0.5776673696219538,0.7063736253652454,0.5729800772963097,0.6597854275633417,0.6961709449247265,0.7550463781152204,-0.027929917076538135,16,2.1,59.2,yes,B,BAAA
2024-09-03_041WF,58.3,1.1753490156903814,7,3.9310997950656827,7974.082418435226,5066.059182116889,123104,10.874476385279863,42.04848575277154,0.9255913698986223,0.2297244606186639,3.825220951390694,7.403309303023177,-3.5780883516324833,-7.115318140500088,10.874476385279863,1.829705559773897,4.96552968038371,-3.135824120609813,-6.16323321498491,12.56323571321176,10.516265912305517,15.57728437152264,-5.061018459217124,-10.307697948740945,5.9737845570209265,3.97760372839666,8.361454685849928,-4.383850957453268,-8.457861794897857,9.697016317060026,-2.9103190013139004,14.486281579831541,-0.2338970615926961,-0.35034855066285825,75269,8.779700088835348,40.46671417161977,0.866412467284008,0.05801857338346464,9.05020659235542,11.976599899258284,-2.926393306902865,-7.41177510107342,8.779700088835348,6.09009618910609,9.384354649041683,-3.294258459935593,-7.628952702467561,9.113813663887198,57.110144263796656,54.063930499408784,3.046213764387872,-3.885710000535873,1.1283794649642647,10.824927953890489,14.412978758154594,-3.588050804264105,-8.931968985221273,7.110877823736927,-2.4528283344015995,14.965991009998097,-0.3481406540910933,-0.23641772597723743,0.0014226984799046458,8,0.4506675399526875,0.6910130793767919,0.30668967000707925,0.345926675365616,0.6938141757825167,0.8509732557281682,0.11792207458711473,16,1.9,61.0,yes,A,AAAA
2024-09-09_043AS,55.7,1.2105097016455926,7,4.114598169700705,10507.314226953617,5066.059182116889,84868,16.1243605500204,37.40974249302667,0.9754088702455578,0.2034571334307395,6.962577178677476,8.44348504344891,-1.4809078647714333,-6.757516493414153,16.1243605500204,6.917057439978698,7.634369162186805,-0.7173117222081071,-5.248763383291251,18.35638126585908,7.140788787861238,11.611206285656564,-4.470417497795326,-12.664345647141987,8.20705950632824,8.232007645372343,9.777872931357157,-1.5458652859848137,-7.4031837057916885,14.458484614435026,-1.2881617622339026,10.19911967493692,-0.32307104378896984,-0.45751975547794477,51678,12.425917313458044,35.529002655304964,0.9540810402879368,0.023510971786833857,10.650566972406054,10.894944665657684,-0.2443776932516304,-6.302041713050176,12.425917313458044,10.692982977627171,10.801067095376045,-0.10808411774887361,-6.027213974379777,12.601031011769814,8.88888888888889,14.793993084688395,-5.905104195799506,-17.71655379249419,5.120355359469917,12.21241341844357,12.730749330732715,-0.518335912289146,-7.48951737738494,10.550041031533219,-0.2254401764038405,11.236006735333405,-0.44061402206693495,-0.31910674338598727,0.0014042501824877555,5,0.5345889284265594,0.7344830823718935,0.6113381069138376,0.7080997705976044,0.7761600287532359,0.8864116675796626,0.013489975142659927,16,3.7,71.3,yes,A,AAAA
2024-09-10_008TP,53.2,1.2488582766716962,7,4.3079533468482945,7961.8170068529125,5066.059182116889,93336,15.118677143991851,37.56428790345282,0.9786684666152395,0.16422387931773377,2.0185137567498073,3.6944968068530684,-1.675983050103261,-3.850124737489957,15.118677143991851,1.5998359142652037,2.7456154295021786,-1.145779515236975,-2.8763895303940075,16.65769608355915,4.149269311064718,8.523589870813671,-4.374320559748953,-8.805705115565427,8.383050777510777,2.3754132484388393,4.280383806637049,-1.90497055819821,-4.443900714714177,13.419754950134474,-1.3922078553360437,14.810893950548541,-0.27163938134324217,-0.3083911220633487,73279,11.579050504919811,34.08087525704669,0.9462874766304126,0.051692845153454604,1.6621405859796121,4.993136862570137,-3.3309962765905246,-6.879357200370169,11.579050504919811,1.5009137873969292,4.476874558103885,-2.975960770706956,-6.287010810602824,11.936846621086909,4.6198521647307285,14.463987918447721,-9.844135753716992,-17.74597361307412,5.660820058926042,2.1993491535339498,6.392718019855445,-4.193368866321495,-8.539695910230808,9.900077621881119,-2.4414637310057845,15.352384475402005,-0.2875259290846965,-0.2655698541651659,0.0013040484481783433,4,0.598899398680686,0.7352316320032847,0.370626469092216,0.45597715320241405,0.8367289041497767,0.90740256552475,-0.01467702273522481,16,1.6,65.4,yes,A,AAAA
2024-09-10_045VS,54.3,1.2314004248152048,6,4.2206835737077215,7634.065304135021,5066.059182116889,60361,26.336642292379768,35.81934143536062,0.969168834181011,0.19469525024436307,3.6331406040324055,3.712995575749492,-0.07985497171708644,-1.2631982315660455,26.336642292379768,2.950070974510893,2.9827940851192305,-0.032723110608337436,-0.9987819219033707,29.91889967269841,6.458475153165419,6.733278443180257,-0.2748032900148383,-2.356885467474224,13.641808127113794,4.202616198163095,4.016874216874005,0.18574198128909014,-1.0434561418664696,24.131848687076502,-0.25954491355874854,13.089413086891705,-0.22969281432807945,-0.3262932152834832,40549,16.06217119809246,34.81253677210426,0.9368911687094627,0.04017361710523071,5.415669930207897,5.913731296339033,-0.49806136613113594,-2.5653340785365115,16.06217119809246,4.414182939362796,5.245780117834098,-0.8315971784713021,-2.8287983498401905,16.491854370457354,29.343155310006136,21.872392970625143,7.470762339380993,3.7293432935563153,5.899263236496906,6.7176712073147975,7.2659249075801995,-0.548253700265402,-3.0378987036519103,13.857290374106913,-1.4960302318692953,13.707584714388368,-0.2767656835570528,-0.2085965019762028,0.0013872034923005114,3,0.5155058210884953,0.65321354856556,0.609721263209184,0.6764418961283896,0.7514113284478602,0.8322704744683179,0.014138513101252137,16,2.8,67.8,yes,A,AAAA
2024-09-24_039CP,53.3,1.2472317002634996,6,4.299870882782914,7177.335465305605,5066.059182116889,97616,16.980460564066405,32.02121077005065,0.9890899032945418,0.15727954433699393,2.4401737420095064,3.6251918632468105,-1.185018121237304,-2.769732480244486,16.980460564066405,2.5138883823833313,3.349705192599223,-0.8358168102158916,-2.2005559820293183,18.537921520161106,2.045202891942943,5.101278620719781,-3.0560757287768383,-5.819440437821136,9.625778147900924,2.9745887405718525,4.387181154057752,-1.4125924134858998,-3.2901892258456993,15.015890067966508,-1.1766622016592514,13.206983614661771,-0.433527445986509,-0.5674647371910295,67133,7.889660440619642,32.207362115854444,0.8546914334232046,0.04233387454753996,5.8004260199901685,11.548468000024394,-5.748041980034226,-10.63460535225941,7.889660440619642,4.652284145525813,10.48154290433905,-5.8292587588132365,-10.596418432938083,8.099682521905219,31.773399014778324,35.68417571526246,-3.9107767004841385,-11.49846011302198,3.293763647592357,5.909316958204502,13.482263642773743,-7.572946684569241,-13.338039880281968,6.615569172250823,-4.137801916386379,13.803352900051719,-0.35435314584945743,-0.2182361028381808,0.0015794032596869584,6,0.4039971859881623,0.6896176221080376,0.5012602398058607,0.5941616520631554,0.7222154101448888,0.8505247887312654,0.03540796632908183,16,2.7,61.1,yes,A,AAAA
2024-09-24_046AA,53.5,1.2440025693531807,6,4.283796599108959,7117.832236815627,5066.059182116889,106837,12.519037141152083,31.521697719795608,0.951168602637663,0.19673895747727846,10.313842582625869,11.059535567292587,-0.745692984666718,-3.42065172964295,12.519037141152083,9.50266843785686,9.802302116015518,-0.29963367815865816,-2.7173948927094678,13.960118845775316,13.625767163042962,16.192665607812856,-2.566898444769894,-6.291963173192013,7.230575887181025,12.30092522372213,12.786915029538322,-0.48598980581619244,-3.4301800410272154,11.337724837293775,-0.42440386133403285,10.724911707137142,-0.27567419475630484,-0.34518908568699364,60559,6.917100473395436,33.288571834531766,0.811555672980069,0.03082943905942965,13.096319291930184,18.641015698785143,-5.544696406854959,-10.132455259735567,6.917100473395436,12.959176719144006,18.32907092251362,-5.369894203369613,-9.896729275487916,7.02633838320939,17.40760578468131,28.447476764092123,-11.039870979410814,-17.54286204466495,4.2103517996354025,16.555453290381962,22.680609641828337,-6.125156351446375,-11.011952440282528,5.96864932931165,-3.9923747515429557,11.209012531697407,-0.32251712784199094,-0.20640249047520706,0.001969044808347219,6,0.29518147778528697,0.4654965033857254,0.25087846176588696,0.29124820361567294,0.3178397137593278,0.37534755223942384,0.017138096630310073,16,4.5,67.2,yes,B,ABAA
2024-09-26_009ML,50.2,1.301602818869081,7,4.565400758014528,10356.219828137217,5066.059182116889,96745,17.2340095366075,50.41190339418269,0.9781177321825417,0.20208796320223268,2.056953847744069,4.069200858605962,-2.0122470108618926,-5.868030543829855,17.2340095366075,1.704795709511102,3.270916382598162,-1.5661206730870603,-4.690158524293257,19.761476440658118,3.447393995192062,7.221099576878485,-3.773705581686423,-10.51867003419393,9.126327366001,2.421123117524257,4.738468922477232,-2.3173458049529745,-6.688768841705095,15.186385858980685,-1.8345517027644067,12.877733147966861,-0.2409260014627251,-0.2707881184159715,69438,11.392295567731423,40.04785037120159,0.9350931766467928,0.031999769578616895,3.4952043549641405,7.821669138715491,-4.32646478375135,-10.88770872552616,11.392295567731423,3.3608069507260177,7.5243867204648875,-4.16357976973887,-10.566703102270406,11.608193971715352,7.560756075607561,16.814529186029876,-9.253773110422316,-20.598201062501342,5.611228079079274,4.532091628356648,9.75743089007314,-5.225339261716492,-12.799478344467877,9.660955690945105,-3.626336828705944,12.903434920489985,-0.23396171690761516,-0.2339366876620962,0.0015401529068207952,3,0.7097784697892435,0.8124315839024638,0.5148093389951743,0.536113562461007,0.8627171462086354,0.9129219173892137,0.028900547714745595,16,1.6,61.9,yes,A,AAAA
2024-09-27_036RL,48.1,1.3435234278757768,5,4.764721789029714,12602.21693816443,5066.059182116889,91930,13.627531961245577,36.829692528004934,0.9505275753290547,0.21556619166757315,11.50005438920918,13.610983459343625,-2.1109290701344445,-10.206946507873335,13.627531961245577,11.55408872186707,13.06064879015949,-1.506560068292421,-8.968317927307288,15.771123244885874,11.30342635111268,15.613621800105376,-4.310195448992696,-14.71424947150857,7.957094801608928,12.806199077581509,14.98418056000537,-2.1779814824238617,-10.441606759543243,12.487442818265542,-1.9172908322252478,7.37611811752196,-0.3609312934832408,-0.4198648910402091,63678,8.575524277140596,35.08566655813663,0.8488803040296492,0.047567448726404726,20.239329124658436,21.54051836014975,-1.3011892354913144,-10.910275431965296,8.575524277140596,19.105014097511912,20.59488809823339,-1.4898740007214784,-10.876935463056977,8.816225375126823,42.95146913172665,40.47466486228429,2.476804269442354,-11.577834287799206,3.008211052442713,22.612165970665078,23.71911739523264,-1.106951424567562,-11.024572403519993,7.51286122634905,-1.3496359660124773,7.524861834599421,-0.33301291076551875,-0.19146470680151628,0.0017869370150919597,2,0.6643414921564007,0.7704754537809738,0.4751725278276806,0.5220731722382396,0.7196751347898604,0.7952985487581625,0.02872276955774311,16,5.5,68.7,yes,B,ABAA
2024-10-02_011CN,54.9,1.2222701770860682,8,4.1745558843775825,12369.285813833512,5066.059182116889,90212,8.01735151574225,36.89116148637821,0.8033410189331797,0.2696426196071476,12.496120250077595,15.250259917349718,-2.7541396672721223,-11.935827122456924,8.01735151574225,10.191691836022281,12.598023750789588,-2.406331914767307,-10.584182064106718,9.75509418294753,18.73792394655704,22.434140053265324,-3.6962161067082846,-15.596909875160726,4.812861715612215,12.041526717557252,15.051255746747982,-3.00972902919073,-12.24963325967577,7.8605701923018,-2.3571090708698277,12.927923679387991,-0.3188950501077492,-0.3086282431322392,77706,5.034075234803045,34.329679779040205,0.6157696960337683,0.2029573005945487,18.319048722106402,23.039719534509388,-4.720670812402986,-16.913204284494313,5.034075234803045,13.746669895858563,19.250806158140037,-5.504136262281474,-17.16911427808608,5.72668007625693,36.27544226745292,37.91933084421938,-1.6438885767664644,-15.908208694290359,2.7601571860154706,18.590611600090273,23.585533470050933,-4.99492186996066,-17.470506126948937,4.867810946761136,-3.3009875619440185,13.74574430220633,-0.36688871341953966,-0.36368624845372177,0.0010549822500665303,2,0.7278316023923,0.792726067486554,0.17108984142546763,0.18717178547965496,0.83564122370269,0.892256184761727,0.040533017004849625,16,5.0,67.0,yes,B,ABAA
2024-10-02_018CS,48.2,1.3414248083444893,7,4.7548364741147155,14263.87381626095,5066.059182116889,102627,7.0290452687308855,34.18263994720826,0.7832734075827998,0.3628187514007035,9.292876143704873,14.087278221558055,-4.7944020778531815,-17.42921601839327,7.0290452687308855,6.750061169562025,11.404503772553275,-4.654442602991249,-15.862176820377835,8.229511694202188,13.758560494158722,18.798758999571234,-5.040198505412512,-20.18124575484083,5.423731982986574,8.313285777043282,13.118713038482657,-4.805427261439375,-17.31367918548637,7.215948956616712,-3.254555131484775,16.03614646025294,-0.24710987603215087,-0.27307345203447353,75805,3.7059506336766592,32.85975260012752,0.25838664995712685,0.2365938922234681,23.877052964844008,31.41804634362222,-7.540993378778211,-24.60269001687975,3.7059506336766592,20.546051494729568,28.896511658750867,-8.3504601640213,-25.377541135380035,3.9696408052436754,34.62503484806245,39.55416076868522,-4.9291259206227735,-22.102515262064564,2.9371459398814785,23.741508686084497,31.44305232182152,-7.701543635737021,-24.858921863442003,3.6983225517764695,-1.8254334349555326,16.166139442463304,-0.13387158047610365,-0.15962615906147407,0.0013936594740344911,3,0.553507941241399,0.66228077780781,0.08559687699090711,0.0704191858215469,0.4277006048042216,0.3871483066299689,-0.025374607004892497,16,9.0,42.4,no,C,ACAA
2024-10-08_009JT,57.400000000000006,1.1870106887374856,8,3.9927372482984196,12382.509525180449,5066.059182116889,101002,5.016499825986001,34.4363090806257,0.6415714540306132,0.2936575513356171,20.87285400289103,24.160947077687972,-3.28809307479694,-14.246185027098157,5.016499825986001,17.149785540074568,20.622951494398205,-3.473165954323637,-13.653518272961584,6.041045837576207,29.828051247471343,32.670983520811994,-2.842932273340651,-15.671742396404007,3.3165460194264744,20.878198544434508,24.456308587423564,-3.5781100429890564,-14.693077231327617,4.90478708952317,-1.645251452668353,11.939950868766482,-0.14960595041706992,-0.16428270669202716,90216,3.4611713152664016,33.03386088817824,0.4020905382637226,0.23360601223729716,31.743814844373503,32.69580019869224,-0.9519853543187367,-13.48372910489681,3.4611713152664016,27.91975817532289,29.42982842826111,-1.5100702529382204,-13.695053085163103,3.9414440186063575,44.28944246737841,43.41051214077425,0.8789303266041557,-12.79043604109647,2.354873659325882,33.355883004108136,34.08539520227371,-0.7295121981655726,-13.428413049468858,3.330333160780487,-0.6906272199984311,13.126686506011799,-0.12432806581721192,-0.1293756647075638,0.001550288005194441,1,0.8722266181547711,0.8769345903964955,0.1101698394653996,0.08943458816641882,0.6795663040571065,0.6851700449011119,0.02633899214298617,16,8.1,65.1,no,C,ACAA
2024-10-10_019LR,45.3,1.4068665450063103,9,5.059229979080117,10818.029930475823,5066.059182116889,103959,7.115081776047464,35.2294810983127,0.6394732538789331,0.2397387431583605,16.557489010090517,20.74361930078243,-4.186130290691914,-13.561313304188126,7.115081776047464,14.222632724328154,18.036467910518596,-3.813835186190442,-12.722379020071674,8.723793203240497,23.961802351241825,29.32855760198585,-5.366755250744024,-16.22174784575329,4.320916110997873,17.988647609514167,22.570499064949153,-4.581851455434986,-14.505821746997135,6.261291185554441,-1.948333345231426,10.021397668081796,-0.35017451710366093,-0.40185149822113325,75481,4.946163190100452,32.51905447736546,0.490957989427803,0.1324836713875015,21.17089068772274,27.57654689405192,-6.40565620632918,-17.843275116663754,4.946163190100452,17.05532902674058,24.417130617506665,-7.361801590766085,-18.59548098406694,5.755089652404447,48.120000000000005,48.26472061449786,-0.14472061449785656,-12.917755876320903,2.2689372012847295,24.43684244497515,31.377054613433902,-6.940212168458753,-19.11277759694893,4.1692500635384615,-2.7726152482625643,9.74158221648309,-0.2791365679901322,-0.25101396174182333,0.0018672884666296467,5,0.6698534337781122,0.8442419429739636,0.29638545559422397,0.25338166076251156,0.6725707505844629,0.9150442511910645,0.28547729543831396,16,5.7,70.6,yes,B,BBAA
2024-10-16_047SS,55.2,1.2178054717424376,8,4.151868080658139,10002.575908549254,5066.059182116889,89747,7.228861562698334,34.42413742766104,0.8754053060269424,0.24296076749083534,14.266772148372647,18.417475884911422,-4.150703736538775,-12.398259030997687,7.228861562698334,13.495334255688677,17.195161482857902,-3.6998272271692247,-11.24180398783597,8.087462739742225,16.67048842008714,22.22607414697611,-5.555585726888971,-16.001646719256932,4.885723414149552,14.251709354999331,18.46417827426207,-4.21246891926274,-12.409433243165807,7.129618173866188,-3.2304160391575216,10.200451566015728,-0.2558359564965159,-0.24404390835556974,73308,4.4424735403074385,42.68664505863579,0.5615212527964206,0.15213892071806623,17.682926829268293,26.764641321360582,-9.081714492092289,-20.141889611104975,4.4424735403074385,16.542514681039336,25.355534327612407,-8.813019646573071,-19.451425895648455,4.739039200909106,24.038375325024656,34.617510073841316,-10.57913474881666,-23.989802480664768,2.951258357483353,17.40386324583753,26.83196533205431,-9.428102086216779,-20.6381813819871,4.335127160078123,-4.369639366225931,9.479619102014905,-0.2779458199796957,-0.2861305972830129,0.0018026730412554518,3,0.5305461292719956,0.6573826239415614,0.17586467023370234,0.17057229559057138,0.6007335910184636,0.6745406648568993,0.07909944848156672,16,11.0,61.3,yes,C,ACAA
2024-10-17_048JJ,49.70000000000001,1.3111859520887792,7,4.611330343105217,10890.094896921419,5066.059182116889,104799,11.457069376684373,34.419625686869516,0.90047614958158,0.24305575434880103,7.623164343171214,10.247326384871073,-2.624162041699859,-9.033967569171097,11.457069376684373,6.382442295813531,8.565407560994949,-2.1829652651814175,-7.674414939710905,13.734541737753151,11.487123115577889,15.48529649093347,-3.998173375355581,-13.267998325970284,6.499715164752575,8.125685629211722,10.87658174419326,-2.750896114981538,-9.498841802451421,10.613852479173637,-1.9856172208710534,12.345335877070436,-0.342549813274408,-0.3974505077800165,77250,7.145816575951048,34.35694842818141,0.750084142394822,0.0900453074433657,11.921035598705501,17.372214683951988,-5.451179085246487,-15.238799162507213,7.145816575951048,10.30813440691951,15.763027904934972,-5.454893498015462,-14.881045128623,7.600875598533181,28.22024151811386,33.63388452929726,-5.413643011183403,-18.854089855126013,3.338804739900324,13.467309837688354,19.264200110574762,-5.796890272886408,-16.216898038340783,6.339035191525078,-3.772999938675048,12.26308955582136,-0.3411606274983187,-0.3188311594615706,0.0018613792430243145,2,0.6683127686895033,0.7616004920904385,0.44663750632922855,0.46311952395831807,0.8010317364128181,0.8785834035006586,0.06106964945875093,16,3.5,59.1,yes,A,AAAA
2024-10-22_021CH,60.5,1.1489555415847506,8,3.7881507116087483,10569.313775659573,5066.059182116889,83048,7.054372914090544,35.89975943421288,0.8089297755514883,0.29069935459011653,9.192274347365379,12.380690253237384,-3.188415905872006,-11.072095578883355,7.054372914090544,5.216786065935558,8.059943187192857,-2.843157121257299,-9.378858210267172,8.739005186285876,18.89238671195427,22.923227187725786,-4.030840475771516,-15.203561092747368,4.196916065905244,8.2757708085219,11.598864071847814,-3.323093263325914,-11.25117759345739,7.04560505558588,-2.4616804918091586,17.208381704295963,-0.19932129855622033,-0.26251924851591346,69915,4.418153909309474,34.67492669093348,0.5857827361796467,0.24040620753772438,17.65000357577058,22.772894977430415,-5.122891401659835,-15.763259354470062,4.418153909309474,12.28086692903007,17.97152952109373,-5.690662592063658,-15.535803473029349,5.22973586862056,34.61446930033317,37.94341587757751,-3.328946577244338,-16.481934955116913,2.517484605390316,17.318638348863978,22.88734711568077,-5.568708766816794,-16.49172504905863,4.359819482950794,-2.8079179376018866,17.586808695109127,-0.14395573770591905,-0.10530133793792229,0.0010616980703285943,2,0.6272430434691036,0.6639782450598688,0.33484569983498624,0.3832845120868623,0.7504976202969524,0.776285749665963,-0.022650682882865536,16,7.6,59.1,yes,B,ABAA
2024-10-28_022VT,47.7,1.352025363440027,9,4.8046775273025,15081.358025404461,5066.059182116889,79863,4.08792772345102,34.021374871002706,0.3875762242840865,0.2790528780536669,35.27290484955486,35.474741062620865,-0.2018362130660023,-14.882616645066975,4.08792772345102,32.15867447070879,32.00639800404803,0.15227646666075856,-13.881495628460996,4.8288532197327525,43.31867540159742,44.43537950305198,-1.116704101454566,-17.469063058650534,2.729456098090515,35.71236124582391,36.01737167755045,-0.30501043172654363,-15.19356339286012,4.022356231862688,1.0116193773652902,6.599343662890833,0.025644346377364485,0.027421883929819833,61307,2.955263344255765,33.75770742962725,0.17492292886619798,0.1947249090642178,44.773027549871955,42.47448669221037,2.2985408576615853,-13.665687589337054,2.955263344255765,40.958901334845756,39.885641604833744,1.073259730012012,-14.95481607820659,3.198453664373991,60.54615513486347,53.1805256534012,7.365629481462271,-8.334561406810607,2.0551695051835432,44.723492426407546,42.63285828933181,2.090634137075739,-14.158989597104117,2.919376481601047,-0.6195312140545722,8.590619159661896,-0.2358171387715576,-0.2598102999902476,0.0014838672387685573,2,0.6603631292933781,0.7080006130930655,0.09105670742851993,0.12017219622797938,0.5713581145229105,0.5871742175841222,-0.013299385738247724,16,10.0,62.8,yes,C,BCBA
2024-10-29_049WG,54.0,1.2360679774997896,8,4.244131815783875,11035.666212713344,5066.059182116889,95296,6.478918614794701,36.65259405641882,0.763221961047683,0.3473283243787777,10.997313633310947,15.78224649671479,-4.784932863403844,-14.885188771272409,6.478918614794701,6.678778719230831,10.797667517195626,-4.118888797964795,-12.758493441396798,7.984548437134746,19.11235989002689,25.148869620952784,-6.036509730925893,-18.88150495702647,4.126125200011644,10.644177861498042,15.4722644426237,-4.828086581125659,-14.98017178518179,6.382303302111858,-3.3697161394872928,14.108126983954662,-0.2754528184129402,-0.2961750637730444,51754,4.197493948191463,43.894295271170044,0.49012636704409324,0.08130772500676277,15.31475827955327,24.786231978765784,-9.471473699212513,-22.497174680279965,4.197493948191463,13.46906154040298,23.159087700789843,-9.690026160386864,-22.711748946351218,4.372518590921388,36.169201520912544,43.171260933291464,-7.0020594123789195,-20.072709838401693,2.4901085078232317,15.9158041632748,25.979057833931662,-10.063253670656863,-23.560265918071302,3.920629669465077,-3.6104116861194244,14.333167027822205,-0.3150736377065062,-0.2468026648687333,0.001361093727963287,3,0.5746696546932273,0.7640161610484509,0.22099878384228844,0.2132351724588752,0.6187864849528478,0.6967393118433746,0.08571643827393999,16,6.4,59.7,yes,B,ABAA
2024-11-05_023LL,49.8,1.3092500648210947,9,4.60207064362107,10725.681112405895,5066.059182116889,59265,8.973553047299708,38.41517886324838,0.7677887454652831,0.22331899097274951,10.866447312916561,14.98120576906454,-4.114758456147978,-11.742835852422845,8.973553047299708,7.786226374103846,11.544996912634192,-3.758770538530346,-10.099647563247816,11.047334162919348,21.57914620324896,26.9319948632458,-5.352848659996841,-17.45767959633872,4.343271618260977,11.024711965150837,15.793452250645407,-4.7687402854945695,-13.059053103702494,8.129998468828854,-2.918599648485421,13.875910753872084,-0.1269698071443705,-0.18254078854438865,45541,7.553920362401558,36.80435720822969,0.7295843306031927,0.11233833249160098,15.381743923058345,17.084111338826393,-1.7023674157680482,-9.556052577259724,7.553920362401558,12.578849721706863,14.261882357163833,-1.6830326354569696,-8.856950479428981,8.328599165682805,37.52931978107897,39.384464463085386,-1.8551446820064186,-15.080134341295661,2.8857763643949057,17.907839552640066,19.82053152073486,-1.9126919680947942,-10.757793874685621,6.4897293017595725,-1.3000243174187034,15.43115410557912,-0.13247798070968383,-0.10878820274556274,0.0016270492975141975,2,0.7853103488350769,0.8651568625481051,0.40385927449376147,0.41535259430699434,0.8353005108176992,0.8985820085983128,0.05178817796738078,16,5.7,56.0,yes,B,ABAA
2024-11-13_025JC,51.6,1.276009121490248,7,4.441533295587777,9303.242069790871,5066.059182116889,102168,15.122332178438956,42.97691308320017,0.974297235925143,0.1738998512254326,0.5892255892255892,1.9103541659327234,-1.3211285767071343,-3.3009919450908165,15.122332178438956,0.15521143114418076,0.7424077477905765,-0.5871963166463957,-1.7518810661322148,16.790838788322205,2.650982157933247,7.458609112610009,-4.8076269546767625,-10.659944345326359,7.844153897090447,0.47641734159123394,1.9557147532350918,-1.479297411643858,-3.7486697477440494,13.2444637041794,-0.9381307346319017,29.865114846383303,-0.09121432492367845,-0.15736204493870642,76147,13.24319846270817,35.189162006584766,0.9577790326605119,0.034420266064322955,1.602164234966578,2.709985081797498,-1.1078208468309203,-3.626956801182504,13.24319846270817,1.3995049370290782,2.393530168806391,-0.9940252317773126,-3.3450923406426276,13.529004427421555,7.287294925600915,11.587384521928813,-4.300089596327898,-11.534002327948972,6.706832948958967,2.14222971156087,3.623173491208098,-1.480943779647228,-4.73432727082034,11.263496370107461,-0.8334181150917043,30.017628568037615,-0.2203963313821674,-0.12404906010411317,0.0012443818480329888,4,0.6109219364273337,0.7744244539669523,0.5079577495764501,0.5046533506093531,0.8127357730777246,0.8946294014735622,0.08519802736293458,16,2.0,42.1,yes,A,AAAA
2024-11-18_026CH,63.2,1.120340452791583,7,3.626315159055843,18789.45485265985,5066.059182116889,56894,5.4042084696993244,48.8812069124796,0.7048722185116181,0.29171793159208353,20.438007522761627,24.00588023378901,-3.567872711027384,-18.808594190560587,5.4042084696993244,16.889594758915056,20.206519605053963,-3.3169248461389067,-17.137913024568707,6.773352382223963,29.05344339338435,33.23060971840287,-4.1771663250185185,-22.86495612018488,3.059691897541063,20.287002224365665,23.79063587933482,-3.5036336549691534,-18.813396967239022,5.304233039203247,-2.362124609644975,11.124442117782522,-0.32850286557835684,-0.34982543823998885,41968,4.2998755176070524,43.99115337041035,0.6000524208921083,0.13460255432710636,27.532882195958823,29.257285717730657,-1.7244035217718334,-16.99880813735744,4.2998755176070524,26.801398716925025,28.003922536817754,-1.202523819892729,-15.83704331525976,4.671446257944875,32.23579394583112,37.31550794601454,-5.079714000183422,-24.468118913382547,2.4473033310759216,27.038592598462635,29.15897903688643,-2.120386438423793,-18.030691156803933,4.0495268567177725,-1.0321587161507564,10.886909188086857,-0.33191377732195976,-0.2816507778896928,0.0015710386312458762,2,0.7532124692886263,0.8170496997101632,0.4240414542052885,0.38153641788026227,0.7203616944067516,0.7355795220536392,0.05772286397191384,16,10.7,76.1,yes,C,ACAA
2024-11-26_050EH,49.4,1.3170522714865933,7,4.639334373528933,10355.234019786913,5066.059182116889,111679,7.329661750398876,41.3409644514488,0.7743801430886738,0.21537621217955033,14.757474547587282,20.543947127860708,-5.786472580273426,-15.06338298685538,7.329661750398876,12.96875356629311,18.22073978101199,-5.25198621471888,-13.823664445879388,8.224599461283983,21.273853573358835,29.007480449066627,-7.733626875707792,-19.579725101001728,4.299237792447228,16.912596800319523,22.729131573544052,-5.816534773224529,-15.237813130340573,6.697213752094606,-4.481890039179367,9.633943005692585,-0.24147676860351677,-0.34561379013663845,80373,5.758427457348419,39.60615071592608,0.6418200141838677,0.08222910678959353,23.79281599542135,26.145350431293906,-2.352534435872556,-12.031738541549949,5.758427457348419,21.35052329049401,24.160071897625166,-2.8095486071311555,-12.335608161023458,6.073578962209323,51.05159630806476,48.30332981660804,2.748266491456718,-8.640205993381748,2.1777352072733405,27.820508624357675,29.741276023995912,-1.9207673996382368,-12.13199361070529,4.927101955242671,-2.78253962184388,10.839957242185575,-0.29428842098944324,-0.16489069740694495,0.0020008355197941837,4,0.4144167800031594,0.5892356030110352,0.21765783478975914,0.29876109343887136,0.5979946920670677,0.6698385973144843,-0.009259353401695647,16,7.4,58.0,yes,B,ABAA
2024-12-05_043AS,57.6,1.1843739497369181,7,3.9788735772973833,10017.089172164306,5066.059182116889,88566,8.735319420169525,34.61792546035108,0.9076733735293453,0.2503443759456225,24.80522999796762,23.79377673898189,1.0114532589857284,-5.987201298303763,8.735319420169525,24.636262312859596,22.707887261637065,1.928375051222531,-4.560188085118451,10.035339454513469,25.311203319502074,27.04547013420253,-1.734266814700458,-10.260388889690443,5.235387782169811,27.788585363180534,25.745450772453065,2.043134590727469,-4.837519894155168,8.10674254392018,1.6086402255726384,6.067970881445057,-0.19399896383689033,-0.3718474047516747,46325,6.810750710383486,31.99157671545959,0.8371721532649757,0.03199136535348084,25.65137614678899,26.429961952174764,-0.7785858053857737,-8.460829783555738,6.810750710383486,25.618268180095,26.34087478665058,-0.7226066065555798,-8.28419489032958,6.913743843442726,26.653171390013497,29.125600119247018,-2.4724287292335205,-13.805525139116305,3.7801881597820555,28.296735556599344,28.218698177577036,0.07803737902230878,-7.73171336182665,6.1097037271486405,-0.6668793481721974,6.444917293509581,-0.3251991429603315,-0.1955521553890069,0.00261437876587409,6,0.3726227015049283,0.5970469974101508,0.1623422772056281,0.2801388914350536,0.5489648752416102,0.6614573341873299,-0.005304155283705814,16,2.9,55.5,no,A,AAAA
2024-12-09_027JC,53.0,1.2521356581562257,9,4.3242097745722505,18150.49510452543,5066.059182116889,70377,6.131577713591217,35.82530053059837,0.7226224476746664,0.2946132969578129,21.461557042783863,23.71713752786478,-2.255580485080916,-15.660653794554282,6.131577713591217,18.30066676067119,20.376553869113106,-2.075887108441915,-14.3177845183668,7.147280055530375,29.02961319571718,31.715429925444084,-2.6858167297269055,-18.87585874669932,4.079628348683625,21.857708132990712,24.061331180453667,-2.203623047462955,-15.750412753538765,6.053829267273366,-1.3120238516933767,10.755730721225461,-0.09004537262294059,-0.10427527880300189,54193,4.703857347352572,31.758023742022377,0.5652021478788773,0.16101710553023454,28.252726366873947,27.076421744663953,1.1763046222099938,-13.743208888538643,4.703857347352572,26.326786460509823,24.950367360337612,1.3764191001722104,-13.029065561339458,5.051570110427605,38.287875315150124,38.15427123952598,0.13360407562414167,-17.46426718074182,2.995958699091397,29.989425306056045,28.564753778274422,1.4246715277816229,-13.822569555408922,4.528170443069664,-0.2189204223127239,12.738056971276896,-0.1133030870588843,-0.07929187328877692,0.0015156281460999266,1,0.7095532129056147,0.7178805637320531,0.29701075628270013,0.284993951978365,0.7802089405639956,0.7392951662865228,-0.028896969973137676,16,,47.6,yes,C,ACAA
