key,grade,sep,why,score,trust_rank
2024-09-03_041WF,A,b44 (σ4.4 container split),"parts AAAA: gain 1.18, resolvable 0.93, excess -2.9%",5.071107319964318,1
2024-09-26_009ML,A,b44 (σ4.4 container split),"parts AAAA: gain 1.30, resolvable 0.98, excess -1.8%",5.069845317320762,2
2024-08-19_015HK,A,b44 (σ4.4 container split),"parts AAAA: gain 1.24, resolvable 0.96, excess -1.8%",5.051977913217472,3
2024-09-10_008TP,A,b44 (σ4.4 container split),"parts AAAA: gain 1.25, resolvable 0.98, excess -1.4%",5.048278859382042,4
2024-09-24_039CP,A,b44 (σ4.4 container split),"parts AAAA: gain 1.25, resolvable 0.99, excess -1.2%",5.047923013377504,5
2024-02-26_029CK,A,b44 (σ4.4 container split),"parts AAAA: gain 1.17, resolvable 0.96, excess -1.6%",5.043990806095272,6
2024-09-09_043AS,A,b44 (σ4.4 container split),"parts AAAA: gain 1.21, resolvable 0.98, excess -1.3%",5.039816958357253,7
2024-11-13_025JC,A,b44 (σ4.4 container split),"parts AAAA: gain 1.28, resolvable 0.97, excess -0.9%",5.021203772656738,8
2024-02-21_043AS,A,b44 (σ4.4 container split),"parts AAAA: gain 1.29, resolvable 0.97, excess -0.8%",5.009441821852773,9
2024-06-18_003PM,A,b44 (σ4.4 container split),"parts AAAA: gain 1.22, resolvable 0.93, excess -1.5%",5.006112253577033,10
2024-08-23_016PG,A,b44 (σ4.4 container split),"parts AAAA: gain 1.25, resolvable 0.95, excess -1.0%",5.004766853611636,11
2024-03-14_038RL,A,b44 (σ4.4 container split),"parts AAAA: gain 1.24, resolvable 0.96, excess -0.8%",5.0045860142162075,12
2024-10-17_048JJ,A,b44 (σ4.4 container split),"parts AAAA: gain 1.31, resolvable 0.90, excess -2.0%",4.999757010625133,13
2024-09-10_045VS,A,b44 (σ4.4 container split),"parts AAAA: gain 1.23, resolvable 0.97, excess -0.3%",4.982146079858949,14
2024-03-11_039CP,A,b44 (σ4.4 container split),"parts AAAA: gain 1.24, resolvable 0.96, excess -0.3%",4.9771448207229305,15
2024-04-09_019WR,A,b44 (σ4.4 container split),"parts AAAA: gain 1.33, resolvable 0.93, excess -0.0%",4.926164127126243,16
2024-04-03_040RP,A,b44 (σ4.4 container split),"parts AAAA: gain 1.21, resolvable 0.79, excess -1.5%",4.866512915821155,17
2024-12-05_043AS,A,b44 (σ4.4 container split),"parts AAAA: gain 1.18, resolvable 0.91, excess +1.6%",4.827241362250713,18
2024-03-21_032WS,B,b44 (σ4.4 container split),"parts ABAA: gain 1.17, resolvable 0.97, excess -2.7%",4.108993369477826,19
2024-07-03_044DY,B,b44 (σ4.4 container split),"parts BAAA: gain 1.36, resolvable 0.96, excess -2.1%",4.062931475369686,20
2024-08-30_014KS,B,b44 (σ4.4 container split),"parts BAAA: gain 1.61, resolvable 0.97, excess -1.9%",4.060944337482671,21
2024-03-21_036RL,B,b44 (σ4.4 container split),"parts BAAA: gain 1.38, resolvable 0.93, excess -2.4%",4.051232022569233,22
2024-09-27_036RL,B,b44 (σ4.4 container split),"parts ABAA: gain 1.34, resolvable 0.95, excess -1.9%",4.046392116940317,23
2024-05-06_043AS,B,b44 (σ4.4 container split),"parts ABAA: gain 1.21, resolvable 0.98, excess -1.1%",4.031511797084784,24
2024-03-06_030DN,B,b44 (σ4.4 container split),"parts ABAA: gain 1.30, resolvable 0.89, excess -2.7%",4.028284283211332,25
2024-07-29_004DS,B,b44 (σ4.4 container split),"parts ABAA: gain 1.10, resolvable 0.82, excess -3.7%",4.001841484892298,26
2024-11-26_050EH,B,b44 (σ4.4 container split),"parts ABAA: gain 1.32, resolvable 0.77, excess -4.5%",3.998474645047642,27
2024-03-12_044DY,B,b44 (σ4.4 container split),"parts BAAA: gain 1.38, resolvable 0.86, excess -2.4%",3.974229122511618,28
2024-09-24_046AA,B,b44 (σ4.4 container split),"parts ABAA: gain 1.24, resolvable 0.95, excess -0.4%",3.9723887957043647,29
2024-10-22_021CH,B,b44 (σ4.4 container split),"parts ABAA: gain 1.15, resolvable 0.81, excess -2.5%",3.9320138001419465,30
2024-10-29_049WG,B,b44 (σ4.4 container split),"parts ABAA: gain 1.24, resolvable 0.76, excess -3.4%",3.9317077680220476,31
2024-03-12_006KL,B,b44 (σ4.4 container split),"parts BBAA: gain 1.39, resolvable 0.79, excess -2.6%",3.9225546432856175,32
2024-10-02_011CN,B,b44 (σ4.4 container split),"parts ABAA: gain 1.22, resolvable 0.80, excess -2.4%",3.921196472476671,33
2024-08-21_044DY,B,b44 (σ4.4 container split),"parts ABAA: gain 1.34, resolvable 0.85, excess -1.4%",3.9190652636793986,34
2024-11-05_023LL,B,b44 (σ4.4 container split),"parts ABAA: gain 1.31, resolvable 0.77, excess -2.9%",3.913718727889554,35
2024-08-12_013VM,B,b44 (σ4.4 container split),"parts ABAA: gain 1.33, resolvable 0.74, excess -3.1%",3.8899953807227092,36
2024-04-22_025VP,B,b44 (σ4.4 container split),"parts AAAB: gain 1.35, resolvable 0.92, excess +2.3%",3.8046338889786995,37
2024-10-10_019LR,B,b44 (σ4.4 container split),"parts BBAA: gain 1.41, resolvable 0.64, excess -1.9%",3.7368899211405044,38
2024-03-28_010AJ,B,b44 (σ4.4 container split),"parts BAAA: gain 1.54, resolvable 0.67, excess -1.1%",3.7214567788294843,39
2024-02-19_037GD,B,b44 (σ4.4 container split),"parts ABBA: gain 1.27, resolvable 0.38, excess -5.2%",3.636775968708066,40
2024-02-27_009JT,B,b44 (σ4.4 container split),"parts BBBA: gain 1.62, resolvable 0.45, excess -0.8%",3.483850702982281,41
2024-05-02_023DB,C,b44 (σ4.4 container split),"parts ACAA: gain 1.26, resolvable 0.92, excess -4.3%",3.1360441456533796,42
2024-10-16_047SS,C,b44 (σ4.4 container split),"parts ACAA: gain 1.22, resolvable 0.88, excess -3.2%",3.036926107984818,43
2024-05-13_002ZS,C,b44 (σ4.4 container split),"parts ACAA: gain 1.20, resolvable 0.88, excess -2.8%",3.0215969531417315,44
2024-10-02_018CS,C,b44 (σ4.4 container split),"parts ACAA: gain 1.34, resolvable 0.78, excess -3.3%",2.9460011641570385,45
2024-11-18_026CH,C,b44 (σ4.4 container split),"parts ACAA: gain 1.12, resolvable 0.70, excess -2.4%",2.822978448993867,46
2024-12-09_027JC,C,b44 (σ4.4 container split),"parts ACAA: gain 1.25, resolvable 0.72, excess -1.3%",2.7882236402593352,47
2023-01-31_000LL,C,b44 (σ4.4 container split),"parts CAAA: gain 1.74, resolvable 0.81, excess +1.1%",2.753346451266342,48
2024-05-08_012EB,C,b44 (σ4.4 container split),"parts ACAA: gain 1.20, resolvable 0.71, excess -0.4%",2.7278762658336704,49
2024-10-08_009JT,C,b44 (σ4.4 container split),"parts ACAA: gain 1.19, resolvable 0.64, excess -1.6%",2.7238340266640306,50
2024-04-01_008CR,C,b44 (σ4.4 container split),"parts BCAA: gain 1.44, resolvable 0.72, excess +0.0%",2.7148836642119805,51
2023-05-02_011BA,C,b44 (σ4.4 container split),"parts BBAC: gain 1.53, resolvable 0.80, excess +5.1%",2.545240854587254,52
2023-09-25_032WS,C,b44 (σ4.4 container split),"parts BBAC: gain 1.48, resolvable 0.92, excess +10.7%",2.38737949092166,53
2024-10-28_022VT,C,b44 (σ4.4 container split),"parts BCBA: gain 1.35, resolvable 0.39, excess +1.0%",2.336995255415822,54
2023-05-15_035EK,D,b44 (σ4.4 container split),"parts CBAC: gain 1.79, resolvable 0.70, excess +7.6%",1.3254999550285054,55
2023-05-18_000SV,D,b44 (σ4.4 container split),"parts CBAC: gain 1.84, resolvable 0.68, excess +8.5%",1.2552755056407179,56
2023-05-02_012SR,D,b44 (σ4.4 container split),"parts CBAC: gain 1.85, resolvable 0.72, excess +10.3%",1.202587920786752,57
2023-11-02_036RL,D,b44 (σ4.4 container split),"parts CCBC: gain 1.94, resolvable 0.42, excess +6.3%",1.099351486353135,58
2023-11-17_005DS,D,b44 (σ4.4 container split),"parts CBCA: gain 1.92, resolvable 0.05, excess +0.8%",1.005656097992127,59
2024-12-06_051VM,,none (container gate: unstable fit),stability refit > 10°,0.5,60
2024-10-16_020JS,,none (container gate: unstable fit),stability refit > 10°,0.5,61
2023-12-19_041WF,,none (off-carrier),carrier BETWEEN 206.2 ppm,0.3,62
2024-01-16_004DS,,none (off-carrier),carrier ON_MEM 196.9 ppm,0.3,63
2023-10-27_000LL,,none (off-carrier),carrier BETWEEN 214.4 ppm,0.3,64
2024-08-15_006MM,,none (off-carrier),carrier ABOVE_RBC 231.3 ppm,0.3,65
2023-11-16_038RL,,none (off-carrier),carrier BELOW_MEM 175.2 ppm,0.3,66
2024-04-25_042DR,,none (offline gate),gated,0.2,67
2024-10-23_047SS,,none (offline gate),gated,0.2,68
2023-12-11_040RP,,none (offline gate),gated,0.2,69
2023-11-13_037GD,,none (offline gate),gated,0.2,70
2023-04-26_023DB,,none (offline gate),gated,0.2,71
2023-04-18_021JM,,none (offline gate),gated,0.2,72
2023-03-27_02BB,,none (no cal block / no fit),no usable dissolved spectrum,0.0,73
2023-03-24_029CK,,none (no cal block / no fit),no usable dissolved spectrum,0.0,74
2024-09-25_017ED,,none (no cal block / no fit),no usable dissolved spectrum,0.0,75
2023-03-10_004LR,,none (no cal block / no fit),no usable dissolved spectrum,0.0,76
2023-03-09_023DB,,none (no cal block / no fit),no usable dissolved spectrum,0.0,77
2023-04-07_030DN,,none (no cal block / no fit),no usable dissolved spectrum,0.0,78
2023-05-04_034LR,,none (no cal block / no fit),no usable dissolved spectrum,0.0,79
2023-04-14_000KR,,none (no cal block / no fit),no usable dissolved spectrum,0.0,80
2023-05-15_000SK,,none (no cal block / no fit),no usable dissolved spectrum,0.0,81
2023-03-31_032WS,,none (no cal block / no fit),no usable dissolved spectrum,0.0,82
2023-04-11_000KR,,none (no cal block / no fit),no usable dissolved spectrum,0.0,83
2024-02-02_005DS,,none (no cal block / no fit),no usable dissolved spectrum,0.0,84
2023-08-24_030DN,,none (no cal block / no fit),no usable dissolved spectrum,0.0,85
2023-10-10_002BB,,none (no cal block / no fit),no usable dissolved spectrum,0.0,86
2024-01-31_008CR,,none (no cal block / no fit),no usable dissolved spectrum,0.0,87
2024-01-22_007RA,,none (no cal block / no fit),no usable dissolved spectrum,0.0,88
2024-01-18_001JM,,none (no cal block / no fit),no usable dissolved spectrum,0.0,89
2023-03-08_017AK,,none (no cal block / no fit),no usable dissolved spectrum,0.0,90
2024-01-17_042DR,,none (no cal block / no fit),no usable dissolved spectrum,0.0,91
2023-12-15_003KH,,none (no cal block / no fit),no usable dissolved spectrum,0.0,92
2023-12-06_003PM,,none (no cal block / no fit),no usable dissolved spectrum,0.0,93
2024-04-29_011CN,,none (no cal block / no fit),no usable dissolved spectrum,0.0,94
2023-11-21_039CP,,none (no cal block / no fit),no usable dissolved spectrum,0.0,95
2024-05-13_005JJ,,none (no cal block / no fit),no usable dissolved spectrum,0.0,96
2023-11-06_002ZS,,none (no cal block / no fit),no usable dissolved spectrum,0.0,97
2023-11-03_000LL,,none (no cal block / no fit),no usable dissolved spectrum,0.0,98
2023-11-02_025VP,,none (no cal block / no fit),no usable dissolved spectrum,0.0,99
2023-10-31_003KH,,none (no cal block / no fit),no usable dissolved spectrum,0.0,100
2024-02-02_000LL,,none (no cal block / no fit),no usable dissolved spectrum,0.0,101
2023-10-25_002JM,,none (no cal block / no fit),no usable dissolved spectrum,0.0,102
2023-10-20_001JM,,none (no cal block / no fit),no usable dissolved spectrum,0.0,103
2024-08-28_007IT,,none (no cal block / no fit),no usable dissolved spectrum,0.0,104
