key,n_in,n_out,rbc_in,rbc_out,rbc_bg,tm_in,tm_out,tm_bg,dis_in,dis_out,dis_bg,gas_in,gas_out,gas_bg
2023-01-31_000LL,55145,658,0.41581641027640387,0.5791444869926228,0.0067758192031062234,0.4501361586805098,0.5917785498220682,0.014020313973811295,0.15196172388485363,-0.013579676274438292,0.0010623116294779377,0.434840089668083,0.45962222147206777,0.07753339839514697
2023-05-02_011BA,46866,698,0.42978576230020227,0.43669501076757333,0.009713483651371023,0.42862337393309646,0.5034165648636487,0.007434398033225092,0.1864742657200254,0.0817868178093189,-0.008963859539770967,0.20802881749480967,0.35387431047972656,0.02802014086746225
2023-05-02_012SR,39171,1030,0.5548599641255871,0.6106226515436401,-0.026883039564554356,0.557966788780573,0.6281748948210177,-0.016048241759148613,0.23679378763069545,0.1322029218812463,0.003266385493230276,0.24387038626921853,0.34861279854809823,0.019684882063344712
2023-05-15_035EK,74884,1041,0.38229064927221995,0.2538708859064049,0.015319632694121984,0.3886761374821488,0.3575623336171167,0.0010173571251000984,0.17611505309357006,0.028216261966822316,0.0023583529895249674,0.3014295892795424,0.39993047959081907,0.0367233993740765
2023-05-18_000SV,74377,822,0.4298055477990937,0.5044620513276094,-0.0016224796209550602,0.4488911162146998,0.5438228512987052,0.0044354986480777915,0.1898512721639971,-0.05590761242807704,-0.00504419117114665,0.353172548175422,0.39219536666121935,0.05285867138917111
2023-09-25_032WS,71941,2915,0.5738017202805618,0.7386854800768031,0.019742470660061465,0.5395781960929561,0.7430144011355837,0.034872506590029294,0.29107661744408575,0.08054095952428336,0.030427229852970434,0.1665967775456979,0.3429611572078916,0.07650631484030475
2023-11-02_036RL,71490,3205,0.5327623936461818,0.4980206593311529,0.01010967131361431,0.526020593120813,0.4855059187781964,-0.009432135678640015,0.21205368921766649,0.05900550036812212,-0.015937770015313178,0.37939032528169325,0.38028788669957037,0.055136756596312564
2023-11-17_005DS,44622,4804,0.48380427609905546,0.16088626843038686,0.00192704043545183,0.5031606833991884,0.21522144971391366,0.02096746460634139,0.4557319895300145,0.09533789486189774,0.01410843768771785,0.30450099340819353,0.598721246054132,0.11485487749634694
2024-02-19_037GD,28792,233,0.747473206064702,0.6405233849317401,0.014352571442385201,0.7096404417053631,0.48698420123862535,0.03892594760732428,0.4044067010248874,0.3483518664056166,0.005857333256298292,0.27230186659516914,0.356783317231035,0.02139516725745907
2024-02-21_043AS,58790,431,0.8397628420501119,0.7550550521432814,0.045269317598271235,0.7727352385607708,0.6424031746415299,0.07361614265886378,0.4651433506874516,-0.0010404927287395868,0.07075679824916206,0.20175595532101884,0.30877026610079056,0.009735135550434362
2024-02-26_029CK,51072,1111,0.8566831961687718,0.7499365226378781,0.02512850089538102,0.7662222396379588,0.6446877543645453,0.10167766462965497,0.4232613979806224,0.17861333730005655,0.03592520088492707,0.3282543720706372,0.439269849199639,0.04596054222385263
2024-02-27_009JT,84384,15553,0.7111195273944145,0.3448032786174564,-0.007781479691473131,0.687393465802645,0.266067951026865,0.017737389989360305,0.24639423854986559,0.0771714497883202,-0.0044352342004679345,0.7568573197179871,0.6793583199140933,0.2395394979233231
2024-03-06_030DN,34259,1045,0.761025705345912,0.3776649135073616,-0.01708275379111776,0.7325460517251869,0.19850543560067596,0.06539858459779588,0.38015493178654275,0.09551618051243768,0.016052626310181516,0.2803646318539429,0.14696441779188066,0.012186465923593034
2024-03-11_039CP,55148,2116,0.9136112409249328,0.8507654881689863,0.009931915056036402,0.8577639551779759,0.7659062948906671,0.11042280850831483,0.5702272762640317,0.19391328065093597,0.0713604807837962,0.26064206951130653,0.4862273339953121,0.05080459663071451
2024-03-12_006KL,46475,2769,0.8717294286703535,0.7730784186908677,-0.0022633476098041505,0.8552306726639911,0.7167314578374041,0.016358858496312374,0.5860508176243757,0.1244808808699185,0.011092272065001707,0.4580102202376877,0.5397495336611792,0.11616428352172666
2024-03-12_044DY,66526,4905,0.9210084083681577,0.8328107352431536,0.03421327713554346,0.8777477642229001,0.7949515319716312,0.10196538355229726,0.5656159117941643,0.08461738585385284,0.0511161383745733,0.3479810365578704,0.5112279652741624,0.052314408922734194
2024-03-14_038RL,55870,2073,0.8914564358390743,0.9144185803525726,0.08366862123001045,0.8564041448829155,0.920753740356003,0.13183465428864363,0.6507401676055861,0.0695555738553219,0.11439449750493606,0.4124754576736155,0.4661010051554848,0.059408340478598776
2024-03-21_032WS,71116,858,0.8606437025181215,0.6789126562233819,0.010565870633398498,0.7706765002651847,0.5573031860303734,0.04083887064771269,0.4599742868938986,0.2108233632197516,0.05945776011463044,0.18751641516182768,0.19785447215656396,0.042403406026270955
2024-03-21_036RL,69429,1270,0.9027476575693736,0.7733282245717481,0.07775294117602789,0.8642986414952013,0.6648833690179368,0.08573335810162133,0.6862450557782183,0.04960939669793509,0.07877857313618052,0.37759239453779747,0.5318620295750862,0.06231470015705917
2024-03-28_010AJ,44653,2883,0.8303086037072567,0.614458520541243,-0.02061251482106528,0.8046462604928105,0.5979545833289327,-0.016412508172460982,0.5027970101752286,0.14099245948187814,0.014948356529060307,0.38018164889335004,0.6182356910359483,0.07106549058560746
2024-04-01_008CR,63317,5583,0.844237359454828,0.6802163908630675,-0.04486960415730559,0.8116970490157667,0.6449095985901244,0.033932555967270836,0.5816542844072864,0.2244047576537198,0.024689692597445714,0.33288193345379086,0.42522496229247003,0.07597139617499958
2024-04-03_040RP,64074,5982,0.8573860797251213,0.723636380221508,0.021465067062853085,0.8090660744062603,0.5666292586011177,0.07255899359238097,0.48928676023076667,0.06103839295285578,0.01931656612650203,0.4710063971783081,0.38542246709090006,0.07975882253464527
2024-04-09_019WR,70686,2055,0.8747421177855046,0.8009832093526682,0.02028886024309379,0.82847443066129,0.7702692809712066,0.053783478339643254,0.5960867150881679,0.0578513171538675,0.0587374040819891,0.4015494932169232,0.6079633394996046,0.06087150029958664
2024-04-22_025VP,44128,3731,0.9100175643805016,0.6600534120836689,0.029472038193084187,0.8971360933111261,0.6297412656081928,0.0734824900771023,0.6411888761652993,0.22029774860094115,0.05046111357274965,0.5806253948253093,0.695196801214907,0.12875598793195633
2024-05-02_023DB,74561,1593,0.829015282194027,0.5344772268727842,-0.015986896143841932,0.7538582899757483,0.4297469946368243,0.027017537348707092,0.5212982550898182,0.02620628331876934,0.026002612602792304,0.33499413847877124,0.5434136637885681,0.05045814466436978
2024-05-06_043AS,56991,276,0.849463274480346,0.8316478006851203,-0.015811239548827745,0.7564400550568422,0.8148313323354706,0.07968683230064125,0.5290522115975832,0.34865056706003733,0.060802300655162275,0.1953778584392507,0.31703507219009774,0.02145830619857122
2024-05-08_012EB,23788,1346,0.8384605129790981,0.8271274527380231,0.009504919893648914,0.8142930587853382,0.7955603428121383,0.05543843653877354,0.6256962495653758,0.13377332380720047,0.032604474778318085,0.65122343346342,0.4800352028681008,0.03615830911139199
2024-05-13_002ZS,26541,3462,0.8760533104687144,0.8383550430948494,0.02246208777020808,0.804751039796971,0.7666499227725031,0.01558443064230468,0.215424037288101,-0.09436418125037552,0.004410024964885024,0.17346769042478496,0.22633009601293033,0.06176468308447743
2024-06-18_003PM,41789,1047,0.8910769601487297,0.9190049594233678,0.017813815650198593,0.840269760535656,0.8919137395610003,0.06990285374503451,0.602978140601009,0.22070789280668074,0.04612745357002204,0.3242420110588272,0.4606397195695352,0.07202508074075079
2024-07-03_044DY,59544,1426,0.9101165923427444,0.7798042040702899,-0.0014099870881119209,0.8776611411289953,0.6714197942334642,0.08376879575198105,0.664251057857298,0.262766195581748,0.08293910139518794,0.46293583232682295,0.540122099991992,0.06130164553468558
2024-07-29_004DS,43133,6315,0.8515177835170276,0.4073497993848743,0.0008910694181479299,0.7928453644351746,0.26261123229266875,0.06100927604243115,0.5885803123861831,0.21225540854536437,0.012874324517506482,0.8395329656876755,0.7613219309180329,0.12864279239580584
2024-08-12_013VM,66287,1840,0.6948582297439827,0.3438338726367033,0.02223522351063648,0.6387554907758687,0.31577194353307597,-0.02083293553058906,0.19228831035139374,0.09674488330128912,0.014936936302175442,0.23868589051087366,0.5024345436662284,0.035433798004419585
2024-08-19_015HK,59239,696,0.8643615895982302,0.8026470858450938,0.012869835208686628,0.8409447022082509,0.7589495652277075,0.07246032252815696,0.5937018210186306,0.1173098349367571,0.059331978574645644,0.32993042842801124,0.6675283184492071,0.04119295835310198
2024-08-21_044DY,62226,3707,0.9370132283128563,0.7447253911972623,0.013200401123317947,0.9080954497145703,0.7464049048868202,0.07600383690267838,0.7440011969232732,0.22047916793438688,0.12090635050434835,0.44937837296275224,0.49296156126393936,0.07295014909251529
2024-08-23_016PG,84648,366,0.7164579726882936,0.7231879807736455,0.010117824088098085,0.7116056336902942,0.7558755553143685,0.008047092655214203,0.20451482002162952,0.11888201517069275,0.023034535258212176,0.17274281321912668,0.21971938774254693,0.014494134491227776
2024-08-30_014KS,60840,635,0.9201645407489973,0.907676800829521,0.049645637465434204,0.9043735832184784,0.8964375665560669,0.11828274377607247,0.6745700873455219,0.3098017568528464,0.15355684321808413,0.38914542880476294,0.4761671479256737,0.04862862060668766
2024-09-03_041WF,71006,1932,0.8556235067886678,0.6573964267395447,0.029863859334647493,0.7950733254006893,0.5976573281479945,0.0491973884798584,0.40761650945206446,0.10432529655757258,0.04957157109472532,0.3111744182143503,0.47911130362136456,0.04209059206735223
2024-09-09_043AS,50532,649,0.89089067050905,0.8588021920028049,-0.0033204584264539317,0.8268109660456867,0.7997392480181281,0.09053608431079901,0.6175786168262406,0.4299214485858394,0.09794635526572994,0.2791126999377696,0.4736205038336793,0.022652171153845612
2024-09-10_008TP,69465,1898,0.9131084376209878,0.7369576769707133,0.002133997553980868,0.8805575413576283,0.7247793549238201,0.09439710925815067,0.6049759950601624,0.2711700169809316,0.08363749676209072,0.3850935167947211,0.5727895165196799,0.06485620449306036
2024-09-10_045VS,39105,776,0.931077405076685,0.8980623234986366,0.03391689339309715,0.8484110739218991,0.8225940462498188,0.19859924532117415,0.5738158381161258,0.42428334295285053,0.2023663644580199,0.39908587102273857,0.6211789725524741,0.06608655512842566
2024-09-24_039CP,64497,1092,0.9116343909248112,0.7750934134412641,-0.01577500568634963,0.8635870365564571,0.6570940273069743,0.09814287034242888,0.5155525662891411,0.0868488331660822,0.08264948425840984,0.3196688800529158,0.35113512989689016,0.04561642325602421
2024-09-24_046AA,58759,976,0.8218311439469792,0.8402830657541746,0.005774668332776998,0.7501575696088776,0.8594195354322166,0.06752038599932032,0.27286691640302646,0.23323368467646372,0.008431154932039787,0.19956311411920885,0.16291018263036236,0.019121303232183716
2024-09-26_009ML,67260,1375,0.9200444448516301,0.8401265772243863,0.03688812996060648,0.891276879135211,0.8489276701329409,0.08347692087960493,0.6401199239066148,0.23133201983832008,0.0920406787585243,0.39317460409932214,0.49566632061594224,0.048086801857076644
2024-09-27_036RL,60632,1099,0.8894857893265219,0.662453214893961,0.028583539292101272,0.8411830722508856,0.5681090613597979,0.033688123257610024,0.5355656171148115,0.18506304709961646,0.04152294123764958,0.3522003426708553,0.330773522349617,0.05177351882676436
2024-10-02_011CN,61594,7017,0.7952815805063078,0.42898339386471945,-0.02313394089559177,0.757636056510649,0.4471068289367227,0.02020959388079016,0.5479077442593808,0.2096853863627708,0.021472459325504834,0.36365615669022877,0.5112774469446454,0.10792095437436122
2024-10-02_018CS,57367,8619,0.7381765457884029,0.43315137167561746,0.014885638857453252,0.7021009355084974,0.39040730726103534,0.04596106488926127,0.22590372544692594,0.0951459709568944,-0.004758750731167955,0.2873570005959564,0.4478972802970578,0.06558185850146578
2024-10-08_009JT,69147,10048,0.6896605757695233,0.3228876128562762,-0.029474058489069636,0.6027801469299797,0.25489627553131616,-0.006351959572784182,0.2285366275364759,0.09148622007969556,-0.015712859738201593,0.7445038350210613,0.7007449922956233,0.1542666417859269
2024-10-10_019LR,64718,2985,0.7636811007887379,0.47634414121901514,0.015771555637208865,0.724373069232165,0.4660434314040744,0.0164515791037122,0.5248398923942534,0.09639055183505794,0.005058017719484772,0.2646205107900073,0.47920629233740386,0.03809939022225035
2024-10-16_020JS,69956,3604,0.48584526664916383,0.33009339716235814,0.019753992481488382,0.36688514977635833,0.25524253680308917,-0.026050189942160525,0.17518637552846328,0.013582577590702399,0.006053772704470344,0.24425793073480692,0.3250392820754016,0.017248168183649378
2024-10-16_047SS,61259,4373,0.8012928102184189,0.38349797084372406,-0.006955738203879136,0.739132980976493,0.3539931201192166,0.01375259899759648,0.3544708631502457,0.14647599976685602,-0.0030190215366450663,0.29288235287905334,0.43056877087699963,0.057462689136310856
2024-10-17_048JJ,70520,3141,0.8772766925855326,0.885082119434362,0.009651993911321056,0.8404910261227908,0.8645721180620648,0.03509457457459873,0.4661745127144057,0.1144499812609357,0.009911850079977151,0.4188206179216487,0.469716288138933,0.05978538540654586
2024-10-22_021CH,52451,7008,0.7321374361883672,0.29973980601379185,0.05237900491479162,0.7019877542572535,0.31489898601652605,0.042924036093359465,0.4689734398345264,0.14157722511889279,0.001147835265905488,0.3935877681542292,0.4812628968890412,0.09854676440647825
2024-10-28_022VT,48085,3262,0.469228872678485,0.13258078915197843,0.0054379922749915365,0.42798594513905147,0.11351518597900205,0.04274696622407221,0.2674007703804922,0.00027716463339073357,-0.001384132603604166,0.23012543839793978,0.3908110271754183,0.0153734319003937
2024-10-29_049WG,47635,2353,0.8446316003178657,0.2938812637954718,-0.007395110838775381,0.7992783694225383,0.29061323978840137,0.011050030454385648,0.28604275825852443,0.1392373970908069,-0.0029508826452795674,0.229371793143462,0.3293851192627689,0.02429334972532091
2024-11-05_023LL,39845,1425,0.8012458625110045,0.6367713564124593,-0.0010163892236615113,0.771913346472032,0.588247627239838,-0.00012039740915858122,0.5575728446643112,0.12016056808878343,0.008342742546297063,0.42719164573788193,0.5691536739112072,0.07241287210665305
2024-11-13_025JC,73632,1519,0.9182366593799597,0.8423813602236012,0.0773335635070109,0.9224120639773307,0.8377626261914206,0.08944740129524438,0.6911361894075532,0.14110926097085624,0.12404254547577864,0.45364518121987846,0.5966013543263947,0.0715126752152565
2024-11-18_026CH,36444,2731,0.7555056760743452,0.6510642328502798,0.01936695012325513,0.679163856891022,0.5321679095190376,0.00529854193285419,0.38833249723062235,0.15997273692090003,0.010574044589254738,0.4586633250154357,0.5294581966430775,0.05801143976612139
2024-11-26_050EH,72792,2085,0.8261843014003437,0.5196119312330431,0.010461889763082897,0.7775442775603476,0.47573624071756976,0.05308190187969397,0.35325951608967493,0.1588594909745735,0.016006525531251075,0.2320277276685767,0.25962176392411207,0.021345742141842688
2024-12-05_043AS,45029,856,0.8134500066142213,0.6108191981954294,0.003595911674833687,0.6677706224900777,0.37611996440475554,-0.0034093030042301486,0.2376642993577867,0.020324532883614306,-0.0023432127287557245,0.19483538832060546,0.2356273974905934,0.010795010316812032
2024-12-06_051VM,45468,3791,0.4270658685288387,0.3223084434631583,0.0008839322728837841,0.3429999378794498,0.2407630400752516,0.01142714874898065,-0.013651124403074843,-0.04813874245634283,0.013347596017597163,0.17063214516035158,0.30747728516701334,0.028712698395692692
2024-12-09_027JC,45484,3677,0.7031245059268114,0.531436880275849,-0.040160892967564026,0.65448962920613,0.416061229954095,-0.017085342953760484,0.3425700297807571,-0.02001463914574806,0.0023726653313841006,0.3775222228990402,0.4425730479815421,0.06319857078282558
