key,fit,status,gate_loose,gate_strict,gate_xecs,xecs_valid,xecs_reason,nch,DPoff,TE_ms,fRBC,fTP,df,df_xecs,target,ratio_steve,ratio_scalar,F_lump,ratio_m2,TEeff_us,dphi_old,dphi_new,dphi_steve_k0,steve_minus_xecs,dphi_k0_m2,dphi_rep_sd,stab_dphi,stab_F,xecs_stable,dphi_line,line_minus_new,fit_consistent,killpts_corr_deg,model_used,snr_diss,carrier,carrier_ppm,gain_old,gain_new,cond_new,nbins,bins_split_old,bins_resplit,insp_bin,ph_old_insp,ph_new_insp,R_new_insp,R_new_med,ratio_lung_new_insp,corr_old_insp,corr_new_insp,corr_old_med,corr_new_med,negTP_old_insp,negTP_new_insp,negTP_old_med,negTP_new_med,negRBC_old_insp,negRBC_new_insp,lungRBC_old_insp,lungTP_old_insp,lungRBC_new_insp,lungTP_new_insp,mat
2023-01-31_000LL,xecs,resplit,pass,pass,pass,yes,,1,218,0.62,-3.032,-362.7,359.7,346.7,0.7302,0.5148,0.4027,1.813,0.6116,-317,-41.04,34.5,35.22,0.7248,34.4,3,1.4,0.992,yes,39.24,4.014,True,-14.24,M3,55.4,ON_RBC,218.1,1.523,1.766,marginal,16,16,16,7,5.08,0.293,0.7297,0.731,0.7297,-0.7333,-0.851,-0.7461,-0.8378,57.23,7.046,58.16,7.887,0.6681,17.85,728.6,-48.97,305.5,418.7,/Volumes/HoomHamExt/AIkill_Dynamic/2023-01-31_000LL/d/recon_resplit_xecs.mat
2023-04-07_030DN,xecs,no_xecs_row,df=4403Hz;fRBC=1652Hz(exp0);|sin dphi|=0.25,df=4403Hz;fRBC=1652Hz(exp0);|sin dphi|=0.25,,,session has no usable cal block in the XeCS table,1,218,0.62,1652,-2752,4403,,,0.5279,,,,-854,86.34,,14.59,,,,,,,-10.85,-25.45,False,-174.4,,,,,1.002,,,,,,,,,,,,,,,,,,,,,,,,,,
2023-04-18_021JM,xecs,gated,pass,pass,unstable: dphi moves 20.8 deg when one more sample is dropped,yes,unstable_drop3,1,218,0.62,-3.775,-363.5,359.7,344.5,0.5632,0.2665,0.2819,1.998,0.3214,-230.2,-29.81,25.4,47,21.6,37.4,6.8,20.8,0.896,no,50.49,3.483,True,-14.25,M3,41,ON_RBC,217.9,2.012,,,,,,,,,,,,,,,,,,,,,,,,,,
2023-04-26_023DB,xecs,gated,pass,pass,unstable: dphi moves 10.9 deg when one more sample is dropped,yes,unstable_drop3,1,218,0.62,-4.415,-360.6,356.2,355.8,0.239,0.157,0.239,1,0.239,-369.9,-47.43,29,32.63,3.629,29,2.6,10.9,1.866,no,32.07,-0.5615,True,-14.1,M2,44.6,ON_RBC,217.9,1.358,,,,,,,,,,,,,,,,,,,,,,,,,,
2023-05-02_011BA,xecs,resplit,pass,pass,pass,yes,,1,218,0.62,-14.08,-353.6,339.6,342.6,0.4033,0.2548,0.2487,1.622,0.3055,-172,-21.02,40.4,46.52,6.116,39.5,4.9,2.6,0.991,yes,54.77,8.252,True,-13.45,M3,53,ON_RBC,218.1,2.788,1.543,marginal,16,16,16,8,5.3,0.292,0.4029,0.4033,0.4029,-0.9171,-0.7165,-0.9266,-0.7477,61.02,5.092,67.77,5.769,5.804,25.54,763.7,-182.6,180.4,447.8,/Volumes/HoomHamExt/AIkill_Dynamic/2023-05-02_011BA/d/recon_resplit_xecs.mat
2023-05-02_012SR,xecs,resplit,pass,pass,pass,yes,,1,218,0.62,-16.97,-369.3,352.3,355.8,0.297,0.1758,0.1681,1.767,0.2216,-199.1,-25.25,33.9,46.69,12.79,39.8,7.8,3.2,0.913,yes,53.39,6.695,True,-13.95,M3,62.9,ON_RBC,218.1,2.344,1.793,marginal,16,16,16,7,5.33,0.235,0.2977,0.2976,0.2977,-0.8939,-0.7983,-0.9173,-0.8555,61.5,12.62,65.45,11.08,8.114,34.31,657.6,-151.9,124.1,416.8,/Volumes/HoomHamExt/AIkill_Dynamic/2023-05-02_012SR/d/recon_resplit_xecs.mat
2023-05-04_034LR,xecs,no_xecs_row,df=991Hz;fRBC=-741Hz(exp0),df=991Hz;fRBC=-741Hz(exp0),,,session has no usable cal block in the XeCS table,1,218,0.62,-741.1,-1732,990.9,,,0.6606,,,,904,-37.51,,117.2,,,,,,,-176.3,66.42,False,-39.24,,,,,1.642,,,,,,,,,,,,,,,,,,,,,,,,,,
2023-05-15_000SK,xecs,no_xecs_row,pass,pass,,,session has no usable cal block in the XeCS table,1,218,0.62,-16.51,-357.1,340.6,,,0.4725,,,,-394.3,-48.36,,37.1,,,,,,,27.67,-9.432,True,-13.49,,,,,1.338,,,,,,,,,,,,,,,,,,,,,,,,,,
2023-05-15_035EK,xecs,resplit,pass,pass,pass,yes,,1,218,0.62,-13.54,-364.8,351.2,332.9,0.4258,0.2658,0.3107,1.371,0.3533,-413.4,-52.27,33.8,29.17,-4.635,25.5,7,2.3,0.996,yes,26.12,-3.047,True,-13.91,M3,56.3,ON_RBC,218.3,1.264,1.798,marginal,16,16,16,5,5.27,0.176,0.4246,0.426,0.4246,-0.6507,-0.8376,-0.6185,-0.8354,49.22,14.81,54,12.92,2.884,28.6,560.9,-26.4,168.5,397,/Volumes/HoomHamExt/AIkill_Dynamic/2023-05-15_035EK/d/recon_resplit_xecs.mat
2023-05-18_000SV,xecs,resplit,pass,pass,pass,yes,,1,218,0.62,-19.12,-361.3,342.1,335.4,0.374,0.2061,0.2325,1.609,0.2737,-314.6,-38.75,32.5,38.13,5.626,31.6,5.9,2.9,0.981,yes,37.62,-0.5089,True,-13.55,M3,59.2,ON_RBC,218,1.598,1.861,marginal,16,16,16,7,5.41,0.237,0.3755,0.3742,0.3755,-0.8557,-0.8865,-0.8252,-0.8525,60.43,14.47,61.63,12.12,3.034,29.45,682.1,-116.5,167.9,447.2,/Volumes/HoomHamExt/AIkill_Dynamic/2023-05-18_000SV/d/recon_resplit_xecs.mat
2023-08-24_030DN,xecs,no_xecs_row,df=1460Hz;fRBC=1160Hz(exp0),df=1460Hz;fRBC=1160Hz(exp0),,,session has no usable cal block in the XeCS table,1,218,0.62,1160,-299.6,1460,,,1.637,,,,-371.4,164.8,,63.05,,,,,,,130.6,67.58,False,-57.81,,,,,3.819,,,,,,,,,,,,,,,,,,,,,,,,,,
2023-09-25_032WS,xecs,resplit,pass,pass,pass,yes,,1,218,0.62,-10.63,-361.1,350.5,369.5,0.2528,0.14,0.1673,1.511,0.1647,-27.89,-3.52,41.4,64.14,22.74,53.1,6,2.8,0.997,yes,74.72,10.57,True,-13.88,M3,70.2,ON_RBC,218.1,16.29,1.512,marginal,16,16,16,8,5.23,0.304,0.2538,0.2532,0.2538,-0.9974,-0.6705,-0.9983,-0.767,70.76,2.298,72.07,3.24,22.27,31.08,3388,-2482,194.9,768.1,/Volumes/HoomHamExt/AIkill_Dynamic/2023-09-25_032WS/d/recon_resplit_xecs.mat
2023-10-10_002BB,xecs,no_xecs_row,pass,pass,,,session has no usable cal block in the XeCS table,1,218,0.62,-51.81,-358.7,306.9,,,0.1661,,,,-261.6,-28.9,,52.16,,,,,,,39.61,-12.55,True,-12.15,,,,,2.069,,,,,,,,,,,,,,,,,,,,,,,,,,
2023-10-20_001JM,xecs,no_xecs_row,df=3624Hz;fRBC=-871Hz(exp0),df=3624Hz;fRBC=-871Hz(exp0),,,session has no usable cal block in the XeCS table,1,218,0.62,-871,-4495,3624,,,0.7039,,,,-91.64,-119.6,,124.7,,,,,,,-30.7,-155.4,False,-143.5,,,,,1.15,,,,,,,,,,,,,,,,,,,,,,,,,,
2023-10-25_002JM,xecs,no_xecs_row,pass,pass,,,session has no usable cal block in the XeCS table,1,218,0.62,8.242,-361.2,369.4,,,0.3366,,,,-356.6,-47.42,,22.1,,,,,,,35.03,12.93,True,-14.63,,,,,1.358,,,,,,,,,,,,,,,,,,,,,,,,,,
2023-10-27_000LL,xecs,resplit,pass,pass,pass,yes,,1,218,0.62,67.75,-288.3,356.1,350,0.7414,0.5773,0.4816,1.539,0.676,-326.6,-41.86,33.3,35.39,2.087,34.2,2,1.1,0.986,yes,37.61,2.226,True,-14.1,M3,52.7,BETWEEN,214.4,1.498,1.821,marginal,16,16,16,7,4.91,0.397,0.7433,0.7416,0.7433,-0.7503,-0.8517,-0.754,-0.8533,49.79,12.7,52.28,10.91,2.396,19.57,1263,-21.27,554.4,745.9,/Volumes/HoomHamExt/AIkill_Dynamic/2023-10-27_000LL/d/recon_resplit_xecs.mat
2023-10-31_003KH,xecs,no_xecs_row,df=836Hz;fRBC=429Hz(exp0),df=836Hz;fRBC=429Hz(exp0),,,session has no usable cal block in the XeCS table,1,218,0.62,428.7,-407.1,835.9,,,1.581,,,,-636.7,168.4,,-135,,,,,,,-5.035,129.9,False,-33.1,,,,,4.974,,,,,,,,,,,,,,,,,,,,,,,,,,
2023-11-02_025VP_merged_REJECTED,xecs,no_xecs_row,pass,pass,,,session has no usable cal block in the XeCS table,1,218,0.62,-12.5,-365.3,352.8,,,0.3037,,,,-301,-38.23,,28.02,,,,,,,40.52,12.5,True,-13.97,,,,,1.616,,,,,,,,,,,,,,,,,,,,,,,,,,
2023-11-02_036RL,xecs,resplit,pass,pass,pass,yes,,1,218,0.62,-13.34,-365.6,352.2,330.7,0.2983,0.133,0.2008,1.485,0.1978,-329.9,-41.84,33.6,34.07,0.4673,33.3,,1.8,1.004,yes,36.78,2.716,True,-13.95,M3,55.1,ON_RBC,218,1.499,1.807,marginal,16,16,16,7,5.36,0.243,0.2985,0.2985,0.2985,-0.7808,-0.7996,-0.7674,-0.8368,62.26,11.98,64.69,12.74,3.613,30.1,808.6,-146.8,167.3,560.6,/Volumes/HoomHamExt/AIkill_Dynamic/2023-11-02_036RL/d/recon_resplit_xecs.mat
2023-11-06_002ZS,xecs,no_xecs_row,pass,pass,,,session has no usable cal block in the XeCS table,1,218,0.62,-0.03435,-343.7,343.7,,,0.2139,,,,-34.62,-4.284,,59.19,,,,,,,72.43,13.24,True,-13.61,,,,,13.39,,,,,,,,,,,,,,,,,,,,,,,,,,
2023-11-13_037GD,xecs,gated,pass,pass,xecs invalid: rep_sd>30;unstable_drop3;unstable: dphi moves 10.3 deg when one more sample is dropped;|sin dphi|=0.22,no,rep_sd>30;unstable_drop3,1,218,0.62,-29.08,-351.8,322.7,381.5,0.3022,0.2482,0.208,1.453,0.1639,1810,-149.7,12.7,52.43,39.73,36.3,31,10.3,0.899,no,-77.68,-130.1,False,-12.78,M3,58.2,ON_RBC,218.1,1.982,,,,,,,,,,,,,,,,,,,,,,,,,,
2023-11-16_038RL,xecs,resplit,fRBC=756Hz(exp0),fRBC=756Hz(exp0),pass,yes,unstable_drop3;carrier_BELOW_MEM,1,218,0.62,756.2,397,359.2,342.9,0.3633,0.2735,0.2319,1.567,0.284,-241.4,-31.22,28,26.87,-1.126,34,2.6,6.3,0.892,no,48.96,22.09,False,-14.23,M3,75.7,BELOW_MEM,175.2,1.929,2.13,marginal,16,16,16,7,4.28,1.169,0.3634,0.3636,0.3634,-0.8474,-0.8753,-0.8186,-0.8524,32.4,33.7,32.43,33.25,28.47,31.09,859.6,215.4,286.4,788.2,/Volumes/HoomHamExt/AIkill_Dynamic/2023-11-16_038RL/d/recon_resplit_xecs.mat
2023-11-17_005DS,xecs,resplit,pass,pass,pass,yes,,1,218,0.62,-13.8,-370.7,356.9,323.7,0.4339,0.2315,0.2923,1.484,0.3398,-451.8,-58.04,33.4,21.44,-11.96,20.1,6.1,4.6,1.04,yes,21.61,0.1706,True,-14.13,M3,51,ON_RBC,218.2,1.179,1.817,marginal,16,16,16,7,5.33,0.244,0.4343,0.4337,0.4343,-0.5556,-0.8662,-0.5777,-0.8488,57.88,18.11,62.78,16.09,3.29,25.49,254.6,-30.87,75.24,173.2,/Volumes/HoomHamExt/AIkill_Dynamic/2023-11-17_005DS/d/recon_resplit_xecs.mat
2023-11-21_039CP,xecs,no_xecs_row,pass,pass,,,session has no usable cal block in the XeCS table,1,218,0.62,-17.57,-367.7,350.1,,,0.2007,,,,-437.8,-55.18,,22.85,,,,,,,22.97,0.1179,True,-13.86,,,,,1.218,,,,,,,,,,,,,,,,,,,,,,,,,,
2023-12-06_003PM,xecs,no_xecs_row,df=177Hz;fRBC=-356Hz(exp0);|sin dphi|=0.02,df=177Hz;fRBC=-356Hz(exp0);|sin dphi|=0.02,,,session has no usable cal block in the XeCS table,1,218,0.62,-356.5,-533.3,176.8,,,0.4304,,,,-1048,-66.69,,-1.255,,,,,,,-27.22,-25.97,False,-7.003,,,,,1.089,,,,,,,,,,,,,,,,,,,,,,,,,,
2023-12-11_040RP,xecs,gated,pass,pass,unstable: dphi moves 11.1 deg when one more sample is dropped,yes,unstable_drop3,1,218,0.62,-1.178,-361.6,360.4,348.6,0.2089,0.1278,0.14,1.492,0.123,180.5,23.42,33.2,38.49,5.292,56.7,7.5,11.1,0.964,no,103.9,65.37,False,-14.27,M3,84.8,ON_RBC,218.1,2.516,,,,,,,,,,,,,,,,,,,,,,,,,,
2023-12-15_003KH,xecs,no_xecs_row,df=3485Hz;fRBC=-357Hz(exp0);|sin dphi|=0.15,df=3485Hz;fRBC=-357Hz(exp0);|sin dphi|=0.15,,,session has no usable cal block in the XeCS table,1,218,0.62,-357.3,-3842,3485,,,1.633,,,,-378.2,-114.5,,171.6,,,,,,,-56.7,131.7,False,-138,,,,,1.099,,,,,,,,,,,,,,,,,,,,,,,,,,
2023-12-19_041WF,xecs,resplit,pass,pass,pass,yes,,1,208,0.62,180,-151.9,331.9,356.8,0.2577,0.1518,0.1527,1.688,0.1876,171.5,20.5,56.4,82.42,26.02,60,2.9,1.3,1.074,yes,94.58,12.16,True,-13.14,M3,69.6,BETWEEN,206.2,2.856,1.201,good,16,16,16,8,4.72,0.338,0.2582,0.2578,0.2582,-0.9355,-0.5485,-0.9433,-0.6116,13.21,1.461,13.2,1.453,47.07,27.17,23.66,685.3,157.1,608.4,/Volumes/HoomHamExt/AIkill_Dynamic/2023-12-19_041WF/d/recon_resplit_xecs.mat
2024-01-16_004DS,xecs,resplit,pass,df=293Hz;fRBC=295Hz(exp176),pass,yes,carrier_ON_MEM,1,208,0.62,294.6,1.253,293.3,285.6,0.3075,0.08225,0.169,1.82,0.1213,306.2,32.34,59.7,90.96,31.26,70.1,11.2,1.1,1.03,yes,97.81,6.853,True,-11.62,M3,57.8,ON_MEM,196.9,1.869,1.158,good,16,16,16,6,5.13,0.09,0.308,0.3073,0.308,-0.8026,-0.377,-0.8139,-0.4475,21.63,11.54,21.68,11.19,39.06,31.66,86.38,270.3,89.99,292.2,/Volumes/HoomHamExt/AIkill_Dynamic/2024-01-16_004DS/d/recon_resplit_xecs.mat
2024-02-19_037GD,xecs,resplit,pass,pass,pass,yes,,1,218,0.62,-35.54,-364.4,328.9,350.2,0.2657,0.1493,0.1708,1.556,0.1842,113.1,13.39,51.5,75.51,24.01,57.3,4.6,1.8,0.99,yes,86.79,11.29,True,-13.02,M3,66.8,ON_RBC,217.8,4.319,1.278,good,16,16,16,6,5.21,0.559,0.2665,0.2658,0.2665,-0.9859,-0.7856,-0.9756,-0.6519,2.798,0.1253,3.189,0.4001,74.51,13.73,-118.4,336.8,50.24,188.6,/Volumes/HoomHamExt/AIkill_Dynamic/2024-02-19_037GD/d/recon_resplit_xecs.mat
2024-02-21_043AS,xecs,resplit,pass,pass,pass,yes,,1,218,0.62,-19.29,-366,346.7,351,0.3199,0.1841,0.2166,1.477,0.2342,-33.42,-4.172,50.9,64.19,13.29,51.4,2.8,1.9,0.993,yes,73.21,9.02,True,-13.73,M3,62.7,ON_RBC,218,13.75,1.289,good,16,16,16,7,5.39,0.34,0.3194,0.3199,0.3194,-0.9976,-0.6696,-0.9975,-0.6499,79.05,0.4433,81.7,0.5686,11.78,6.294,2647,-1751,236.7,741.1,/Volumes/HoomHamExt/AIkill_Dynamic/2024-02-21_043AS/d/recon_resplit_xecs.mat
2024-02-26_029CK,xecs,resplit,pass,pass,pass,yes,,1,218,0.62,-6.064,-363.9,357.9,359.6,0.4821,0.3206,0.2903,1.661,0.3843,-23.5,-3.027,58.4,66.96,8.564,58.9,1.6,1.8,0.963,yes,76.85,9.882,True,-14.17,M3,57.8,ON_RBC,217.9,18.94,1.174,good,16,16,16,7,5.3,0.473,0.4829,0.4822,0.4829,-0.9979,-0.3636,-0.9986,-0.5076,82.22,0.3864,82.18,0.7897,10.88,4.323,4001,-3002,371.9,770,/Volumes/HoomHamExt/AIkill_Dynamic/2024-02-26_029CK/d/recon_resplit_xecs.mat
2024-02-27_009JT,xecs,resplit,pass,pass,pass,yes,unstable_drop3,1,218,0.62,-16.4,-364.5,348.1,345.5,0.3848,0.2165,0.2536,1.517,0.2856,-17.18,-2.153,39,58.4,19.4,52.6,7.3,8.2,0.95,no,75.54,17.14,True,-13.78,M3,55.8,ON_RBC,218.1,26.62,1.589,marginal,16,16,16,6,5.33,0.362,0.3861,0.3849,0.3861,-0.9993,-0.7788,-0.9993,-0.7825,74.89,5.379,73.49,9.562,21.17,19.69,1650,-1367,84.21,218.1,/Volumes/HoomHamExt/AIkill_Dynamic/2024-02-27_009JT/d/recon_resplit_xecs.mat
2024-03-06_030DN,xecs,resplit,pass,pass,pass,yes,unstable_drop3,1,218,0.62,-30.46,-368.2,337.8,355,0.3644,0.2045,0.1973,1.847,0.2398,98.89,12.02,49.5,74.06,24.56,60.3,5.9,7,0.948,no,87.42,13.36,True,-13.38,M3,64.1,ON_RBC,218,4.8,1.315,good,16,16,16,7,5.16,0.608,0.3637,0.3645,0.3637,-0.981,-0.6891,-0.9798,-0.662,5.898,1.589,6.316,2.005,78.77,9.396,-440.1,1002,166.2,456.8,/Volumes/HoomHamExt/AIkill_Dynamic/2024-03-06_030DN/d/recon_resplit_xecs.mat
2024-03-06_030DN_merged,xecs,resplit,pass,pass,pass,yes,unstable_drop3,1,218,0.62,-30.46,-368.2,337.8,355,0.3644,0.2045,0.1973,1.847,0.2398,98.89,12.02,49.5,74.06,24.56,60.3,5.9,7,0.948,no,87.42,13.36,True,-13.38,M3,64.1,ON_RBC,218,4.8,1.315,good,16,16,16,8,5.16,0.606,0.364,0.3645,0.364,-0.9793,-0.6659,-0.98,-0.6709,6.051,1.668,6.825,2.214,78.94,8.742,-387.8,889.9,148.5,408,/Volumes/HoomHamExt/AIkill_Dynamic/2024-03-06_030DN_merged/d/recon_resplit_xecs.mat
2024-03-11_039CP,xecs,resplit,pass,pass,pass,yes,,1,218,0.62,-26.22,-372.2,346,348.4,0.3676,0.2376,0.2486,1.479,0.295,-46.66,-5.812,53.7,63.28,9.585,53.1,2.2,0.5,1.037,yes,71.41,8.127,True,-13.7,M3,60.9,ON_RBC,218.1,9.875,1.241,good,16,16,16,6,5.35,0.408,0.368,0.3674,0.368,-0.9938,-0.5205,-0.995,-0.6014,81.94,2.119,82.01,2.607,9.174,6.777,2572,-1647,278.4,756.5,/Volumes/HoomHamExt/AIkill_Dynamic/2024-03-11_039CP/d/recon_resplit_xecs.mat
2024-03-12_006KL,xecs,resplit,pass,pass,pass,yes,,1,218,0.62,-50.41,-364.3,313.9,333.4,0.2692,0.1662,0.1826,1.474,0.1996,291.7,32.97,45.9,82.18,36.28,66.5,7.6,3.9,0.947,yes,103,20.85,False,-12.43,M3,66.7,ON_RBC,218,1.838,1.393,good,16,16,16,9,4.85,0.998,0.2684,0.2692,0.2684,-0.8215,-0.7228,-0.8449,-0.7088,2.42,3.144,2.46,3.164,77.76,15.42,-181.1,728.8,130.6,486.7,/Volumes/HoomHamExt/AIkill_Dynamic/2024-03-12_006KL/d/recon_resplit_xecs.mat
2024-03-12_044DY,xecs,resplit,pass,pass,pass,yes,,1,218,0.62,-39.73,-366.8,327.1,339.7,0.2653,0.1531,0.1648,1.61,0.1843,42.84,5.045,46.7,67.86,21.16,55.6,3.3,2.3,1.002,yes,78.05,10.19,True,-12.95,M3,69.8,ON_RBC,218,11.37,1.374,good,16,16,16,7,5.38,0.426,0.2654,0.2653,0.2654,-0.996,-0.6596,-0.9964,-0.7,14.66,4.746,15.11,6.492,77.17,12.65,-1646,2507,194.9,734.5,/Volumes/HoomHamExt/AIkill_Dynamic/2024-03-12_044DY/d/recon_resplit_xecs.mat
2024-03-14_038RL,xecs,resplit,pass,pass,pass,yes,,1,218,0.62,-9.051,-359.1,350.1,348.8,0.5158,0.3382,0.2961,1.742,0.399,-110.8,-13.97,53.9,59.33,5.431,53.4,2.6,1.9,0.957,yes,64.17,4.842,True,-13.86,M3,63.8,ON_RBC,217.9,4.144,1.238,good,16,16,16,7,5.25,0.446,0.5151,0.5157,0.5151,-0.9743,-0.6541,-0.9688,-0.5733,67.27,1.786,68.49,1.798,6.893,4.985,2122,-802.7,510.8,991.7,/Volumes/HoomHamExt/AIkill_Dynamic/2024-03-14_038RL/d/recon_resplit_xecs.mat
2024-03-21_032WS,xecs,resplit,pass,pass,pass,yes,,1,218,0.62,-8.902,-356.6,347.7,364.2,0.2835,0.1776,0.1939,1.462,0.2093,105.6,13.21,58.5,78.16,19.66,60.8,4.9,1.6,1.004,yes,90.81,12.65,True,-13.77,M3,65,ON_RBC,217.7,4.375,1.173,good,16,16,16,7,5.19,0.583,0.2834,0.2836,0.2834,-0.9759,-0.5587,-0.9734,-0.5275,3.998,0.447,3.902,0.635,82.82,6.22,-500.4,1304,199.3,703.3,/Volumes/HoomHamExt/AIkill_Dynamic/2024-03-21_032WS/d/recon_resplit_xecs.mat
2024-03-21_036RL,xecs,resplit,pass,pass,pass,yes,,1,218,0.62,-24.72,-352.2,327.4,333.7,0.2781,0.1555,0.1901,1.462,0.1995,-50.53,-5.956,46.9,61.59,14.69,46.6,3.2,2.7,0.984,yes,67.13,5.536,True,-12.97,M3,65.4,ON_RBC,217.9,9.637,1.37,good,16,16,16,6,5.38,0.331,0.2775,0.2781,0.2775,-0.9971,-0.8105,-0.9956,-0.7328,82.28,1.698,83.12,1.243,8.619,10.17,2827,-1768,249.3,898.1,/Volumes/HoomHamExt/AIkill_Dynamic/2024-03-21_036RL/d/recon_resplit_xecs.mat
2024-03-28_010AJ,xecs,resplit,pass,pass,pass,yes,unstable_drop3,1,218,0.62,-17.97,-355.3,337.3,338.1,0.2918,0.2076,0.2918,1,0.2918,-231.5,-28.12,41.2,47.11,5.913,41.2,2.2,3.6,1.51,no,47.18,0.06252,True,-13.36,M2,57.3,ON_RBC,217.3,2.122,1.518,marginal,16,16,16,9,5.35,0.319,0.2923,0.2921,0.2923,-0.8648,-0.7152,-0.8801,-0.7546,77.19,7.975,77.26,7.875,6.388,18.74,727.8,-217.2,129.2,442,/Volumes/HoomHamExt/AIkill_Dynamic/2024-03-28_010AJ/d/recon_resplit_xecs.mat
2024-04-01_008CR,xecs,resplit,pass,pass,pass,yes,unstable_drop3,1,218,0.62,-22.23,-357.8,335.5,296.7,0.3155,0.2183,0.2873,1.098,0.2621,-457.4,-55.25,46,30.11,-15.89,30.3,9.1,5.9,1.087,no,19.65,-10.46,True,-13.29,M3,55.5,ON_RBC,217.8,1.217,1.39,good,16,16,16,8,5.42,0.293,0.3163,0.3153,0.3163,-0.4567,-0.6158,-0.5483,-0.6742,77.1,2.269,74.14,4.149,0.4011,16.18,650.4,-123,150.1,474.7,/Volumes/HoomHamExt/AIkill_Dynamic/2024-04-01_008CR/d/recon_resplit_xecs.mat
2024-04-03_040RP,xecs,resplit,pass,pass,pass,yes,,1,218,0.62,-28.9,-356.8,327.9,359.8,0.2336,0.1424,0.1507,1.55,0.1592,294.7,34.79,56.2,88.47,32.27,73.6,3.3,0.8,1.014,yes,108,19.51,True,-12.99,M3,76,ON_RBC,217.8,1.753,1.203,good,16,16,16,9,4.87,0.938,0.2335,0.2334,0.2335,-0.7911,-0.5194,-0.8377,-0.597,7.454,7.049,9.811,9.438,67.84,21,-103,631.1,111.9,479.4,/Volumes/HoomHamExt/AIkill_Dynamic/2024-04-03_040RP/d/recon_resplit_xecs.mat
2024-04-09_019WR,xecs,resplit,pass,pass,pass,yes,,1,218,0.62,-18.61,-363.6,345,350.1,0.4046,0.2497,0.2491,1.624,0.3005,-64.26,-7.981,48.4,61.76,13.36,52.9,3.6,3.7,0.983,yes,69.02,7.261,True,-13.66,M3,60.6,ON_RBC,217.7,7.202,1.337,good,16,16,16,8,5.33,0.396,0.4039,0.4043,0.4039,-0.9843,-0.5112,-0.9857,-0.5451,81.56,1.301,82.95,1.391,6.926,10.57,1837,-1020,259.8,643.2,/Volumes/HoomHamExt/AIkill_Dynamic/2024-04-09_019WR/d/recon_resplit_xecs.mat
2024-04-22_025VP,xecs,resplit,pass,pass,pass,yes,,1,218,0.62,-21.83,-362.7,340.9,337.7,0.5003,0.3273,0.3026,1.653,0.3836,-153.3,-18.82,47.9,51.85,3.954,47.7,4,1.9,0.985,yes,57.27,5.416,True,-13.5,M3,64.1,ON_RBC,218.1,3.1,1.348,good,16,16,16,7,5.29,0.401,0.5016,0.5003,0.5016,-0.9651,-0.7359,-0.9559,-0.7113,75.77,2.029,74.21,4.549,2.819,12,1529,-497.3,387.1,771.9,/Volumes/HoomHamExt/AIkill_Dynamic/2024-04-22_025VP/d/recon_resplit_xecs.mat
2024-04-25_042DR,xecs,gated,ratio=-0.118,df=277Hz;ratio=-0.118,unstable: dphi moves 31.2 deg when one more sample is dropped,yes,unstable_drop3,1,218,0.62,-92.13,-369,276.8,322.6,0.107,-0.1178,0.107,1,0.107,2761,-84.88,90.2,-58.58,-148.8,90.2,0.4,31.2,2.216,no,-23.09,35.5,False,-10.96,M2,69.1,ON_RBC,217.8,1.004,,,,,,,,,,,,,,,,,,,,,,,,,,
2024-05-02_023DB,xecs,resplit,pass,pass,pass,yes,,1,218,0.62,-22.63,-357.1,334.5,319.4,0.3147,0.1672,0.1831,1.719,0.2538,-140.8,-16.96,55.9,52.24,-3.662,39.8,11.9,1.8,1.2,yes,57.71,5.469,True,-13.25,M3,57.3,ON_RBC,217.9,3.429,1.208,good,16,16,16,7,5.4,0.354,0.3141,0.3146,0.3141,-0.9503,-0.5029,-0.9624,-0.6087,82.02,0.608,81.95,0.4729,2.726,6.674,1197,-426.5,208.3,663,/Volumes/HoomHamExt/AIkill_Dynamic/2024-05-02_023DB/d/recon_resplit_xecs.mat
2024-05-06_043AS,xecs,resplit,pass,pass,pass,yes,,1,218,0.62,-27.43,-360.3,332.9,346.2,0.2504,0.1456,0.179,1.399,0.1843,96.99,11.62,55.9,74.6,18.7,54.2,5.6,0.3,1.05,yes,85.93,11.32,True,-13.18,M3,63.9,ON_RBC,218,4.963,1.208,good,16,16,16,6,5.23,0.503,0.2511,0.2505,0.2511,-0.9748,-0.5184,-0.9809,-0.5724,4.778,0.08594,4.867,0.3719,73.68,10.43,-448.7,1313,190.3,757.6,/Volumes/HoomHamExt/AIkill_Dynamic/2024-05-06_043AS/d/recon_resplit_xecs.mat
2024-05-08_012EB,xecs,resplit,pass,df=293Hz,pass,yes,,1,218,0.62,-68.2,-361.6,293.4,320.7,0.2407,0.1134,0.1696,1.419,0.127,303.9,32.1,55.8,87.97,32.17,73.3,8.7,1,1.002,yes,97.59,9.625,True,-11.62,M3,73,ON_RBC,217.8,1.882,1.209,good,16,16,16,8,4.93,0.942,0.2402,0.2404,0.2402,-0.7957,-0.445,-0.8804,-0.6445,11.75,9.906,10.76,9.262,60.28,21.25,-73.89,564,104.8,436.5,/Volumes/HoomHamExt/AIkill_Dynamic/2024-05-08_012EB/d/recon_resplit_xecs.mat
2024-05-13_002ZS,xecs,resplit,pass,pass,pass,yes,unstable_drop3,1,218,0.62,-32.01,-355.3,323.3,316.7,0.3214,0.1951,0.2136,1.504,0.2434,-114,-13.27,57.8,59.71,1.908,50.7,9.7,1.5,1.239,no,58.88,-0.8231,True,-12.8,M3,63.9,ON_RBC,216.3,4.358,1.182,good,16,16,16,8,5.38,0.396,0.3222,0.3214,0.3222,-0.9666,-0.4393,-0.9725,-0.5148,81.23,2.164,80.34,3.745,5.45,12.67,955.8,-441.6,143.4,445.3,/Volumes/HoomHamExt/AIkill_Dynamic/2024-05-13_002ZS/d/recon_resplit_xecs.mat
2024-05-13_005JJ,xecs,no_xecs_row,pass,df=296Hz,,,session has no usable cal block in the XeCS table,1,218,0.62,-63.78,-359.6,295.8,,,0.1154,,,,330.6,35.2,,75.98,,,,,,,101.2,25.24,False,-11.71,,,,,1.735,,,,,,,,,,,,,,,,,,,,,,,,,,
2024-06-18_003PM,xecs,resplit,pass,pass,pass,yes,,1,218,0.62,-21.95,-361.3,339.3,339.6,0.3189,0.1942,0.2341,1.362,0.228,-40.34,-4.928,54.5,63.05,8.55,55.9,3.2,0,1.029,yes,70.81,7.762,True,-13.44,M3,69.8,ON_RBC,218,11.64,1.228,good,16,16,16,8,5.39,0.38,0.319,0.3189,0.319,-0.9946,-0.4496,-0.9956,-0.5116,81.39,0.8805,81.73,1.193,9.982,8.032,2630,-1757,234.7,735.7,/Volumes/HoomHamExt/AIkill_Dynamic/2024-06-18_003PM/d/recon_resplit_xecs.mat
2024-07-03_044DY,xecs,resplit,pass,pass,pass,yes,,1,218,0.62,-35.69,-364.4,328.7,337.4,0.2869,0.1731,0.1925,1.491,0.2124,-48.22,-5.706,47.5,62.66,15.16,51.6,2.4,0,1.036,yes,67.65,4.993,True,-13.02,M3,69.1,ON_RBC,217.8,10.06,1.356,good,16,16,16,7,5.44,0.321,0.2867,0.2868,0.2867,-0.9968,-0.7801,-0.9958,-0.7208,81.29,1.112,83.33,0.97,9.098,10,3696,-2274,343,1196,/Volumes/HoomHamExt/AIkill_Dynamic/2024-07-03_044DY/d/recon_resplit_xecs.mat
2024-07-29_004DS,xecs,resplit,pass,pass,pass,yes,,1,218,0.62,-27.41,-360.1,332.7,301.6,0.3359,0.2564,0.3098,1.084,0.261,-264.3,-31.65,64.5,49.27,-15.23,48.8,4.6,1.6,1.023,yes,42.6,-6.675,True,-13.17,M3,61.9,ON_RBC,218.1,1.906,1.108,good,16,16,16,5,5.48,0.322,0.3366,0.3359,0.3366,-0.7667,-0.2353,-0.82,-0.3652,71.54,2.499,71.51,2.586,3.67,12.03,584.5,-102.8,142,422,/Volumes/HoomHamExt/AIkill_Dynamic/2024-07-29_004DS/d/recon_resplit_xecs.mat
2024-08-12_013VM,xecs,resplit,pass,pass,pass,yes,,1,218,0.62,-24.93,-367.4,342.5,328.4,0.291,0.146,0.219,1.329,0.1783,-105.7,-13.03,49.6,55.19,5.592,43.9,5.8,3.6,1.002,yes,63.41,8.215,True,-13.56,M3,66.4,ON_RBC,217.9,4.434,1.313,good,16,16,16,7,5.41,0.347,0.2919,0.2913,0.2919,-0.9682,-0.5787,-0.9749,-0.6565,80.26,1.663,77.97,2.524,5.745,15.43,920.1,-414,126.7,434.1,/Volumes/HoomHamExt/AIkill_Dynamic/2024-08-12_013VM/d/recon_resplit_xecs.mat
2024-08-12_013VM_merged,xecs,resplit,pass,pass,pass,yes,,1,218,0.62,-23.06,-368.9,345.8,328.4,0.291,0.1505,0.219,1.329,0.1783,-149.2,-18.57,49.6,53.31,3.708,43.9,5.8,3.6,1.002,yes,58.61,5.307,True,-13.69,M3,66.4,ON_RBC,217.9,3.14,1.313,good,16,16,16,7,5.4,0.354,0.2907,0.2912,0.2907,-0.9314,-0.5583,-0.9498,-0.6582,82.33,1.537,79.75,2.213,3.316,14.11,787.6,-303.9,122.3,420.9,/Volumes/HoomHamExt/AIkill_Dynamic/2024-08-12_013VM_merged/d/recon_resplit_xecs.mat
2024-08-15_006MM,xecs,resplit,fRBC=-270Hz(exp0),fRBC=-270Hz(exp0),pass,yes,carrier_ABOVE_RBC,1,218,0.62,-270,-608.2,338.2,334.7,0.3804,0.2188,0.2425,1.569,0.2858,-195.1,-23.75,42,51.66,9.665,41.8,2.9,3.4,0.994,yes,51.73,0.0694,True,-13.39,M3,62.9,ABOVE_RBC,231.3,2.482,1.494,marginal,16,16,16,9,5.78,0.053,0.3803,0.3803,0.3803,-0.9114,-0.7466,-0.926,-0.7785,72.17,4.744,75.27,5.567,3.522,18.22,754.9,-249,156,410.2,/Volumes/HoomHamExt/AIkill_Dynamic/2024-08-15_006MM/d/recon_resplit_xecs.mat
2024-08-19_015HK,xecs,resplit,pass,pass,pass,yes,,1,218,0.62,-7.417,-359.7,352.3,345.2,0.4735,0.3178,0.32,1.48,0.385,-136.1,-17.26,53.5,55.52,2.017,49.5,2.6,1.8,0.99,yes,61.37,5.849,True,-13.95,M3,58.4,ON_RBC,218,3.371,1.244,good,16,16,16,8,5.28,0.387,0.4736,0.4733,0.4736,-0.9541,-0.598,-0.9456,-0.5136,74.78,0.3167,77.83,0.3561,2.148,2.675,1309,-346.3,348.5,735.8,/Volumes/HoomHamExt/AIkill_Dynamic/2024-08-19_015HK/d/recon_resplit_xecs.mat
2024-08-21_044DY,xecs,resplit,pass,pass,pass,yes,,1,218,0.62,-25.94,-357.6,331.6,337.2,0.317,0.2045,0.2159,1.468,0.2448,-64.48,-7.698,48.6,60.65,12.05,52.4,7.1,1,1.02,yes,66.32,5.666,True,-13.13,M3,69.8,ON_RBC,217.6,7.466,1.333,good,16,16,16,7,5.4,0.34,0.316,0.317,0.316,-0.9894,-0.614,-0.9904,-0.642,77.61,6.022,80.38,6.037,13.12,10.43,2523,-1373,301.9,955.3,/Volumes/HoomHamExt/AIkill_Dynamic/2024-08-21_044DY/d/recon_resplit_xecs.mat
2024-08-23_016PG,xecs,resplit,pass,pass,pass,yes,,1,218,0.62,-2.369,-356.2,353.8,341.4,0.7891,0.584,0.4914,1.606,0.682,-206.3,-26.28,53.1,49.43,-3.666,47.8,2.2,1.8,1.04,yes,52.7,3.267,True,-14.01,M3,51.3,ON_RBC,217.8,2.259,1.25,good,16,16,16,6,5.08,0.462,0.7892,0.7893,0.7892,-0.8994,-0.6128,-0.9018,-0.6195,65.49,0.7049,66.9,1.108,0.7198,2.168,478.9,-58.36,210.4,266.5,/Volumes/HoomHamExt/AIkill_Dynamic/2024-08-23_016PG/d/recon_resplit_xecs.mat
2024-08-30_014KS,xecs,resplit,pass,pass,pass,yes,,1,218,0.62,-30.85,-360.4,329.5,322.1,0.4764,0.3379,0.3582,1.33,0.4197,-304,-36.07,38.5,38.38,-0.1181,36,2.1,1.3,1.017,yes,37.48,-0.8977,True,-13.05,M3,59.2,ON_RBC,217.9,1.699,1.606,marginal,16,16,16,8,5.36,0.249,0.4756,0.4761,0.4756,-0.8277,-0.7965,-0.8256,-0.794,78.4,1.043,78.91,1.049,0.1199,5.201,1824,-262.2,548.8,1154,/Volumes/HoomHamExt/AIkill_Dynamic/2024-08-30_014KS/d/recon_resplit_xecs.mat
2024-09-03_041WF,xecs,resplit,pass,pass,pass,yes,,1,218,0.62,0.243,-355.3,355.5,359.3,0.3759,0.254,0.2356,1.595,0.3061,-2.992,-0.383,58.3,69.08,10.78,58.5,1.9,2.2,0.996,yes,78.97,9.896,True,-14.08,M3,61,ON_RBC,217.8,149.6,1.175,good,16,8,16,7,5.3,0.431,0.3767,0.3758,0.3767,-1,-0.5931,-1,-0.4833,85.05,1.241,85.11,2.227,14.27,4.587,2.424e+04,-2.333e+04,280.8,745.4,/Volumes/HoomHamExt/AIkill_Dynamic/2024-09-03_041WF/d/recon_resplit_xecs.mat
2024-09-09_043AS,xecs,resplit,pass,pass,pass,yes,,1,218,0.62,-22.83,-358.7,335.8,347.1,0.2687,0.1582,0.1929,1.393,0.1922,43.35,5.241,55.5,71.55,16.05,56,3.7,0.7,1.037,yes,80.2,8.65,True,-13.3,M3,71.3,ON_RBC,218,10.95,1.213,good,16,16,16,7,5.31,0.44,0.2685,0.2688,0.2685,-0.9951,-0.5181,-0.9957,-0.557,11.78,0.7819,10.77,0.7003,79.14,8.176,-1790,2846,246.3,917.2,/Volumes/HoomHamExt/AIkill_Dynamic/2024-09-09_043AS/d/recon_resplit_xecs.mat
2024-09-10_008TP,xecs,resplit,pass,pass,pass,yes,,1,218,0.62,-15.38,-359.1,343.7,336.1,0.445,0.3106,0.3329,1.337,0.3577,-177,-21.9,53.1,52.42,-0.6819,48.4,1.6,1.1,1.011,yes,54.82,2.402,True,-13.61,M3,65.4,ON_RBC,217.8,2.681,1.25,good,16,16,16,7,5.35,0.362,0.445,0.445,0.445,-0.8797,-0.4249,-0.9316,-0.6139,76.96,0.2957,77.69,0.5355,1.253,3.312,1433,-321.7,385.7,866.9,/Volumes/HoomHamExt/AIkill_Dynamic/2024-09-10_008TP/d/recon_resplit_xecs.mat
2024-09-10_045VS,xecs,resplit,pass,pass,pass,yes,,1,218,0.62,-9.273,-359.2,350,357.6,0.3933,0.2934,0.2635,1.493,0.3328,-45.44,-5.725,54.3,64.35,10.05,58.8,2.8,1.5,0.957,yes,72.39,8.034,True,-13.86,M3,67.8,ON_RBC,217.8,10.02,1.231,good,16,16,16,6,5.29,0.459,0.3924,0.3931,0.3924,-0.9942,-0.5334,-0.9942,-0.5299,87.39,0.9308,88.03,1.381,7.308,4.518,6202,-4226,630.9,1608,/Volumes/HoomHamExt/AIkill_Dynamic/2024-09-10_045VS/d/recon_resplit_xecs.mat
2024-09-24_039CP,xecs,resplit,pass,pass,pass,yes,,1,218,0.62,-68.2,-413.8,345.5,346.7,0.3868,0.2582,0.2562,1.51,0.3186,-61.24,-7.618,53.3,62.35,9.054,53.1,2.7,1.6,0.996,yes,69.51,7.155,True,-13.68,M3,61.1,ON_RBC,220.4,7.543,1.247,good,16,16,16,7,5.39,0.388,0.3871,0.3864,0.3871,-0.9913,-0.5966,-0.9901,-0.5592,84.82,0.3865,84.26,0.6678,4.891,5.449,2523,-1421,344.8,890.6,/Volumes/HoomHamExt/AIkill_Dynamic/2024-09-24_039CP/d/recon_resplit_xecs.mat
2024-09-24_046AA,xecs,resplit,pass,pass,pass,yes,,1,218,0.62,0.6925,-353,353.7,359.6,0.3111,0.2045,0.2066,1.506,0.2467,-62.26,-7.928,53.5,65.27,11.77,54.6,4.5,0.4,1.058,yes,71.02,5.748,True,-14.01,M3,67.2,ON_RBC,216.7,7.25,1.244,good,16,16,16,7,5.38,0.362,0.3107,0.3109,0.3107,-0.9917,-0.6427,-0.9905,-0.5843,80.26,0.6953,81.52,0.8735,6.83,11.91,1726,-918.8,212,682.3,/Volumes/HoomHamExt/AIkill_Dynamic/2024-09-24_046AA/d/recon_resplit_xecs.mat
2024-09-25_017ED,xecs,no_xecs_row,pass,pass,,,session has no usable cal block in the XeCS table,1,218,0.62,5.595,-355.5,361.1,,,0.276,,,,24.18,3.144,,57.67,,,,,,,83.74,26.07,False,-14.3,,,,,18.23,,,,,,,,,,,,,,,,,,,,,,,,,,
2024-09-26_009ML,xecs,resplit,pass,pass,pass,yes,,1,218,0.62,-20.4,-354.6,334.2,333.9,0.3873,0.2497,0.2664,1.454,0.3115,-100.2,-12.06,50.4,57.96,7.56,49,1.6,0.9,1.006,yes,62.54,4.581,True,-13.24,M3,61.9,ON_RBC,217.9,4.787,1.298,good,16,16,16,7,5.36,0.33,0.3881,0.3875,0.3881,-0.9697,-0.5272,-0.9769,-0.6269,78.91,0.3565,83.39,0.4739,3.368,3.804,2264,-777.5,457.6,1179,/Volumes/HoomHamExt/AIkill_Dynamic/2024-09-26_009ML/d/recon_resplit_xecs.mat
2024-09-27_036RL,xecs,resplit,pass,pass,pass,yes,,1,218,0.62,-34.63,-349.5,314.9,331,0.2302,0.1128,0.1561,1.474,0.1484,78.52,8.901,49.5,73.54,24.04,50.8,5.5,2.1,1.023,yes,79.19,5.649,True,-12.47,M3,68.7,ON_RBC,217.6,6.463,1.315,good,16,16,16,6,5.27,0.472,0.2296,0.2301,0.2296,-0.9902,-0.7112,-0.9878,-0.652,7.04,0.9006,6.858,1.315,80.2,13.42,-744.1,1503,153.4,668.3,/Volumes/HoomHamExt/AIkill_Dynamic/2024-09-27_036RL/d/recon_resplit_xecs.mat
2024-10-02_011CN,xecs,resplit,pass,pass,pass,yes,,1,218,0.62,-15.2,-364.5,349.3,343.4,0.3968,0.2507,0.2787,1.424,0.283,-73.63,-9.258,55.8,61.09,5.287,55.2,5,2.7,1.013,yes,68.7,7.614,True,-13.83,M3,67,ON_RBC,217.7,6.216,1.209,good,16,16,16,8,5.34,0.455,0.397,0.3966,0.397,-0.9901,-0.6379,-0.9884,-0.585,79.46,3.341,77.98,4.008,9.113,9.233,1137,-637.9,162.2,408.4,/Volumes/HoomHamExt/AIkill_Dynamic/2024-10-02_011CN/d/recon_resplit_xecs.mat
2024-10-02_018CS,xecs,resplit,pass,pass,pass,yes,unstable_drop3,1,218,0.62,-28.22,-362,333.8,317.5,0.5754,0.3445,0.3698,1.556,0.3971,-181.2,-21.78,46.6,52.93,6.327,47.8,9,4.9,1.422,no,52.73,-0.1943,True,-13.22,M3,42.4,ON_RBC,217.7,2.696,1.376,good,16,16,16,7,5.25,0.416,0.5751,0.5757,0.5751,-0.8679,-0.4529,-0.9312,-0.7283,74.15,3.345,72.33,6.568,3.111,8.931,482.7,-147.6,138.2,240.3,/Volumes/HoomHamExt/AIkill_Dynamic/2024-10-02_018CS/d/recon_resplit_xecs.mat
2024-10-08_009JT,xecs,resplit,pass,pass,pass,yes,unstable_drop3,1,218,0.62,-9.644,-365.8,356.2,328.9,0.3761,0.2009,0.2654,1.417,0.2354,-93.3,-11.96,57.7,53.89,-3.81,49.8,8.1,6.7,1.066,no,67.54,13.65,True,-14.1,M3,65.1,ON_RBC,218,4.824,1.183,good,16,16,16,8,5.34,0.481,0.3755,0.3761,0.3755,-0.9777,-0.5459,-0.9771,-0.5161,77.46,4.52,74.35,6.156,11.26,15.74,560.2,-299.4,82.94,220.9,/Volumes/HoomHamExt/AIkill_Dynamic/2024-10-08_009JT/d/recon_resplit_xecs.mat
2024-10-10_019LR,xecs,resplit,pass,pass,pass,yes,,1,218,0.62,-35.55,-373.8,338.2,322.2,0.3614,0.2034,0.3015,1.198,0.2403,-251.5,-30.62,46.1,46.45,0.3495,40.5,5.7,1.5,1.029,yes,44.87,-1.577,True,-13.39,M3,70.6,ON_RBC,217.7,1.963,1.388,good,16,16,16,10,5.42,0.345,0.3617,0.3614,0.3617,-0.8294,-0.5127,-0.8307,-0.6274,75.85,5.662,74.89,7.837,4.109,12.8,717,-209.1,155,428.5,/Volumes/HoomHamExt/AIkill_Dynamic/2024-10-10_019LR/d/recon_resplit_xecs.mat
2024-10-16_020JS,xecs,resplit,pass,pass,pass,yes,unstable_drop3,1,218,0.62,-25.42,-363.8,338.4,348.2,0.2383,0.191,0.2383,1,0.2383,96.25,11.73,57.7,68.3,10.6,57.7,4.9,5.9,1.538,no,87.26,18.96,True,-13.4,M2,60.5,ON_RBC,217.8,4.921,1.183,good,16,16,16,6,5.12,0.58,0.2386,0.2383,0.2386,-0.9746,-0.461,-0.975,-0.4617,14.4,6.437,16.01,6.963,72.89,26.6,-302.2,627.7,70.32,294.7,/Volumes/HoomHamExt/AIkill_Dynamic/2024-10-16_020JS/d/recon_resplit_xecs.mat
2024-10-16_047SS,xecs,resplit,pass,pass,pass,yes,,1,218,0.62,-30.46,-348.5,318,314.7,0.3231,0.1716,0.2462,1.312,0.2387,18.23,2.087,55.3,67.38,12.08,49,11,3.3,1.003,yes,73.06,5.686,True,-12.59,M3,61.3,ON_RBC,217.9,27.46,1.216,good,16,16,16,9,5.35,0.457,0.3225,0.3228,0.3225,-0.9994,-0.6043,-0.9992,-0.4971,14.92,1.053,16.62,1.426,81.53,11.68,-2356,2785,116.7,361.9,/Volumes/HoomHamExt/AIkill_Dynamic/2024-10-16_047SS/d/recon_resplit_xecs.mat
2024-10-17_048JJ,xecs,resplit,pass,pass,pass,yes,,1,218,0.62,-27.5,-368.8,341.3,343,0.3909,0.2276,0.2328,1.679,0.2958,-49.4,-6.07,49.1,63.45,14.35,51,3.5,2.1,1.034,yes,70.12,6.665,True,-13.52,M3,59.1,ON_RBC,217.4,9.457,1.323,good,16,16,16,8,5.36,0.397,0.3903,0.3907,0.3903,-0.9967,-0.7798,-0.9944,-0.6472,80.25,1.929,80.01,3.253,10.7,7.765,1675,-1051,193.5,495.7,/Volumes/HoomHamExt/AIkill_Dynamic/2024-10-17_048JJ/d/recon_resplit_xecs.mat
2024-10-22_021CH,xecs,resplit,pass,pass,pass,yes,,1,218,0.62,-4.593,-356.9,352.3,334.8,0.504,0.331,0.3932,1.282,0.3996,-107.9,-13.68,61.1,58.14,-2.964,52.5,7.6,1.8,1.02,yes,64.95,6.811,True,-13.95,M3,59.1,ON_RBC,217.9,4.227,1.142,good,16,16,16,9,5.22,0.536,0.5038,0.5039,0.5038,-0.9594,-0.3598,-0.9771,-0.5772,78.62,2.637,75.14,3.427,6.833,6.454,796.4,-370.6,170,337.4,/Volumes/HoomHamExt/AIkill_Dynamic/2024-10-22_021CH/d/recon_resplit_xecs.mat
2024-10-23_047SS,xecs,gated,pass,df=291Hz,unstable: dphi moves 18.5 deg when one more sample is dropped,yes,unstable_drop3,1,218,0.62,-45.49,-336.4,290.9,341.8,0.1759,0.244,0.133,1.323,0.2778,276,28.91,68.1,73.53,5.43,88.1,11,18.5,0.756,no,93.84,20.31,False,-11.52,M3,33.4,ON_RBC,217.8,2.069,,,,,,,,,,,,,,,,,,,,,,,,,,
2024-10-28_022VT,xecs,resplit,pass,pass,pass,yes,,1,218,0.62,-38.64,-378.6,340,334.5,0.3228,0.1802,0.2459,1.313,0.2167,-37.01,-4.53,48.8,59.67,10.87,52.6,10,3,1.037,yes,71.36,11.69,True,-13.46,M3,62.8,ON_RBC,218.1,12.66,1.329,good,16,16,16,10,5.35,0.459,0.322,0.3227,0.322,-0.9962,-0.6101,-0.9966,-0.6382,74.14,10.24,70.22,11.5,21.06,24.72,859.2,-670.5,51.59,160.2,/Volumes/HoomHamExt/AIkill_Dynamic/2024-10-28_022VT/d/recon_resplit_xecs.mat
2024-10-29_049WG,xecs,resplit,pass,pass,pass,yes,,1,218,0.62,-16.37,-355.4,339,345,0.4152,0.2782,0.2676,1.551,0.332,-63.33,-7.73,55.3,63.93,8.633,54,6.4,1,1.05,yes,67.94,4.01,True,-13.43,M3,59.7,ON_RBC,217.7,7.434,1.216,good,16,16,16,8,5.32,0.429,0.4152,0.4152,0.4152,-0.9936,-0.6751,-0.9913,-0.5732,76.92,1.998,77.49,2.25,10.13,10.23,871.9,-486.3,128,308.4,/Volumes/HoomHamExt/AIkill_Dynamic/2024-10-29_049WG/d/recon_resplit_xecs.mat
2024-11-05_023LL,xecs,resplit,pass,pass,pass,yes,,1,218,0.62,-18.66,-356,337.4,322.2,0.4779,0.2507,0.3173,1.506,0.3503,-143.9,-17.47,49.5,53.65,4.15,45.9,5.7,0,1.108,yes,57.82,4.174,True,-13.36,M3,56,ON_RBC,217.9,3.33,1.315,good,16,16,16,9,5.29,0.428,0.4779,0.4784,0.4779,-0.9312,-0.5175,-0.9446,-0.5654,83.42,3.446,82.98,3.762,4.742,8.803,964.9,-362.9,220.8,462,/Volumes/HoomHamExt/AIkill_Dynamic/2024-11-05_023LL/d/recon_resplit_xecs.mat
2024-11-13_025JC,xecs,resplit,pass,pass,pass,yes,,1,218,0.62,-16.06,-354.9,338.8,304.5,1.348,0.9299,0.7291,1.849,1.029,-224.4,-27.37,51.5,45.85,-5.647,46.2,2,1.8,0.956,yes,48.26,2.403,True,-13.42,M3,42.1,ON_RBC,218,2.175,1.278,good,16,16,16,7,5.01,0.535,1.347,1.349,1.347,-0.8294,-0.4756,-0.8803,-0.5877,60.57,1.073,62.27,1.71,0.2769,0.269,1316,-98.71,781.1,579.7,/Volumes/HoomHamExt/AIkill_Dynamic/2024-11-13_025JC/d/recon_resplit_xecs.mat
2024-11-18_026CH,xecs,resplit,pass,pass,pass,yes,,1,218,0.62,-45.97,-369.9,323.9,301.2,0.328,0.1452,0.2353,1.394,0.1655,-122.2,-14.25,63.3,57.05,-6.251,48.5,10.7,1.5,0.968,yes,58.05,0.9997,True,-12.83,M3,76.1,ON_RBC,218.1,4.062,1.119,good,16,16,16,7,5.57,0.394,0.3274,0.3279,0.3274,-0.9776,-0.5679,-0.9727,-0.4966,71.64,4.469,71.74,5.292,12.68,16.2,640.8,-275.6,105,320.8,/Volumes/HoomHamExt/AIkill_Dynamic/2024-11-18_026CH/d/recon_resplit_xecs.mat
2024-11-26_050EH,xecs,resplit,pass,pass,pass,yes,,1,218,0.62,-11.76,-355.2,343.5,350.7,0.3176,0.1993,0.2229,1.425,0.2553,-4.267,-0.5276,47.7,67.41,19.71,53.9,7.4,4.1,1.042,yes,76.14,8.723,True,-13.6,M3,58,ON_RBC,217,108.6,1.352,good,16,13,16,7,5.37,0.367,0.3182,0.3173,0.3182,-0.9999,-0.5257,-1,-0.6793,80.4,3.858,78.25,5.029,18.7,13.06,1.019e+04,-9684,131.1,412.1,/Volumes/HoomHamExt/AIkill_Dynamic/2024-11-26_050EH/d/recon_resplit_xecs.mat
2024-12-05_043AS,xecs,resplit,pass,pass,pass,yes,unstable_drop3,1,218,0.62,-15.69,-362.7,347,356,0.154,0.1187,0.154,1,0.154,-5695,8.638,59.4,73.89,14.49,59.4,2.9,0.3,1.932,no,86.08,12.19,True,-13.74,M2,55.5,ON_RBC,217.9,6.659,1.162,good,16,16,16,7,5.86,6.168,0.1545,0.1539,0.1545,-0.9914,-0.6097,-0.9913,-0.5602,7.635,0.5917,7.517,0.6177,79.86,23.47,-599.3,1108,74.4,481.6,/Volumes/HoomHamExt/AIkill_Dynamic/2024-12-05_043AS/d/recon_resplit_xecs.mat
2024-12-06_051VM,xecs,resplit,pass,pass,pass,yes,unstable_drop3,1,218,0.62,-23.6,-369.9,346.3,350.1,0.164,0.1449,0.164,1,0.164,-57.46,-7.163,47.6,54.76,7.162,47.6,4.2,2.7,1.428,no,70.13,15.37,True,-13.71,M2,71.3,ON_RBC,218,8.02,1.354,good,16,16,16,8,5.39,0.318,0.1647,0.1637,0.1647,-0.9941,-0.7436,-0.9942,-0.7415,71.31,7.51,70.77,8.926,19.97,36.79,501.8,-322.4,27.45,166.7,/Volumes/HoomHamExt/AIkill_Dynamic/2024-12-06_051VM/d/recon_resplit_xecs.mat
2024-12-09_027JC,xecs,resplit,pass,pass,pass,yes,,1,218,0.62,-19.42,-356.4,337,331.9,0.3669,0.1858,0.2878,1.275,0.2479,-119.3,-14.47,50.3,63.51,13.21,47.9,,0.8,1.043,yes,60.74,-2.777,True,-13.34,M3,47.6,ON_RBC,218.1,4.001,1.3,good,16,16,16,9,5.37,0.407,0.3678,0.3666,0.3678,-0.9651,-0.6164,-0.9684,-0.6412,75.49,4.89,73.14,7.029,9.257,17.65,504.9,-226.9,84.4,229.5,/Volumes/HoomHamExt/AIkill_Dynamic/2024-12-09_027JC/d/recon_resplit_xecs.mat
