key,year,carrier,carrier_ppm,status,xecs_stable,atlas_set,TE_us,t_k0_us,df_hz,phi_k0_deg,dphi_rep_sd,phi_at_TE_deg,TE90_us,TE90_sd_us,dTE_us,F_lump,ratio_scalar,snr_diss
2023-01-31_000LL,2023,ON_RBC,218.1,resplit,yes,yes,600.0,610.0,346.7,34.5,3.0,33.3,1054.7,24.0,454.7,1.8,0.4,55.4
2023-04-18_021JM,2023,ON_RBC,217.9,gated,no,no,600.0,610.0,344.5,25.4,6.8,24.2,1130.9,54.8,530.9,2.0,0.3,41.0
2023-04-26_023DB,2023,ON_RBC,217.9,gated,no,no,600.0,610.0,355.8,29.0,2.6,27.7,1086.2,20.3,486.2,1.0,0.2,44.6
2023-05-02_011BA,2023,ON_RBC,218.1,resplit,yes,yes,600.0,610.0,342.6,40.4,4.9,39.2,1012.2,39.7,412.2,1.6,0.2,53.0
2023-05-02_012SR,2023,ON_RBC,218.1,resplit,yes,yes,600.0,610.0,355.8,33.9,7.8,32.6,1048.0,60.9,448.0,1.8,0.2,62.9
2023-05-15_035EK,2023,ON_RBC,218.3,resplit,yes,yes,600.0,610.0,332.9,33.8,7.0,32.6,1078.9,58.4,478.9,1.4,0.3,56.3
2023-05-18_000SV,2023,ON_RBC,218.0,resplit,yes,yes,600.0,610.0,335.4,32.5,5.9,31.3,1086.2,48.9,486.2,1.6,0.2,59.2
2023-09-25_032WS,2023,ON_RBC,218.1,resplit,yes,yes,600.0,610.0,369.5,41.4,6.0,40.1,975.4,45.1,375.4,1.5,0.2,70.2
2023-10-27_000LL,2023,BETWEEN,214.4,resplit,yes,no,600.0,610.0,350.0,33.3,2.0,32.0,1060.0,15.9,460.0,1.5,0.5,52.7
2023-11-02_036RL,2023,ON_RBC,218.0,resplit,yes,yes,600.0,610.0,330.7,33.6,,32.4,1083.7,,483.7,1.5,0.2,55.1
2023-11-13_037GD,2023,ON_RBC,218.1,gated,no,no,600.0,610.0,381.5,12.7,31.0,11.3,1172.8,225.7,572.8,1.5,0.2,58.2
2023-11-16_038RL,2023,BELOW_MEM,175.2,resplit,no,no,600.0,610.0,342.9,28.0,2.6,26.8,1112.3,21.1,512.3,1.6,0.2,75.7
2023-11-17_005DS,2023,ON_RBC,218.2,resplit,yes,yes,600.0,610.0,323.7,33.4,6.1,32.2,1095.7,52.3,495.7,1.5,0.3,51.0
2023-12-11_040RP,2023,ON_RBC,218.1,gated,no,no,600.0,610.0,348.6,33.2,7.5,31.9,1062.6,59.8,462.6,1.5,0.1,84.8
2023-12-19_041WF,2023,BETWEEN,206.2,resplit,yes,no,600.0,610.0,356.8,56.4,2.9,55.1,871.6,22.6,271.6,1.7,0.2,69.6
2024-01-16_004DS,2024,ON_MEM,196.9,resplit,yes,no,600.0,610.0,285.6,59.7,11.2,58.7,904.7,108.9,304.7,1.8,0.2,57.8
2024-02-19_037GD,2024,ON_RBC,217.8,resplit,yes,yes,620.0,630.0,350.2,51.5,4.6,50.2,935.4,36.5,315.4,1.6,0.2,66.8
2024-02-21_043AS,2024,ON_RBC,218.0,resplit,yes,yes,620.0,630.0,351.0,50.9,2.8,49.6,939.4,22.2,319.4,1.5,0.2,62.7
2024-02-26_029CK,2024,ON_RBC,217.9,resplit,yes,yes,620.0,630.0,359.6,58.4,1.6,57.1,874.1,12.4,254.1,1.7,0.3,57.8
2024-02-27_009JT,2024,ON_RBC,218.1,resplit,no,yes,620.0,630.0,345.5,39.0,7.3,37.8,1040.0,58.7,420.0,1.5,0.3,55.8
2024-03-06_030DN,2024,ON_RBC,218.0,resplit,no,yes,620.0,630.0,355.0,49.5,5.9,48.2,946.9,46.2,326.9,1.8,0.2,64.1
2024-03-11_039CP,2024,ON_RBC,218.1,resplit,yes,yes,620.0,630.0,348.4,53.7,2.2,52.4,919.4,17.5,299.4,1.5,0.2,60.9
2024-03-12_006KL,2024,ON_RBC,218.0,resplit,yes,yes,620.0,630.0,333.4,45.9,7.6,44.7,997.4,63.3,377.4,1.5,0.2,66.7
2024-03-12_044DY,2024,ON_RBC,218.0,resplit,yes,yes,620.0,630.0,339.7,46.7,3.3,45.5,984.1,27.0,364.1,1.6,0.2,69.8
2024-03-14_038RL,2024,ON_RBC,217.9,resplit,yes,yes,620.0,630.0,348.8,53.9,2.6,52.6,917.5,20.7,297.5,1.7,0.3,63.8
2024-03-21_032WS,2024,ON_RBC,217.7,resplit,yes,yes,620.0,630.0,364.2,58.5,4.9,57.2,870.3,37.4,250.3,1.5,0.2,65.0
2024-03-21_036RL,2024,ON_RBC,217.9,resplit,yes,yes,620.0,630.0,333.7,46.9,3.2,45.7,988.8,26.6,368.8,1.5,0.2,65.4
2024-03-28_010AJ,2024,ON_RBC,217.3,resplit,no,yes,620.0,630.0,338.1,41.2,2.2,40.0,1030.9,18.1,410.9,1.0,0.3,57.3
2024-04-01_008CR,2024,ON_RBC,217.8,resplit,no,yes,620.0,630.0,296.7,46.0,9.1,44.9,1041.9,85.2,421.9,1.1,0.3,55.5
2024-04-03_040RP,2024,ON_RBC,217.8,resplit,yes,yes,620.0,630.0,359.8,56.2,3.3,54.9,890.9,25.5,270.9,1.6,0.2,76.0
2024-04-09_019WR,2024,ON_RBC,217.7,resplit,yes,yes,620.0,630.0,350.1,48.4,3.6,47.1,960.1,28.6,340.1,1.6,0.2,60.6
2024-04-22_025VP,2024,ON_RBC,218.1,resplit,yes,yes,620.0,630.0,337.7,47.9,4.0,46.7,976.3,32.9,356.3,1.7,0.3,64.1
2024-04-25_042DR,2024,ON_RBC,217.8,gated,no,no,620.0,630.0,322.6,90.2,0.4,89.0,628.3,3.4,8.3,1.0,0.1,69.1
2024-05-02_023DB,2024,ON_RBC,217.9,resplit,yes,yes,620.0,630.0,319.4,55.9,11.9,54.8,926.6,103.5,306.6,1.7,0.2,57.3
2024-05-06_043AS,2024,ON_RBC,218.0,resplit,yes,yes,620.0,630.0,346.2,55.9,5.6,54.7,903.6,44.9,283.6,1.4,0.2,63.9
2024-05-08_012EB,2024,ON_RBC,217.8,resplit,yes,yes,620.0,630.0,320.7,55.8,8.7,54.6,926.2,75.4,306.2,1.4,0.2,73.0
2024-05-13_002ZS,2024,ON_RBC,216.3,resplit,no,yes,620.0,630.0,316.7,57.8,9.7,56.7,912.4,85.1,292.4,1.5,0.2,63.9
2024-06-18_003PM,2024,ON_RBC,218.0,resplit,yes,yes,620.0,630.0,339.6,54.5,3.2,53.3,920.4,26.2,300.4,1.4,0.2,69.8
2024-07-03_044DY,2024,ON_RBC,217.8,resplit,yes,yes,620.0,630.0,337.4,47.5,2.4,46.3,979.9,19.8,359.9,1.5,0.2,69.1
2024-07-29_004DS,2024,ON_RBC,218.1,resplit,yes,yes,620.0,630.0,301.6,64.5,4.6,63.4,864.9,42.4,244.9,1.1,0.3,61.9
2024-08-12_013VM,2024,ON_RBC,217.9,resplit,yes,yes,620.0,630.0,328.4,49.6,5.8,48.4,971.7,49.1,351.7,1.3,0.2,66.4
2024-08-15_006MM,2024,ABOVE_RBC,231.3,resplit,yes,no,620.0,630.0,334.7,42.0,2.9,40.8,1028.4,24.1,408.4,1.6,0.2,62.9
2024-08-19_015HK,2024,ON_RBC,218.0,resplit,yes,yes,620.0,630.0,345.2,53.5,2.6,52.3,923.7,20.9,303.7,1.5,0.3,58.4
2024-08-21_044DY,2024,ON_RBC,217.6,resplit,yes,yes,620.0,630.0,337.2,48.6,7.1,47.4,971.0,58.5,351.0,1.5,0.2,69.8
2024-08-23_016PG,2024,ON_RBC,217.8,resplit,yes,yes,620.0,630.0,341.4,53.1,2.2,51.9,930.2,17.9,310.2,1.6,0.5,51.3
2024-08-30_014KS,2024,ON_RBC,217.9,resplit,yes,yes,620.0,630.0,322.1,38.5,2.1,37.3,1074.1,18.1,454.1,1.3,0.4,59.2
2024-09-03_041WF,2024,ON_RBC,217.8,resplit,yes,yes,620.0,630.0,359.3,58.3,1.9,57.0,875.1,14.7,255.1,1.6,0.2,61.0
2024-09-09_043AS,2024,ON_RBC,218.0,resplit,yes,yes,620.0,630.0,347.1,55.5,3.7,54.3,906.1,29.6,286.1,1.4,0.2,71.3
2024-09-10_008TP,2024,ON_RBC,217.8,resplit,yes,yes,620.0,630.0,336.1,53.1,1.6,51.9,935.0,13.2,315.0,1.3,0.3,65.4
2024-09-10_045VS,2024,ON_RBC,217.8,resplit,yes,yes,620.0,630.0,357.6,54.3,2.8,53.0,907.3,21.7,287.3,1.5,0.3,67.8
2024-09-24_039CP,2024,ON_RBC,220.4,resplit,yes,yes,620.0,630.0,346.7,53.3,2.7,52.1,924.0,21.6,304.0,1.5,0.3,61.1
2024-09-24_046AA,2024,ON_RBC,216.7,resplit,yes,yes,620.0,630.0,359.6,53.5,4.5,52.2,911.9,34.8,291.9,1.5,0.2,67.2
2024-09-26_009ML,2024,ON_RBC,217.9,resplit,yes,yes,620.0,630.0,333.9,50.4,1.6,49.2,959.4,13.3,339.4,1.5,0.3,61.9
2024-09-27_036RL,2024,ON_RBC,217.6,resplit,yes,yes,620.0,630.0,331.0,49.5,5.5,48.3,969.9,46.2,349.9,1.5,0.2,68.7
2024-10-02_011CN,2024,ON_RBC,217.7,resplit,yes,yes,620.0,630.0,343.4,55.8,5.0,54.6,906.6,40.4,286.6,1.4,0.3,67.0
2024-10-02_018CS,2024,ON_RBC,217.7,resplit,no,yes,620.0,630.0,317.5,46.6,9.0,45.5,1009.7,78.7,389.7,1.6,0.4,42.4
2024-10-08_009JT,2024,ON_RBC,218.0,resplit,no,yes,620.0,630.0,328.9,57.7,8.1,56.5,902.8,68.4,282.8,1.4,0.3,65.1
2024-10-10_019LR,2024,ON_RBC,217.7,resplit,yes,yes,620.0,630.0,322.2,46.1,5.7,44.9,1008.5,49.1,388.5,1.2,0.3,70.6
2024-10-16_020JS,2024,ON_RBC,217.8,resplit,no,yes,620.0,630.0,348.2,57.7,4.9,56.4,887.7,39.1,267.7,1.0,0.2,60.5
2024-10-16_047SS,2024,ON_RBC,217.9,resplit,yes,yes,620.0,630.0,314.7,55.3,11.0,54.2,936.3,97.1,316.3,1.3,0.2,61.3
2024-10-17_048JJ,2024,ON_RBC,217.4,resplit,yes,yes,620.0,630.0,343.0,49.1,3.5,47.9,961.2,28.3,341.2,1.7,0.2,59.1
2024-10-22_021CH,2024,ON_RBC,217.9,resplit,yes,yes,620.0,630.0,334.8,61.1,7.6,59.9,869.8,63.1,249.8,1.3,0.4,59.1
2024-10-23_047SS,2024,ON_RBC,217.8,gated,no,no,620.0,630.0,341.8,68.1,11.0,66.9,808.0,89.4,188.0,1.3,0.1,33.4
2024-10-28_022VT,2024,ON_RBC,218.1,resplit,yes,yes,620.0,630.0,334.5,48.8,10.0,47.6,972.1,83.0,352.1,1.3,0.2,62.8
2024-10-29_049WG,2024,ON_RBC,217.7,resplit,yes,yes,620.0,630.0,345.0,55.3,6.4,54.1,909.4,51.5,289.4,1.6,0.3,59.7
2024-11-05_023LL,2024,ON_RBC,217.9,resplit,yes,yes,620.0,630.0,322.2,49.5,5.7,48.3,979.2,49.1,359.2,1.5,0.3,56.0
2024-11-13_025JC,2024,ON_RBC,218.0,resplit,yes,yes,620.0,630.0,304.5,51.5,2.0,50.4,981.2,18.2,361.2,1.8,0.7,42.1
2024-11-18_026CH,2024,ON_RBC,218.1,resplit,yes,yes,620.0,630.0,301.2,63.3,10.7,62.2,876.2,98.7,256.2,1.4,0.2,76.1
2024-11-26_050EH,2024,ON_RBC,217.0,resplit,yes,yes,620.0,630.0,350.7,47.7,7.4,46.4,965.0,58.6,345.0,1.4,0.2,58.0
2024-12-05_043AS,2024,ON_RBC,217.9,resplit,no,yes,620.0,630.0,356.0,59.4,2.9,58.1,868.8,22.6,248.8,1.0,0.2,55.5
2024-12-06_051VM,2024,ON_RBC,218.0,resplit,no,yes,620.0,630.0,350.1,47.6,4.2,46.3,966.4,33.3,346.4,1.0,0.2,71.3
2024-12-09_027JC,2024,ON_RBC,218.1,resplit,yes,yes,620.0,630.0,331.9,50.3,,49.1,962.3,,342.3,1.3,0.3,47.6
